[2026-08-14 14:44:51] This is codeql database create C:\Users\Moham\Downloads\FINALCLI\reports\codeql-db-javascript --language javascript --source-root C:\Users\Moham\Downloads\syndique --overwrite --codescanning-config C:\Users\Moham\Downloads\FINALCLI\reports\codeql_config.yml
[2026-08-14 14:44:51] Log file was started late.
[2026-08-14 14:44:51] [PROGRESS] database create> Initializing database at C:\Users\Moham\Downloads\FINALCLI\reports\codeql-db-javascript.
[2026-08-14 14:44:51] Running plumbing command: codeql database init --overwrite --codescanning-config=C:\Users\Moham\Downloads\FINALCLI\reports\codeql_config.yml --language=javascript --extractor-options-verbosity=1 --qlconfig-file=C:\Users\Moham\Downloads\FINALCLI\qlconfig.yml --source-root=C:\Users\Moham\Downloads\syndique --allow-missing-source-root=false --allow-already-existing -- C:\Users\Moham\Downloads\FINALCLI\reports\codeql-db-javascript
[2026-08-14 14:44:51] Calling plumbing command: codeql resolve languages --extractor-options-verbosity=1 --format=betterjson
[2026-08-14 14:44:51] [DETAILS] resolve languages> Scanning for [codeql-extractor.yml] from C:\Users\Moham\Tools\codeql-cli\codeql\.codeqlmanifest.json
[2026-08-14 14:44:51] [DETAILS] resolve languages> Parsing C:\Users\Moham\Tools\codeql-cli\codeql\actions\codeql-extractor.yml.
[2026-08-14 14:44:51] [DETAILS] resolve languages> Parsing C:\Users\Moham\Tools\codeql-cli\codeql\cpp\codeql-extractor.yml.
[2026-08-14 14:44:51] [DETAILS] resolve languages> Parsing C:\Users\Moham\Tools\codeql-cli\codeql\csharp\codeql-extractor.yml.
[2026-08-14 14:44:51] [DETAILS] resolve languages> Parsing C:\Users\Moham\Tools\codeql-cli\codeql\csv\codeql-extractor.yml.
[2026-08-14 14:44:51] [DETAILS] resolve languages> Parsing C:\Users\Moham\Tools\codeql-cli\codeql\go\codeql-extractor.yml.
[2026-08-14 14:44:51] [DETAILS] resolve languages> Parsing C:\Users\Moham\Tools\codeql-cli\codeql\html\codeql-extractor.yml.
[2026-08-14 14:44:51] [DETAILS] resolve languages> Parsing C:\Users\Moham\Tools\codeql-cli\codeql\java\codeql-extractor.yml.
[2026-08-14 14:44:51] [DETAILS] resolve languages> Parsing C:\Users\Moham\Tools\codeql-cli\codeql\javascript\codeql-extractor.yml.
[2026-08-14 14:44:51] [DETAILS] resolve languages> Parsing C:\Users\Moham\Tools\codeql-cli\codeql\properties\codeql-extractor.yml.
[2026-08-14 14:44:51] [DETAILS] resolve languages> Parsing C:\Users\Moham\Tools\codeql-cli\codeql\python\codeql-extractor.yml.
[2026-08-14 14:44:51] [DETAILS] resolve languages> Parsing C:\Users\Moham\Tools\codeql-cli\codeql\ruby\codeql-extractor.yml.
[2026-08-14 14:44:51] [DETAILS] resolve languages> Parsing C:\Users\Moham\Tools\codeql-cli\codeql\rust\codeql-extractor.yml.
[2026-08-14 14:44:51] [DETAILS] resolve languages> Parsing C:\Users\Moham\Tools\codeql-cli\codeql\swift\codeql-extractor.yml.
[2026-08-14 14:44:51] [DETAILS] resolve languages> Parsing C:\Users\Moham\Tools\codeql-cli\codeql\xml\codeql-extractor.yml.
[2026-08-14 14:44:51] [DETAILS] resolve languages> Parsing C:\Users\Moham\Tools\codeql-cli\codeql\yaml\codeql-extractor.yml.
[2026-08-14 14:44:51] Plumbing command codeql resolve languages completed:
                      {
                        "aliases" : {
                          "c" : "cpp",
                          "c++" : "cpp",
                          "c-c++" : "cpp",
                          "c-cpp" : "cpp",
                          "c#" : "csharp",
                          "java-kotlin" : "java",
                          "kotlin" : "java",
                          "javascript-typescript" : "javascript",
                          "typescript" : "javascript"
                        },
                        "extractors" : {
                          "actions" : [
                            {
                              "extractor_root" : "C:\\Users\\Moham\\Tools\\codeql-cli\\codeql\\actions",
                              "extractor_options" : { }
                            }
                          ],
                          "cpp" : [
                            {
                              "extractor_root" : "C:\\Users\\Moham\\Tools\\codeql-cli\\codeql\\cpp",
                              "extractor_options" : {
                                "scale_timeouts" : {
                                  "title" : "Value to scale compiler introspection timeouts with",
                                  "description" : "The extractor attempts to determine what compiler the source code being extracted is compiled with. To this end the extractor makes additional calls to the compiler, some of which are expected to return within a certain fixed time (either 10s or 15s). On some systems that are under high load this time might be too short, and can be scaled up using this option.\n",
                                  "type" : "string",
                                  "pattern" : "[0-9]+"
                                },
                                "log_verbosity" : {
                                  "title" : "Verbosity of the extractor logging",
                                  "description" : "Set the verbosity of the extractor logging to 'quiet' (0), 'normal' (1), 'chatty' (2), or 'noisy' (3). The default is 'normal'.\n",
                                  "type" : "string",
                                  "pattern" : "[0-3]"
                                }
                              }
                            }
                          ],
                          "csharp" : [
                            {
                              "extractor_root" : "C:\\Users\\Moham\\Tools\\codeql-cli\\codeql\\csharp",
                              "extractor_options" : {
                                "trap" : {
                                  "title" : "Options pertaining to TRAP.",
                                  "description" : "Options pertaining to TRAP.",
                                  "type" : "object",
                                  "properties" : {
                                    "compression" : {
                                      "title" : "Controls compression for the TRAP files written by the extractor.",
                                      "description" : "This option is only intended for use in debugging the extractor. Accepted values are 'brotli' (the default, to write brotli-compressed TRAP), 'gzip', and 'none' (to write uncompressed TRAP).\n",
                                      "type" : "string",
                                      "pattern" : "^(none|gzip|brotli)$"
                                    }
                                  }
                                },
                                "buildless" : {
                                  "title" : "DEPRECATED - Whether to use buildless (standalone) extraction.",
                                  "description" : "DEPRECATED: Use `--build-mode none` instead.\nA value indicating, which type of extraction the autobuilder should perform. If 'true', then the standalone extractor will be used, otherwise tracing extraction will be performed. The default is 'false'. Note that buildless extraction will generally yield less accurate analysis results, and should only be used in cases where it is not possible to build the code (for example if it uses inaccessible dependencies).\n",
                                  "type" : "string",
                                  "pattern" : "^(false|true)$"
                                },
                                "logging" : {
                                  "title" : "Options pertaining to logging.",
                                  "description" : "Options pertaining to logging.",
                                  "type" : "object",
                                  "properties" : {
                                    "verbosity" : {
                                      "title" : "Extractor logging verbosity level.",
                                      "description" : "Controls the level of verbosity of the extractor. The supported levels are (in order of increasing verbosity):\n  - off\n  - errors\n  - warnings\n  - info or progress\n  - debug or progress+\n  - trace or progress++\n  - progress+++\n",
                                      "type" : "string",
                                      "pattern" : "^(off|errors|warnings|(info|progress)|(debug|progress\\+)|(trace|progress\\+\\+)|progress\\+\\+\\+)$"
                                    }
                                  }
                                },
                                "binlog" : {
                                  "title" : "Binlog",
                                  "description" : "[EXPERIMENTAL] The value is a path to the MsBuild binary log file that should be extracted. This option only works when `--build-mode none` is also specified.\n",
                                  "type" : "array"
                                },
                                "buildless_dependency_dir" : {
                                  "title" : "The path where buildless (standalone) extraction should keep dependencies.",
                                  "description" : "If set, the buildless (standalone) extractor will store dependencies in this directory.\n",
                                  "type" : "string"
                                }
                              }
                            }
                          ],
                          "csv" : [
                            {
                              "extractor_root" : "C:\\Users\\Moham\\Tools\\codeql-cli\\codeql\\csv"
                            }
                          ],
                          "go" : [
                            {
                              "extractor_root" : "C:\\Users\\Moham\\Tools\\codeql-cli\\codeql\\go",
                              "extractor_options" : {
                                "extract_tests" : {
                                  "title" : "Whether to include Go test files in the CodeQL database.",
                                  "description" : "A value indicating whether Go test files should be included in the CodeQL database. The default is 'false'.\n",
                                  "type" : "string",
                                  "pattern" : "^(false|true)$"
                                },
                                "extract_vendor_dirs" : {
                                  "title" : "Whether to include Go vendor directories in the CodeQL database.",
                                  "description" : "A value indicating whether Go vendor directories should be included in the CodeQL database. The default is 'false'.\n",
                                  "type" : "string",
                                  "pattern" : "^(false|true)$"
                                }
                              }
                            }
                          ],
                          "html" : [
                            {
                              "extractor_root" : "C:\\Users\\Moham\\Tools\\codeql-cli\\codeql\\html"
                            }
                          ],
                          "java" : [
                            {
                              "extractor_root" : "C:\\Users\\Moham\\Tools\\codeql-cli\\codeql\\java",
                              "extractor_options" : {
                                "exclude" : {
                                  "title" : "A glob excluding files from analysis.",
                                  "description" : "A glob indicating what files to exclude from the analysis. This accepts glob patterns that are supported by Java's 'getPathMatcher' implementation.\n",
                                  "type" : "string"
                                },
                                "add_prefer_source" : {
                                  "title" : "Whether to always prefer source files over class files.",
                                  "description" : "A value indicating whether source files should be preferred over class files. If set to 'true', the extraction adds '-Xprefer:source' to the javac command line. If set to 'false', the extraction uses the default javac behavior ('-Xprefer:newer'). The default is 'true'.\n",
                                  "type" : "string",
                                  "pattern" : "^(false|true)$"
                                },
                                "buildless" : {
                                  "title" : "Whether to use buildless (standalone) extraction (experimental).",
                                  "description" : "A value indicating, which type of extraction the autobuilder should perform. If 'true', then the standalone extractor will be used, otherwise tracing extraction will be performed. The default is 'false'. Note that buildless extraction will generally yield less accurate analysis results, and should only be used in cases where it is not possible to build the code (for example if it uses inaccessible dependencies).\n",
                                  "type" : "string",
                                  "pattern" : "^(false|true)$"
                                },
                                "buildless_dependency_dir" : {
                                  "title" : "The path where buildless (standalone) extraction should keep dependencies.",
                                  "description" : "If set, the buildless (standalone) extractor will store dependencies in this directory.\n",
                                  "type" : "string"
                                },
                                "minimize_dependency_jars" : {
                                  "title" : "Whether to rewrite and minimize downloaded JAR dependencies (experimental).",
                                  "description" : "If 'true', JAR dependencies downloaded during extraction will be rewritten to remove unneeded data, such as method bodies. The default is 'false'.\n",
                                  "type" : "string",
                                  "pattern" : "^(false|true)$"
                                }
                              }
                            }
                          ],
                          "javascript" : [
                            {
                              "extractor_root" : "C:\\Users\\Moham\\Tools\\codeql-cli\\codeql\\javascript",
                              "extractor_options" : {
                                "skip_types" : {
                                  "title" : "Skip type extraction for TypeScript",
                                  "description" : "Whether to skip the extraction of types in a TypeScript application",
                                  "type" : "string",
                                  "pattern" : "^(false|true)$"
                                }
                              }
                            }
                          ],
                          "properties" : [
                            {
                              "extractor_root" : "C:\\Users\\Moham\\Tools\\codeql-cli\\codeql\\properties"
                            }
                          ],
                          "python" : [
                            {
                              "extractor_root" : "C:\\Users\\Moham\\Tools\\codeql-cli\\codeql\\python",
                              "extractor_options" : {
                                "logging" : {
                                  "title" : "Options pertaining to logging.",
                                  "description" : "Options pertaining to logging.",
                                  "type" : "object",
                                  "properties" : {
                                    "verbosity" : {
                                      "title" : "Python extractor logging verbosity level.",
                                      "description" : "Controls the level of verbosity of the CodeQL Python extractor.\nThe supported levels are (in order of increasing verbosity):\n\n  - off\n  - errors\n  - warnings\n  - info or progress\n  - debug or progress+\n  - trace or progress++\n  - progress+++\n",
                                      "type" : "string",
                                      "pattern" : "^(off|errors|warnings|(info|progress)|(debug|progress\\+)|(trace|progress\\+\\+)|progress\\+\\+\\+)$"
                                    }
                                  }
                                },
                                "python_executable_name" : {
                                  "title" : "Controls the name of the Python executable used by the Python extractor.",
                                  "description" : "The Python extractor uses platform-dependent heuristics to determine the name of the Python executable to use. Specifying a value for this option overrides the name of the Python executable used by the extractor. Accepted values are py, python and python3. Use this setting with caution, the Python extractor requires Python 3 to run.\n",
                                  "type" : "string",
                                  "pattern" : "^(py|python|python3)$"
                                }
                              }
                            }
                          ],
                          "ruby" : [
                            {
                              "extractor_root" : "C:\\Users\\Moham\\Tools\\codeql-cli\\codeql\\ruby",
                              "extractor_options" : {
                                "trap" : {
                                  "title" : "Options pertaining to TRAP.",
                                  "description" : "Options pertaining to TRAP.",
                                  "type" : "object",
                                  "properties" : {
                                    "compression" : {
                                      "title" : "Controls compression for the TRAP files written by the extractor.",
                                      "description" : "This option is only intended for use in debugging the extractor. Accepted values are 'gzip' (the default, to write gzip-compressed TRAP) 'zstd' (to write Zstandard-compressed TRAP) and 'none' (to write uncompressed TRAP).\n",
                                      "type" : "string",
                                      "pattern" : "^(none|gzip|zstd)$"
                                    }
                                  }
                                }
                              }
                            }
                          ],
                          "rust" : [
                            {
                              "extractor_root" : "C:\\Users\\Moham\\Tools\\codeql-cli\\codeql\\rust",
                              "extractor_options" : {
                                "trap" : {
                                  "title" : "Options pertaining to TRAP.",
                                  "description" : "Options pertaining to TRAP.",
                                  "type" : "object",
                                  "properties" : {
                                    "compression" : {
                                      "title" : "Controls compression for the TRAP files written by the extractor.",
                                      "description" : "This option is only intended for use in debugging the extractor. Accepted values are 'gzip' (to write gzip-compressed TRAP) 'zstd' (to write Zstandard-compressed TRAP) and 'none' (the default, to write uncompressed TRAP).\n",
                                      "type" : "string",
                                      "pattern" : "^(none|gzip|zstd)$"
                                    }
                                  }
                                },
                                "cargo_target_dir" : {
                                  "title" : "Directory to use for cargo output files.",
                                  "description" : "This value is an optional path to use as `CARGO_TARGET_DIR` for the internal cargo commands the extractor uses. Pointing it to a persistent directory may reduce execution time of consecutive extractor runs. By default, a new scratch directory is used for each run.\n",
                                  "type" : "string"
                                },
                                "cargo_target" : {
                                  "title" : "Target architecture",
                                  "description" : "Target architecture to use for analysis, analogous to `cargo --target`. By default the host architecture is used.\n",
                                  "type" : "string"
                                },
                                "cargo_features" : {
                                  "title" : "Cargo features to turn on",
                                  "description" : "Comma-separated list of features to turn on. By default all features are enabled. If any features are specified, then only those features are enabled. The `default` feature must be explicitly specified if only default features are desired. Can be repeated.\n",
                                  "type" : "array"
                                },
                                "cargo_cfg_overrides" : {
                                  "title" : "Cargo cfg overrides",
                                  "description" : "Comma-separated list of cfg settings to enable, or disable if prefixed with `-`. Can be repeated.\n",
                                  "type" : "array"
                                },
                                "logging" : {
                                  "title" : "Options pertaining to logging.",
                                  "description" : "Options pertaining to logging.",
                                  "type" : "object",
                                  "properties" : {
                                    "verbosity" : {
                                      "title" : "Extractor logging verbosity level.",
                                      "description" : "Controls the level of verbosity of the extractor. The supported levels are (in order of increasing verbosity):\n  - off\n  - errors\n  - warnings\n  - info or progress\n  - debug or progress+\n  - trace or progress++\n  - progress+++\n",
                                      "type" : "string",
                                      "pattern" : "^(off|errors|warnings|(info|progress)|(debug|progress\\+)|(trace|progress\\+\\+)|progress\\+\\+\\+)$"
                                    },
                                    "flamegraph" : {
                                      "title" : "[Experimental] File path for write flame graph log",
                                      "description" : "Collect flame graph data using the `tracing-flame` crate. To render a flame graph or chart, run the `inferno-flamegraph` command. See also: https://crates.io/crates/tracing-flame\n",
                                      "type" : "string"
                                    }
                                  }
                                },
                                "extract_dependencies_as_source" : {
                                  "title" : "Extract dependencies as source code",
                                  "description" : "Extract the full source code of dependencies instead of only extracting signatures.\n",
                                  "type" : "string",
                                  "pattern" : "^(false|true)$"
                                }
                              }
                            }
                          ],
                          "swift" : [
                            {
                              "extractor_root" : "C:\\Users\\Moham\\Tools\\codeql-cli\\codeql\\swift"
                            }
                          ],
                          "xml" : [
                            {
                              "extractor_root" : "C:\\Users\\Moham\\Tools\\codeql-cli\\codeql\\xml"
                            }
                          ],
                          "yaml" : [
                            {
                              "extractor_root" : "C:\\Users\\Moham\\Tools\\codeql-cli\\codeql\\yaml"
                            }
                          ]
                        }
                      }
[2026-08-14 14:44:51] Calling plumbing command: codeql database process-config --source-root C:\Users\Moham\Downloads\syndique --overwrite --codescanning-config=C:\Users\Moham\Downloads\FINALCLI\reports\codeql_config.yml --language=javascript --extractor-options-verbosity=1 --qlconfig-file=C:\Users\Moham\Downloads\FINALCLI\qlconfig.yml C:\Users\Moham\Downloads\FINALCLI\reports\codeql-db-javascript
[2026-08-14 14:44:51] Calling plumbing command: codeql resolve languages --format=betterjson
[2026-08-14 14:44:51] [DETAILS] resolve languages> Scanning for [codeql-extractor.yml] from C:\Users\Moham\Tools\codeql-cli\codeql\.codeqlmanifest.json
[2026-08-14 14:44:51] [DETAILS] resolve languages> Parsing C:\Users\Moham\Tools\codeql-cli\codeql\actions\codeql-extractor.yml.
[2026-08-14 14:44:52] [DETAILS] resolve languages> Parsing C:\Users\Moham\Tools\codeql-cli\codeql\cpp\codeql-extractor.yml.
[2026-08-14 14:44:52] [DETAILS] resolve languages> Parsing C:\Users\Moham\Tools\codeql-cli\codeql\csharp\codeql-extractor.yml.
[2026-08-14 14:44:52] [DETAILS] resolve languages> Parsing C:\Users\Moham\Tools\codeql-cli\codeql\csv\codeql-extractor.yml.
[2026-08-14 14:44:52] [DETAILS] resolve languages> Parsing C:\Users\Moham\Tools\codeql-cli\codeql\go\codeql-extractor.yml.
[2026-08-14 14:44:52] [DETAILS] resolve languages> Parsing C:\Users\Moham\Tools\codeql-cli\codeql\html\codeql-extractor.yml.
[2026-08-14 14:44:52] [DETAILS] resolve languages> Parsing C:\Users\Moham\Tools\codeql-cli\codeql\java\codeql-extractor.yml.
[2026-08-14 14:44:52] [DETAILS] resolve languages> Parsing C:\Users\Moham\Tools\codeql-cli\codeql\javascript\codeql-extractor.yml.
[2026-08-14 14:44:52] [DETAILS] resolve languages> Parsing C:\Users\Moham\Tools\codeql-cli\codeql\properties\codeql-extractor.yml.
[2026-08-14 14:44:52] [DETAILS] resolve languages> Parsing C:\Users\Moham\Tools\codeql-cli\codeql\python\codeql-extractor.yml.
[2026-08-14 14:44:52] [DETAILS] resolve languages> Parsing C:\Users\Moham\Tools\codeql-cli\codeql\ruby\codeql-extractor.yml.
[2026-08-14 14:44:52] [DETAILS] resolve languages> Parsing C:\Users\Moham\Tools\codeql-cli\codeql\rust\codeql-extractor.yml.
[2026-08-14 14:44:52] [DETAILS] resolve languages> Parsing C:\Users\Moham\Tools\codeql-cli\codeql\swift\codeql-extractor.yml.
[2026-08-14 14:44:52] [DETAILS] resolve languages> Parsing C:\Users\Moham\Tools\codeql-cli\codeql\xml\codeql-extractor.yml.
[2026-08-14 14:44:52] [DETAILS] resolve languages> Parsing C:\Users\Moham\Tools\codeql-cli\codeql\yaml\codeql-extractor.yml.
[2026-08-14 14:44:52] Plumbing command codeql resolve languages completed:
                      {
                        "aliases" : {
                          "c" : "cpp",
                          "c++" : "cpp",
                          "c-c++" : "cpp",
                          "c-cpp" : "cpp",
                          "c#" : "csharp",
                          "java-kotlin" : "java",
                          "kotlin" : "java",
                          "javascript-typescript" : "javascript",
                          "typescript" : "javascript"
                        },
                        "extractors" : {
                          "actions" : [
                            {
                              "extractor_root" : "C:\\Users\\Moham\\Tools\\codeql-cli\\codeql\\actions",
                              "extractor_options" : { }
                            }
                          ],
                          "cpp" : [
                            {
                              "extractor_root" : "C:\\Users\\Moham\\Tools\\codeql-cli\\codeql\\cpp",
                              "extractor_options" : {
                                "scale_timeouts" : {
                                  "title" : "Value to scale compiler introspection timeouts with",
                                  "description" : "The extractor attempts to determine what compiler the source code being extracted is compiled with. To this end the extractor makes additional calls to the compiler, some of which are expected to return within a certain fixed time (either 10s or 15s). On some systems that are under high load this time might be too short, and can be scaled up using this option.\n",
                                  "type" : "string",
                                  "pattern" : "[0-9]+"
                                },
                                "log_verbosity" : {
                                  "title" : "Verbosity of the extractor logging",
                                  "description" : "Set the verbosity of the extractor logging to 'quiet' (0), 'normal' (1), 'chatty' (2), or 'noisy' (3). The default is 'normal'.\n",
                                  "type" : "string",
                                  "pattern" : "[0-3]"
                                }
                              }
                            }
                          ],
                          "csharp" : [
                            {
                              "extractor_root" : "C:\\Users\\Moham\\Tools\\codeql-cli\\codeql\\csharp",
                              "extractor_options" : {
                                "trap" : {
                                  "title" : "Options pertaining to TRAP.",
                                  "description" : "Options pertaining to TRAP.",
                                  "type" : "object",
                                  "properties" : {
                                    "compression" : {
                                      "title" : "Controls compression for the TRAP files written by the extractor.",
                                      "description" : "This option is only intended for use in debugging the extractor. Accepted values are 'brotli' (the default, to write brotli-compressed TRAP), 'gzip', and 'none' (to write uncompressed TRAP).\n",
                                      "type" : "string",
                                      "pattern" : "^(none|gzip|brotli)$"
                                    }
                                  }
                                },
                                "buildless" : {
                                  "title" : "DEPRECATED - Whether to use buildless (standalone) extraction.",
                                  "description" : "DEPRECATED: Use `--build-mode none` instead.\nA value indicating, which type of extraction the autobuilder should perform. If 'true', then the standalone extractor will be used, otherwise tracing extraction will be performed. The default is 'false'. Note that buildless extraction will generally yield less accurate analysis results, and should only be used in cases where it is not possible to build the code (for example if it uses inaccessible dependencies).\n",
                                  "type" : "string",
                                  "pattern" : "^(false|true)$"
                                },
                                "logging" : {
                                  "title" : "Options pertaining to logging.",
                                  "description" : "Options pertaining to logging.",
                                  "type" : "object",
                                  "properties" : {
                                    "verbosity" : {
                                      "title" : "Extractor logging verbosity level.",
                                      "description" : "Controls the level of verbosity of the extractor. The supported levels are (in order of increasing verbosity):\n  - off\n  - errors\n  - warnings\n  - info or progress\n  - debug or progress+\n  - trace or progress++\n  - progress+++\n",
                                      "type" : "string",
                                      "pattern" : "^(off|errors|warnings|(info|progress)|(debug|progress\\+)|(trace|progress\\+\\+)|progress\\+\\+\\+)$"
                                    }
                                  }
                                },
                                "binlog" : {
                                  "title" : "Binlog",
                                  "description" : "[EXPERIMENTAL] The value is a path to the MsBuild binary log file that should be extracted. This option only works when `--build-mode none` is also specified.\n",
                                  "type" : "array"
                                },
                                "buildless_dependency_dir" : {
                                  "title" : "The path where buildless (standalone) extraction should keep dependencies.",
                                  "description" : "If set, the buildless (standalone) extractor will store dependencies in this directory.\n",
                                  "type" : "string"
                                }
                              }
                            }
                          ],
                          "csv" : [
                            {
                              "extractor_root" : "C:\\Users\\Moham\\Tools\\codeql-cli\\codeql\\csv"
                            }
                          ],
                          "go" : [
                            {
                              "extractor_root" : "C:\\Users\\Moham\\Tools\\codeql-cli\\codeql\\go",
                              "extractor_options" : {
                                "extract_tests" : {
                                  "title" : "Whether to include Go test files in the CodeQL database.",
                                  "description" : "A value indicating whether Go test files should be included in the CodeQL database. The default is 'false'.\n",
                                  "type" : "string",
                                  "pattern" : "^(false|true)$"
                                },
                                "extract_vendor_dirs" : {
                                  "title" : "Whether to include Go vendor directories in the CodeQL database.",
                                  "description" : "A value indicating whether Go vendor directories should be included in the CodeQL database. The default is 'false'.\n",
                                  "type" : "string",
                                  "pattern" : "^(false|true)$"
                                }
                              }
                            }
                          ],
                          "html" : [
                            {
                              "extractor_root" : "C:\\Users\\Moham\\Tools\\codeql-cli\\codeql\\html"
                            }
                          ],
                          "java" : [
                            {
                              "extractor_root" : "C:\\Users\\Moham\\Tools\\codeql-cli\\codeql\\java",
                              "extractor_options" : {
                                "exclude" : {
                                  "title" : "A glob excluding files from analysis.",
                                  "description" : "A glob indicating what files to exclude from the analysis. This accepts glob patterns that are supported by Java's 'getPathMatcher' implementation.\n",
                                  "type" : "string"
                                },
                                "add_prefer_source" : {
                                  "title" : "Whether to always prefer source files over class files.",
                                  "description" : "A value indicating whether source files should be preferred over class files. If set to 'true', the extraction adds '-Xprefer:source' to the javac command line. If set to 'false', the extraction uses the default javac behavior ('-Xprefer:newer'). The default is 'true'.\n",
                                  "type" : "string",
                                  "pattern" : "^(false|true)$"
                                },
                                "buildless" : {
                                  "title" : "Whether to use buildless (standalone) extraction (experimental).",
                                  "description" : "A value indicating, which type of extraction the autobuilder should perform. If 'true', then the standalone extractor will be used, otherwise tracing extraction will be performed. The default is 'false'. Note that buildless extraction will generally yield less accurate analysis results, and should only be used in cases where it is not possible to build the code (for example if it uses inaccessible dependencies).\n",
                                  "type" : "string",
                                  "pattern" : "^(false|true)$"
                                },
                                "buildless_dependency_dir" : {
                                  "title" : "The path where buildless (standalone) extraction should keep dependencies.",
                                  "description" : "If set, the buildless (standalone) extractor will store dependencies in this directory.\n",
                                  "type" : "string"
                                },
                                "minimize_dependency_jars" : {
                                  "title" : "Whether to rewrite and minimize downloaded JAR dependencies (experimental).",
                                  "description" : "If 'true', JAR dependencies downloaded during extraction will be rewritten to remove unneeded data, such as method bodies. The default is 'false'.\n",
                                  "type" : "string",
                                  "pattern" : "^(false|true)$"
                                }
                              }
                            }
                          ],
                          "javascript" : [
                            {
                              "extractor_root" : "C:\\Users\\Moham\\Tools\\codeql-cli\\codeql\\javascript",
                              "extractor_options" : {
                                "skip_types" : {
                                  "title" : "Skip type extraction for TypeScript",
                                  "description" : "Whether to skip the extraction of types in a TypeScript application",
                                  "type" : "string",
                                  "pattern" : "^(false|true)$"
                                }
                              }
                            }
                          ],
                          "properties" : [
                            {
                              "extractor_root" : "C:\\Users\\Moham\\Tools\\codeql-cli\\codeql\\properties"
                            }
                          ],
                          "python" : [
                            {
                              "extractor_root" : "C:\\Users\\Moham\\Tools\\codeql-cli\\codeql\\python",
                              "extractor_options" : {
                                "logging" : {
                                  "title" : "Options pertaining to logging.",
                                  "description" : "Options pertaining to logging.",
                                  "type" : "object",
                                  "properties" : {
                                    "verbosity" : {
                                      "title" : "Python extractor logging verbosity level.",
                                      "description" : "Controls the level of verbosity of the CodeQL Python extractor.\nThe supported levels are (in order of increasing verbosity):\n\n  - off\n  - errors\n  - warnings\n  - info or progress\n  - debug or progress+\n  - trace or progress++\n  - progress+++\n",
                                      "type" : "string",
                                      "pattern" : "^(off|errors|warnings|(info|progress)|(debug|progress\\+)|(trace|progress\\+\\+)|progress\\+\\+\\+)$"
                                    }
                                  }
                                },
                                "python_executable_name" : {
                                  "title" : "Controls the name of the Python executable used by the Python extractor.",
                                  "description" : "The Python extractor uses platform-dependent heuristics to determine the name of the Python executable to use. Specifying a value for this option overrides the name of the Python executable used by the extractor. Accepted values are py, python and python3. Use this setting with caution, the Python extractor requires Python 3 to run.\n",
                                  "type" : "string",
                                  "pattern" : "^(py|python|python3)$"
                                }
                              }
                            }
                          ],
                          "ruby" : [
                            {
                              "extractor_root" : "C:\\Users\\Moham\\Tools\\codeql-cli\\codeql\\ruby",
                              "extractor_options" : {
                                "trap" : {
                                  "title" : "Options pertaining to TRAP.",
                                  "description" : "Options pertaining to TRAP.",
                                  "type" : "object",
                                  "properties" : {
                                    "compression" : {
                                      "title" : "Controls compression for the TRAP files written by the extractor.",
                                      "description" : "This option is only intended for use in debugging the extractor. Accepted values are 'gzip' (the default, to write gzip-compressed TRAP) 'zstd' (to write Zstandard-compressed TRAP) and 'none' (to write uncompressed TRAP).\n",
                                      "type" : "string",
                                      "pattern" : "^(none|gzip|zstd)$"
                                    }
                                  }
                                }
                              }
                            }
                          ],
                          "rust" : [
                            {
                              "extractor_root" : "C:\\Users\\Moham\\Tools\\codeql-cli\\codeql\\rust",
                              "extractor_options" : {
                                "trap" : {
                                  "title" : "Options pertaining to TRAP.",
                                  "description" : "Options pertaining to TRAP.",
                                  "type" : "object",
                                  "properties" : {
                                    "compression" : {
                                      "title" : "Controls compression for the TRAP files written by the extractor.",
                                      "description" : "This option is only intended for use in debugging the extractor. Accepted values are 'gzip' (to write gzip-compressed TRAP) 'zstd' (to write Zstandard-compressed TRAP) and 'none' (the default, to write uncompressed TRAP).\n",
                                      "type" : "string",
                                      "pattern" : "^(none|gzip|zstd)$"
                                    }
                                  }
                                },
                                "cargo_target_dir" : {
                                  "title" : "Directory to use for cargo output files.",
                                  "description" : "This value is an optional path to use as `CARGO_TARGET_DIR` for the internal cargo commands the extractor uses. Pointing it to a persistent directory may reduce execution time of consecutive extractor runs. By default, a new scratch directory is used for each run.\n",
                                  "type" : "string"
                                },
                                "cargo_target" : {
                                  "title" : "Target architecture",
                                  "description" : "Target architecture to use for analysis, analogous to `cargo --target`. By default the host architecture is used.\n",
                                  "type" : "string"
                                },
                                "cargo_features" : {
                                  "title" : "Cargo features to turn on",
                                  "description" : "Comma-separated list of features to turn on. By default all features are enabled. If any features are specified, then only those features are enabled. The `default` feature must be explicitly specified if only default features are desired. Can be repeated.\n",
                                  "type" : "array"
                                },
                                "cargo_cfg_overrides" : {
                                  "title" : "Cargo cfg overrides",
                                  "description" : "Comma-separated list of cfg settings to enable, or disable if prefixed with `-`. Can be repeated.\n",
                                  "type" : "array"
                                },
                                "logging" : {
                                  "title" : "Options pertaining to logging.",
                                  "description" : "Options pertaining to logging.",
                                  "type" : "object",
                                  "properties" : {
                                    "verbosity" : {
                                      "title" : "Extractor logging verbosity level.",
                                      "description" : "Controls the level of verbosity of the extractor. The supported levels are (in order of increasing verbosity):\n  - off\n  - errors\n  - warnings\n  - info or progress\n  - debug or progress+\n  - trace or progress++\n  - progress+++\n",
                                      "type" : "string",
                                      "pattern" : "^(off|errors|warnings|(info|progress)|(debug|progress\\+)|(trace|progress\\+\\+)|progress\\+\\+\\+)$"
                                    },
                                    "flamegraph" : {
                                      "title" : "[Experimental] File path for write flame graph log",
                                      "description" : "Collect flame graph data using the `tracing-flame` crate. To render a flame graph or chart, run the `inferno-flamegraph` command. See also: https://crates.io/crates/tracing-flame\n",
                                      "type" : "string"
                                    }
                                  }
                                },
                                "extract_dependencies_as_source" : {
                                  "title" : "Extract dependencies as source code",
                                  "description" : "Extract the full source code of dependencies instead of only extracting signatures.\n",
                                  "type" : "string",
                                  "pattern" : "^(false|true)$"
                                }
                              }
                            }
                          ],
                          "swift" : [
                            {
                              "extractor_root" : "C:\\Users\\Moham\\Tools\\codeql-cli\\codeql\\swift"
                            }
                          ],
                          "xml" : [
                            {
                              "extractor_root" : "C:\\Users\\Moham\\Tools\\codeql-cli\\codeql\\xml"
                            }
                          ],
                          "yaml" : [
                            {
                              "extractor_root" : "C:\\Users\\Moham\\Tools\\codeql-cli\\codeql\\yaml"
                            }
                          ]
                        }
                      }
[2026-08-14 14:44:52] [SPAMMY] database process-config> Downloading packs: codeql/javascript-queries
[2026-08-14 14:44:52] Running plumbing command: codeql pack download --qlconfig-file=C:\Users\Moham\Downloads\FINALCLI\qlconfig.yml codeql/javascript-queries
[2026-08-14 14:44:52] [PROGRESS] pack download> Package specifications to check for download: codeql/javascript-queries
[2026-08-14 14:44:52] Calling plumbing command: codeql resolve queries --qlconfig-file=C:\Users\Moham\Downloads\FINALCLI\qlconfig.yml --format installedpacks codeql/javascript-queries
[2026-08-14 14:44:52] [PROGRESS] resolve queries> Recording pack reference codeql/javascript-queries at C:\Users\Moham\.codeql\packages\codeql\javascript-queries\2.4.3.
[2026-08-14 14:44:52] Plumbing command codeql resolve queries completed:
                      {
                        "installedPacks" : [
                          "codeql/javascript-queries@latest"
                        ]
                      }
[2026-08-14 14:44:52] [DETAILS] pack download> Packaging> Requesting package versions of codeql/javascript-queries from https://ghcr.io/v2/codeql/javascript-queries/tags/list?n=100
[2026-08-14 14:44:52] [DETAILS] pack download> Packaging> GET Anonymous credentials 'https://ghcr.io/token?scope=repository:codeql/javascript-queries:pull'
[2026-08-14 14:44:58] [DETAILS] pack download> Packaging> RESPONSE 'HTTP/1.1 200 OK'
[2026-08-14 14:44:58] [DETAILS] pack download> Packaging> Requesting package versions of codeql/javascript-queries from https://ghcr.io/v2/codeql/javascript-queries/tags/list?n=100&last=2.2.2
[2026-08-14 14:45:01] [PROGRESS] pack download> Did not need to download any packs.
[2026-08-14 14:45:01] Plumbing command codeql pack download completed.
[2026-08-14 14:45:01] Calling plumbing command: codeql resolve queries --format bylanguage --qlconfig-file=C:\Users\Moham\Downloads\FINALCLI\qlconfig.yml codeql/javascript-queries
[2026-08-14 14:45:01] [PROGRESS] resolve queries> Recording pack reference codeql/javascript-queries at C:\Users\Moham\.codeql\packages\codeql\javascript-queries\2.4.3.
[2026-08-14 14:45:01] [SPAMMIER] resolve queries> Resolution instruction: qlpack codeql/javascript-queries
[2026-08-14 14:45:01] [SPAMMY] resolve queries> Resolving default query suite of codeql/javascript-queries.
[2026-08-14 14:45:01] [SPAMMY] resolve queries> Suite description = Standard Code Scanning queries for JavaScript
[2026-08-14 14:45:01] [SPAMMIER] resolve queries> Resolution instruction: queries '.'.
[2026-08-14 14:45:01] [SPAMMY] resolve queries> Scanning for QL files at C:\Users\Moham\.codeql\packages\codeql\javascript-queries\2.4.3.
[2026-08-14 14:45:01] [SPAMMY] resolve queries> Not recursing into codeql binaries directory C:\Users\Moham\.codeql\packages\codeql\javascript-queries\2.4.3\.codeql.
[2026-08-14 14:45:01] [SPAMMY] resolve queries> Found 352 QL files in C:\Users\Moham\.codeql\packages\codeql\javascript-queries\2.4.3.
[2026-08-14 14:45:01] [SPAMMIER] resolve queries> Resolution instruction: apply 'code-scanning-selectors.yml'.
[2026-08-14 14:45:01] [INCOMPATIBILITY] codeql/javascript-queries: not 2.4.3 {root: codeql/javascript-queries@2.4.3}
[2026-08-14 14:45:01] [DERIVATION] codeql/javascript-queries: 2.4.3 {codeql/javascript-queries: not 2.4.3 {root: codeql/javascript-queries@2.4.3}}
[2026-08-14 14:45:01] [INCOMPATIBILITY] codeql/javascript-queries: * [*], codeql/javascript-all: not * [*] {dependency: codeql/javascript-queries@* [*] requires codeql/javascript-all@2.9.0}
[2026-08-14 14:45:01] [INCOMPATIBILITY] codeql/javascript-queries: * [*], codeql/suite-helpers: not * [*] {dependency: codeql/javascript-queries@* [*] requires codeql/suite-helpers@1.0.55}
[2026-08-14 14:45:01] [INCOMPATIBILITY] codeql/javascript-queries: * [*], codeql/typos: not * [*] {dependency: codeql/javascript-queries@* [*] requires codeql/typos@1.0.55}
[2026-08-14 14:45:01] [INCOMPATIBILITY] codeql/javascript-queries: * [*], codeql/util: not * [*] {dependency: codeql/javascript-queries@* [*] requires codeql/util@2.0.42}
[2026-08-14 14:45:01] [DECISION 1] codeql/javascript-queries: 2.4.3
[2026-08-14 14:45:01] [DERIVATION] codeql/util: * [*] {codeql/javascript-queries: * [*], codeql/util: not * [*] {dependency: codeql/javascript-queries@* [*] requires codeql/util@2.0.42}}
[2026-08-14 14:45:01] [DERIVATION] codeql/typos: * [*] {codeql/javascript-queries: * [*], codeql/typos: not * [*] {dependency: codeql/javascript-queries@* [*] requires codeql/typos@1.0.55}}
[2026-08-14 14:45:01] [DERIVATION] codeql/suite-helpers: * [*] {codeql/javascript-queries: * [*], codeql/suite-helpers: not * [*] {dependency: codeql/javascript-queries@* [*] requires codeql/suite-helpers@1.0.55}}
[2026-08-14 14:45:01] [DERIVATION] codeql/javascript-all: * [*] {codeql/javascript-queries: * [*], codeql/javascript-all: not * [*] {dependency: codeql/javascript-queries@* [*] requires codeql/javascript-all@2.9.0}}
[2026-08-14 14:45:01] [INCOMPATIBILITY] codeql/javascript-all: * [*], codeql/concepts: not * [*] {dependency: codeql/javascript-all@* [*] requires codeql/concepts@0.0.29}
[2026-08-14 14:45:01] [INCOMPATIBILITY] codeql/javascript-all: * [*], codeql/dataflow: not * [*] {dependency: codeql/javascript-all@* [*] requires codeql/dataflow@2.1.11}
[2026-08-14 14:45:01] [INCOMPATIBILITY] codeql/javascript-all: * [*], codeql/mad: not * [*] {dependency: codeql/javascript-all@* [*] requires codeql/mad@1.0.55}
[2026-08-14 14:45:01] [INCOMPATIBILITY] codeql/javascript-all: * [*], codeql/regex: not * [*] {dependency: codeql/javascript-all@* [*] requires codeql/regex@1.0.55}
[2026-08-14 14:45:01] [INCOMPATIBILITY] codeql/javascript-all: * [*], codeql/ssa: not * [*] {dependency: codeql/javascript-all@* [*] requires codeql/ssa@2.0.31}
[2026-08-14 14:45:01] [INCOMPATIBILITY] codeql/javascript-all: * [*], codeql/threat-models: not * [*] {dependency: codeql/javascript-all@* [*] requires codeql/threat-models@1.0.55}
[2026-08-14 14:45:01] [INCOMPATIBILITY] codeql/javascript-all: * [*], codeql/tutorial: not * [*] {dependency: codeql/javascript-all@* [*] requires codeql/tutorial@1.0.55}
[2026-08-14 14:45:01] [INCOMPATIBILITY] codeql/javascript-all: * [*], codeql/typetracking: not * [*] {dependency: codeql/javascript-all@* [*] requires codeql/typetracking@2.0.39}
[2026-08-14 14:45:01] [INCOMPATIBILITY] codeql/javascript-all: * [*], codeql/util: not * [*] {dependency: codeql/javascript-all@* [*] requires codeql/util@2.0.42}
[2026-08-14 14:45:01] [INCOMPATIBILITY] codeql/javascript-all: * [*], codeql/xml: not * [*] {dependency: codeql/javascript-all@* [*] requires codeql/xml@1.0.55}
[2026-08-14 14:45:01] [INCOMPATIBILITY] codeql/javascript-all: * [*], codeql/yaml: not * [*] {dependency: codeql/javascript-all@* [*] requires codeql/yaml@1.0.55}
[2026-08-14 14:45:01] [DECISION 2] codeql/javascript-all: 2.9.0
[2026-08-14 14:45:01] [DERIVATION] codeql/yaml: * [*] {codeql/javascript-all: * [*], codeql/yaml: not * [*] {dependency: codeql/javascript-all@* [*] requires codeql/yaml@1.0.55}}
[2026-08-14 14:45:01] [DERIVATION] codeql/xml: * [*] {codeql/javascript-all: * [*], codeql/xml: not * [*] {dependency: codeql/javascript-all@* [*] requires codeql/xml@1.0.55}}
[2026-08-14 14:45:01] [DERIVATION] codeql/typetracking: * [*] {codeql/javascript-all: * [*], codeql/typetracking: not * [*] {dependency: codeql/javascript-all@* [*] requires codeql/typetracking@2.0.39}}
[2026-08-14 14:45:01] [DERIVATION] codeql/tutorial: * [*] {codeql/javascript-all: * [*], codeql/tutorial: not * [*] {dependency: codeql/javascript-all@* [*] requires codeql/tutorial@1.0.55}}
[2026-08-14 14:45:01] [DERIVATION] codeql/threat-models: * [*] {codeql/javascript-all: * [*], codeql/threat-models: not * [*] {dependency: codeql/javascript-all@* [*] requires codeql/threat-models@1.0.55}}
[2026-08-14 14:45:01] [DERIVATION] codeql/ssa: * [*] {codeql/javascript-all: * [*], codeql/ssa: not * [*] {dependency: codeql/javascript-all@* [*] requires codeql/ssa@2.0.31}}
[2026-08-14 14:45:01] [DERIVATION] codeql/regex: * [*] {codeql/javascript-all: * [*], codeql/regex: not * [*] {dependency: codeql/javascript-all@* [*] requires codeql/regex@1.0.55}}
[2026-08-14 14:45:01] [DERIVATION] codeql/mad: * [*] {codeql/javascript-all: * [*], codeql/mad: not * [*] {dependency: codeql/javascript-all@* [*] requires codeql/mad@1.0.55}}
[2026-08-14 14:45:01] [DERIVATION] codeql/dataflow: * [*] {codeql/javascript-all: * [*], codeql/dataflow: not * [*] {dependency: codeql/javascript-all@* [*] requires codeql/dataflow@2.1.11}}
[2026-08-14 14:45:01] [DERIVATION] codeql/concepts: * [*] {codeql/javascript-all: * [*], codeql/concepts: not * [*] {dependency: codeql/javascript-all@* [*] requires codeql/concepts@0.0.29}}
[2026-08-14 14:45:01] [INCOMPATIBILITY] codeql/concepts: * [*], codeql/dataflow: not * [*] {dependency: codeql/concepts@* [*] requires codeql/dataflow@2.1.11}
[2026-08-14 14:45:01] [INCOMPATIBILITY] codeql/concepts: * [*], codeql/util: not * [*] {dependency: codeql/concepts@* [*] requires codeql/util@2.0.42}
[2026-08-14 14:45:01] [DECISION 3] codeql/concepts: 0.0.29
[2026-08-14 14:45:01] [INCOMPATIBILITY] codeql/dataflow: * [*], codeql/controlflow: not * [*] {dependency: codeql/dataflow@* [*] requires codeql/controlflow@2.0.39}
[2026-08-14 14:45:01] [INCOMPATIBILITY] codeql/dataflow: * [*], codeql/ssa: not * [*] {dependency: codeql/dataflow@* [*] requires codeql/ssa@2.0.31}
[2026-08-14 14:45:01] [INCOMPATIBILITY] codeql/dataflow: * [*], codeql/typetracking: not * [*] {dependency: codeql/dataflow@* [*] requires codeql/typetracking@2.0.39}
[2026-08-14 14:45:01] [INCOMPATIBILITY] codeql/dataflow: * [*], codeql/util: not * [*] {dependency: codeql/dataflow@* [*] requires codeql/util@2.0.42}
[2026-08-14 14:45:01] [DECISION 4] codeql/dataflow: 2.1.11
[2026-08-14 14:45:01] [DERIVATION] codeql/controlflow: * [*] {codeql/dataflow: * [*], codeql/controlflow: not * [*] {dependency: codeql/dataflow@* [*] requires codeql/controlflow@2.0.39}}
[2026-08-14 14:45:01] [INCOMPATIBILITY] codeql/controlflow: * [*], codeql/util: not * [*] {dependency: codeql/controlflow@* [*] requires codeql/util@2.0.42}
[2026-08-14 14:45:01] [DECISION 5] codeql/controlflow: 2.0.39
[2026-08-14 14:45:01] [INCOMPATIBILITY] codeql/mad: * [*], codeql/dataflow: not * [*] {dependency: codeql/mad@* [*] requires codeql/dataflow@2.1.11}
[2026-08-14 14:45:01] [INCOMPATIBILITY] codeql/mad: * [*], codeql/util: not * [*] {dependency: codeql/mad@* [*] requires codeql/util@2.0.42}
[2026-08-14 14:45:01] [DECISION 6] codeql/mad: 1.0.55
[2026-08-14 14:45:01] [INCOMPATIBILITY] codeql/regex: * [*], codeql/util: not * [*] {dependency: codeql/regex@* [*] requires codeql/util@2.0.42}
[2026-08-14 14:45:01] [DECISION 7] codeql/regex: 1.0.55
[2026-08-14 14:45:01] [INCOMPATIBILITY] codeql/ssa: * [*], codeql/controlflow: not * [*] {dependency: codeql/ssa@* [*] requires codeql/controlflow@2.0.39}
[2026-08-14 14:45:01] [INCOMPATIBILITY] codeql/ssa: * [*], codeql/util: not * [*] {dependency: codeql/ssa@* [*] requires codeql/util@2.0.42}
[2026-08-14 14:45:01] [DECISION 8] codeql/ssa: 2.0.31
[2026-08-14 14:45:01] [DECISION 9] codeql/suite-helpers: 1.0.55
[2026-08-14 14:45:01] [DECISION 10] codeql/threat-models: 1.0.55
[2026-08-14 14:45:01] [DECISION 11] codeql/tutorial: 1.0.55
[2026-08-14 14:45:01] [INCOMPATIBILITY] codeql/typetracking: * [*], codeql/util: not * [*] {dependency: codeql/typetracking@* [*] requires codeql/util@2.0.42}
[2026-08-14 14:45:01] [DECISION 12] codeql/typetracking: 2.0.39
[2026-08-14 14:45:01] [DECISION 13] codeql/typos: 1.0.55
[2026-08-14 14:45:01] [DECISION 14] codeql/util: 2.0.42
[2026-08-14 14:45:01] [INCOMPATIBILITY] codeql/xml: * [*], codeql/util: not * [*] {dependency: codeql/xml@* [*] requires codeql/util@2.0.42}
[2026-08-14 14:45:01] [DECISION 15] codeql/xml: 1.0.55
[2026-08-14 14:45:01] [DECISION 16] codeql/yaml: 1.0.55
[2026-08-14 14:45:01] [PROGRESS] resolve queries> Recording pack reference codeql/suite-helpers at C:\Users\Moham\.codeql\packages\codeql\javascript-queries\2.4.3\.codeql\libraries\codeql\suite-helpers\1.0.55.
[2026-08-14 14:45:01] [SPAMMY] resolve queries> Applying nested suite file C:\Users\Moham\.codeql\packages\codeql\javascript-queries\2.4.3\.codeql\libraries\codeql\suite-helpers\1.0.55\code-scanning-selectors.yml from codeql/suite-helpers.
[2026-08-14 14:45:01] [SPAMMY] resolve queries> Suite description = Selectors for selecting the Code-Scanning-relevant queries for a language
[2026-08-14 14:45:01] [SPAMMIER] resolve queries> Resolution instruction: include.
[2026-08-14 14:45:01] [SPAMMY] resolve queries> Query Filter: Implicitly candidating C:\Users\Moham\.codeql\packages\codeql\javascript-queries\2.4.3\AlertSuppression.ql.
[2026-08-14 14:45:01] [SPAMMY] resolve queries> Query Filter: Implicitly candidating C:\Users\Moham\.codeql\packages\codeql\javascript-queries\2.4.3\AngularJS\DeadAngularJSEventListener.ql.
[2026-08-14 14:45:01] [SPAMMY] resolve queries> Query Filter: Implicitly candidating C:\Users\Moham\.codeql\packages\codeql\javascript-queries\2.4.3\AngularJS\DependencyMismatch.ql.
[2026-08-14 14:45:01] [SPAMMY] resolve queries> Query Filter: Implicitly candidating C:\Users\Moham\.codeql\packages\codeql\javascript-queries\2.4.3\AngularJS\DisablingSce.ql.
[2026-08-14 14:45:01] [SPAMMY] resolve queries> Query Filter: Implicitly candidating C:\Users\Moham\.codeql\packages\codeql\javascript-queries\2.4.3\AngularJS\DoubleCompilation.ql.
[2026-08-14 14:45:01] [SPAMMY] resolve queries> Query Filter: Implicitly candidating C:\Users\Moham\.codeql\packages\codeql\javascript-queries\2.4.3\AngularJS\DuplicateDependency.ql.
[2026-08-14 14:45:01] [SPAMMY] resolve queries> Query Filter: Implicitly candidating C:\Users\Moham\.codeql\packages\codeql\javascript-queries\2.4.3\AngularJS\IncompatibleService.ql.
[2026-08-14 14:45:01] [SPAMMY] resolve queries> Query Filter: Implicitly candidating C:\Users\Moham\.codeql\packages\codeql\javascript-queries\2.4.3\AngularJS\InsecureUrlWhitelist.ql.
[2026-08-14 14:45:01] [SPAMMY] resolve queries> Query Filter: Implicitly candidating C:\Users\Moham\.codeql\packages\codeql\javascript-queries\2.4.3\AngularJS\MissingExplicitInjection.ql.
[2026-08-14 14:45:01] [SPAMMY] resolve queries> Query Filter: Implicitly candidating C:\Users\Moham\.codeql\packages\codeql\javascript-queries\2.4.3\AngularJS\RepeatedInjection.ql.
[2026-08-14 14:45:01] [SPAMMY] resolve queries> Query Filter: Implicitly candidating C:\Users\Moham\.codeql\packages\codeql\javascript-queries\2.4.3\AngularJS\UnusedAngularDependency.ql.
[2026-08-14 14:45:01] [SPAMMY] resolve queries> Query Filter: Implicitly candidating C:\Users\Moham\.codeql\packages\codeql\javascript-queries\2.4.3\AngularJS\UseNgSrc.ql.
[2026-08-14 14:45:01] [SPAMMY] resolve queries> Query Filter: Implicitly candidating C:\Users\Moham\.codeql\packages\codeql\javascript-queries\2.4.3\Comments\CommentedOutCode.ql.
[2026-08-14 14:45:01] [SPAMMY] resolve queries> Query Filter: Implicitly candidating C:\Users\Moham\.codeql\packages\codeql\javascript-queries\2.4.3\Comments\FCommentedOutCode.ql.
[2026-08-14 14:45:01] [SPAMMY] resolve queries> Query Filter: Implicitly candidating C:\Users\Moham\.codeql\packages\codeql\javascript-queries\2.4.3\Comments\TodoComments.ql.
[2026-08-14 14:45:01] [SPAMMY] resolve queries> Query Filter: Implicitly candidating C:\Users\Moham\.codeql\packages\codeql\javascript-queries\2.4.3\Declarations\ArgumentsRedefined.ql.
[2026-08-14 14:45:01] [SPAMMY] resolve queries> Query Filter: Implicitly candidating C:\Users\Moham\.codeql\packages\codeql\javascript-queries\2.4.3\Declarations\AssignmentToConst.ql.
[2026-08-14 14:45:01] [SPAMMY] resolve queries> Query Filter: Implicitly candidating C:\Users\Moham\.codeql\packages\codeql\javascript-queries\2.4.3\Declarations\ClobberingVarInit.ql.
[2026-08-14 14:45:01] [SPAMMY] resolve queries> Query Filter: Implicitly candidating C:\Users\Moham\.codeql\packages\codeql\javascript-queries\2.4.3\Declarations\ConflictingFunctions.ql.
[2026-08-14 14:45:01] [SPAMMY] resolve queries> Query Filter: Implicitly candidating C:\Users\Moham\.codeql\packages\codeql\javascript-queries\2.4.3\Declarations\DeadStoreOfGlobal.ql.
[2026-08-14 14:45:01] [SPAMMY] resolve queries> Query Filter: Implicitly candidating C:\Users\Moham\.codeql\packages\codeql\javascript-queries\2.4.3\Declarations\DeadStoreOfLocal.ql.
[2026-08-14 14:45:01] [SPAMMY] resolve queries> Query Filter: Implicitly candidating C:\Users\Moham\.codeql\packages\codeql\javascript-queries\2.4.3\Declarations\DeadStoreOfProperty.ql.
[2026-08-14 14:45:01] [SPAMMY] resolve queries> Query Filter: Implicitly candidating C:\Users\Moham\.codeql\packages\codeql\javascript-queries\2.4.3\Declarations\DeclBeforeUse.ql.
[2026-08-14 14:45:01] [SPAMMY] resolve queries> Query Filter: Implicitly candidating C:\Users\Moham\.codeql\packages\codeql\javascript-queries\2.4.3\Declarations\DefaultArgumentReferencesNestedFunction.ql.
[2026-08-14 14:45:01] [SPAMMY] resolve queries> Query Filter: Implicitly candidating C:\Users\Moham\.codeql\packages\codeql\javascript-queries\2.4.3\Declarations\DuplicateVarDecl.ql.
[2026-08-14 14:45:01] [SPAMMY] resolve queries> Query Filter: Implicitly candidating C:\Users\Moham\.codeql\packages\codeql\javascript-queries\2.4.3\Declarations\IneffectiveParameterType.ql.
[2026-08-14 14:45:01] [SPAMMY] resolve queries> Query Filter: Implicitly candidating C:\Users\Moham\.codeql\packages\codeql\javascript-queries\2.4.3\Declarations\MissingThisQualifier.ql.
[2026-08-14 14:45:01] [SPAMMY] resolve queries> Query Filter: Implicitly candidating C:\Users\Moham\.codeql\packages\codeql\javascript-queries\2.4.3\Declarations\MissingVarDecl.ql.
[2026-08-14 14:45:01] [SPAMMY] resolve queries> Query Filter: Implicitly candidating C:\Users\Moham\.codeql\packages\codeql\javascript-queries\2.4.3\Declarations\MixedStaticInstanceThisAccess.ql.
[2026-08-14 14:45:01] [SPAMMY] resolve queries> Query Filter: Implicitly candidating C:\Users\Moham\.codeql\packages\codeql\javascript-queries\2.4.3\Declarations\RedeclaredVariable.ql.
[2026-08-14 14:45:01] [SPAMMY] resolve queries> Query Filter: Implicitly candidating C:\Users\Moham\.codeql\packages\codeql\javascript-queries\2.4.3\Declarations\SuspiciousMethodNameDeclaration.ql.
[2026-08-14 14:45:01] [SPAMMY] resolve queries> Query Filter: Implicitly candidating C:\Users\Moham\.codeql\packages\codeql\javascript-queries\2.4.3\Declarations\TemporalDeadZone.ql.
[2026-08-14 14:45:01] [SPAMMY] resolve queries> Query Filter: Implicitly candidating C:\Users\Moham\.codeql\packages\codeql\javascript-queries\2.4.3\Declarations\TooManyParameters.ql.
[2026-08-14 14:45:01] [SPAMMY] resolve queries> Query Filter: Implicitly candidating C:\Users\Moham\.codeql\packages\codeql\javascript-queries\2.4.3\Declarations\UniqueParameterNames.ql.
[2026-08-14 14:45:01] [SPAMMY] resolve queries> Query Filter: Implicitly candidating C:\Users\Moham\.codeql\packages\codeql\javascript-queries\2.4.3\Declarations\UniquePropertyNames.ql.
[2026-08-14 14:45:01] [SPAMMY] resolve queries> Query Filter: Implicitly candidating C:\Users\Moham\.codeql\packages\codeql\javascript-queries\2.4.3\Declarations\UnreachableMethodOverloads.ql.
[2026-08-14 14:45:01] [SPAMMY] resolve queries> Query Filter: Implicitly candidating C:\Users\Moham\.codeql\packages\codeql\javascript-queries\2.4.3\Declarations\UnstableCyclicImport.ql.
[2026-08-14 14:45:01] [SPAMMY] resolve queries> Query Filter: Implicitly candidating C:\Users\Moham\.codeql\packages\codeql\javascript-queries\2.4.3\Declarations\UnusedParameter.ql.
[2026-08-14 14:45:01] [SPAMMY] resolve queries> Query Filter: Implicitly candidating C:\Users\Moham\.codeql\packages\codeql\javascript-queries\2.4.3\Declarations\UnusedProperty.ql.
[2026-08-14 14:45:01] [SPAMMY] resolve queries> Query Filter: Implicitly candidating C:\Users\Moham\.codeql\packages\codeql\javascript-queries\2.4.3\Declarations\UnusedVariable.ql.
[2026-08-14 14:45:01] [SPAMMY] resolve queries> Query Filter: Implicitly candidating C:\Users\Moham\.codeql\packages\codeql\javascript-queries\2.4.3\definitions.ql.
[2026-08-14 14:45:01] [SPAMMY] resolve queries> Query Filter: Implicitly candidating C:\Users\Moham\.codeql\packages\codeql\javascript-queries\2.4.3\Diagnostics\ExtractedFiles.ql.
[2026-08-14 14:45:01] [SPAMMY] resolve queries> Query Filter: Implicitly candidating C:\Users\Moham\.codeql\packages\codeql\javascript-queries\2.4.3\Diagnostics\ExtractionErrors.ql.
[2026-08-14 14:45:01] [SPAMMY] resolve queries> Query Filter: Implicitly candidating C:\Users\Moham\.codeql\packages\codeql\javascript-queries\2.4.3\DOM\Alert.ql.
[2026-08-14 14:45:01] [SPAMMY] resolve queries> Query Filter: Implicitly candidating C:\Users\Moham\.codeql\packages\codeql\javascript-queries\2.4.3\DOM\AmbiguousIdAttribute.ql.
[2026-08-14 14:45:01] [SPAMMY] resolve queries> Query Filter: Implicitly candidating C:\Users\Moham\.codeql\packages\codeql\javascript-queries\2.4.3\DOM\ConflictingAttributes.ql.
[2026-08-14 14:45:01] [SPAMMY] resolve queries> Query Filter: Implicitly candidating C:\Users\Moham\.codeql\packages\codeql\javascript-queries\2.4.3\DOM\DuplicateAttributes.ql.
[2026-08-14 14:45:01] [SPAMMY] resolve queries> Query Filter: Implicitly candidating C:\Users\Moham\.codeql\packages\codeql\javascript-queries\2.4.3\DOM\MalformedIdAttribute.ql.
[2026-08-14 14:45:01] [SPAMMY] resolve queries> Query Filter: Implicitly candidating C:\Users\Moham\.codeql\packages\codeql\javascript-queries\2.4.3\DOM\PseudoEval.ql.
[2026-08-14 14:45:01] [SPAMMY] resolve queries> Query Filter: Implicitly candidating C:\Users\Moham\.codeql\packages\codeql\javascript-queries\2.4.3\DOM\TargetBlank.ql.
[2026-08-14 14:45:01] [SPAMMY] resolve queries> Query Filter: Implicitly candidating C:\Users\Moham\.codeql\packages\codeql\javascript-queries\2.4.3\Electron\AllowRunningInsecureContent.ql.
[2026-08-14 14:45:01] [SPAMMY] resolve queries> Query Filter: Implicitly candidating C:\Users\Moham\.codeql\packages\codeql\javascript-queries\2.4.3\Electron\DisablingWebSecurity.ql.
[2026-08-14 14:45:01] [SPAMMY] resolve queries> Query Filter: Implicitly candidating C:\Users\Moham\.codeql\packages\codeql\javascript-queries\2.4.3\Electron\EnablingNodeIntegration.ql.
[2026-08-14 14:45:01] [SPAMMY] resolve queries> Query Filter: Implicitly candidating C:\Users\Moham\.codeql\packages\codeql\javascript-queries\2.4.3\experimental\heuristics\ql\src\Security\CWE-020\UntrustedDataToExternalAPI.ql.
[2026-08-14 14:45:01] [SPAMMY] resolve queries> Query Filter: Implicitly candidating C:\Users\Moham\.codeql\packages\codeql\javascript-queries\2.4.3\experimental\heuristics\ql\src\Security\CWE-078\CommandInjection.ql.
[2026-08-14 14:45:01] [SPAMMY] resolve queries> Query Filter: Implicitly candidating C:\Users\Moham\.codeql\packages\codeql\javascript-queries\2.4.3\experimental\heuristics\ql\src\Security\CWE-079\Xss.ql.
[2026-08-14 14:45:01] [SPAMMY] resolve queries> Query Filter: Implicitly candidating C:\Users\Moham\.codeql\packages\codeql\javascript-queries\2.4.3\experimental\heuristics\ql\src\Security\CWE-089\SqlInjection.ql.
[2026-08-14 14:45:01] [SPAMMY] resolve queries> Query Filter: Implicitly candidating C:\Users\Moham\.codeql\packages\codeql\javascript-queries\2.4.3\experimental\heuristics\ql\src\Security\CWE-094\CodeInjection.ql.
[2026-08-14 14:45:01] [SPAMMY] resolve queries> Query Filter: Implicitly candidating C:\Users\Moham\.codeql\packages\codeql\javascript-queries\2.4.3\experimental\heuristics\ql\src\Security\CWE-117\LogInjection.ql.
[2026-08-14 14:45:01] [SPAMMY] resolve queries> Query Filter: Implicitly candidating C:\Users\Moham\.codeql\packages\codeql\javascript-queries\2.4.3\experimental\heuristics\ql\src\Security\CWE-134\TaintedFormatString.ql.
[2026-08-14 14:45:01] [SPAMMY] resolve queries> Query Filter: Implicitly candidating C:\Users\Moham\.codeql\packages\codeql\javascript-queries\2.4.3\experimental\heuristics\ql\src\Security\CWE-346\CorsMisconfigurationForCredentials.ql.
[2026-08-14 14:45:01] [SPAMMY] resolve queries> Query Filter: Implicitly candidating C:\Users\Moham\.codeql\packages\codeql\javascript-queries\2.4.3\experimental\heuristics\ql\src\Security\CWE-400\RemotePropertyInjection.ql.
[2026-08-14 14:45:01] [SPAMMY] resolve queries> Query Filter: Implicitly candidating C:\Users\Moham\.codeql\packages\codeql\javascript-queries\2.4.3\experimental\heuristics\ql\src\Security\CWE-502\UnsafeDeserialization.ql.
[2026-08-14 14:45:01] [SPAMMY] resolve queries> Query Filter: Implicitly candidating C:\Users\Moham\.codeql\packages\codeql\javascript-queries\2.4.3\experimental\heuristics\ql\src\Security\CWE-611\Xxe.ql.
[2026-08-14 14:45:01] [SPAMMY] resolve queries> Query Filter: Implicitly candidating C:\Users\Moham\.codeql\packages\codeql\javascript-queries\2.4.3\experimental\heuristics\ql\src\Security\CWE-643\XpathInjection.ql.
[2026-08-14 14:45:01] [SPAMMY] resolve queries> Query Filter: Implicitly candidating C:\Users\Moham\.codeql\packages\codeql\javascript-queries\2.4.3\experimental\heuristics\ql\src\Security\CWE-730\RegExpInjection.ql.
[2026-08-14 14:45:01] [SPAMMY] resolve queries> Query Filter: Implicitly candidating C:\Users\Moham\.codeql\packages\codeql\javascript-queries\2.4.3\experimental\heuristics\ql\src\Security\CWE-770\ResourceExhaustion.ql.
[2026-08-14 14:45:01] [SPAMMY] resolve queries> Query Filter: Implicitly candidating C:\Users\Moham\.codeql\packages\codeql\javascript-queries\2.4.3\experimental\heuristics\ql\src\Security\CWE-776\XmlBomb.ql.
[2026-08-14 14:45:01] [SPAMMY] resolve queries> Query Filter: Implicitly candidating C:\Users\Moham\.codeql\packages\codeql\javascript-queries\2.4.3\experimental\heuristics\ql\src\Security\CWE-807\ConditionalBypass.ql.
[2026-08-14 14:45:01] [SPAMMY] resolve queries> Query Filter: Implicitly candidating C:\Users\Moham\.codeql\packages\codeql\javascript-queries\2.4.3\experimental\heuristics\ql\src\Security\CWE-915\PrototypePollutingAssignment.ql.
[2026-08-14 14:45:01] [SPAMMY] resolve queries> Query Filter: Implicitly candidating C:\Users\Moham\.codeql\packages\codeql\javascript-queries\2.4.3\experimental\Security\CWE-094-dataURL\CodeInjection.ql.
[2026-08-14 14:45:01] [SPAMMY] resolve queries> Query Filter: Implicitly candidating C:\Users\Moham\.codeql\packages\codeql\javascript-queries\2.4.3\experimental\Security\CWE-099\EnvValueAndKeyInjection.ql.
[2026-08-14 14:45:01] [SPAMMY] resolve queries> Query Filter: Implicitly candidating C:\Users\Moham\.codeql\packages\codeql\javascript-queries\2.4.3\experimental\Security\CWE-099\EnvValueInjection.ql.
[2026-08-14 14:45:01] [SPAMMY] resolve queries> Query Filter: Implicitly candidating C:\Users\Moham\.codeql\packages\codeql\javascript-queries\2.4.3\experimental\Security\CWE-340\TokenBuiltFromUUID.ql.
[2026-08-14 14:45:01] [SPAMMY] resolve queries> Query Filter: Implicitly candidating C:\Users\Moham\.codeql\packages\codeql\javascript-queries\2.4.3\experimental\Security\CWE-347\decodeJwtWithoutVerification.ql.
[2026-08-14 14:45:01] [SPAMMY] resolve queries> Query Filter: Implicitly candidating C:\Users\Moham\.codeql\packages\codeql\javascript-queries\2.4.3\experimental\Security\CWE-347\decodeJwtWithoutVerificationLocalSource.ql.
[2026-08-14 14:45:01] [SPAMMY] resolve queries> Query Filter: Implicitly candidating C:\Users\Moham\.codeql\packages\codeql\javascript-queries\2.4.3\experimental\Security\CWE-444\InsecureHttpParser.ql.
[2026-08-14 14:45:01] [SPAMMY] resolve queries> Query Filter: Implicitly candidating C:\Users\Moham\.codeql\packages\codeql\javascript-queries\2.4.3\experimental\Security\CWE-522-DecompressionBombs\DecompressionBombs.ql.
[2026-08-14 14:45:01] [SPAMMY] resolve queries> Query Filter: Implicitly candidating C:\Users\Moham\.codeql\packages\codeql\javascript-queries\2.4.3\experimental\Security\CWE-918\SSRF.ql.
[2026-08-14 14:45:01] [SPAMMY] resolve queries> Query Filter: Implicitly candidating C:\Users\Moham\.codeql\packages\codeql\javascript-queries\2.4.3\experimental\Security\CWE-918\SsrfIpv6TransitionIncompleteGuard.ql.
[2026-08-14 14:45:01] [SPAMMY] resolve queries> Query Filter: Implicitly candidating C:\Users\Moham\.codeql\packages\codeql\javascript-queries\2.4.3\experimental\StandardLibrary\MultipleArgumentsToSetConstructor.ql.
[2026-08-14 14:45:01] [SPAMMY] resolve queries> Query Filter: Implicitly candidating C:\Users\Moham\.codeql\packages\codeql\javascript-queries\2.4.3\Expressions\BitwiseSignCheck.ql.
[2026-08-14 14:45:01] [SPAMMY] resolve queries> Query Filter: Implicitly candidating C:\Users\Moham\.codeql\packages\codeql\javascript-queries\2.4.3\Expressions\CompareIdenticalValues.ql.
[2026-08-14 14:45:01] [SPAMMY] resolve queries> Query Filter: Implicitly candidating C:\Users\Moham\.codeql\packages\codeql\javascript-queries\2.4.3\Expressions\ComparisonWithNaN.ql.
[2026-08-14 14:45:01] [SPAMMY] resolve queries> Query Filter: Implicitly candidating C:\Users\Moham\.codeql\packages\codeql\javascript-queries\2.4.3\Expressions\DuplicateCondition.ql.
[2026-08-14 14:45:01] [SPAMMY] resolve queries> Query Filter: Implicitly candidating C:\Users\Moham\.codeql\packages\codeql\javascript-queries\2.4.3\Expressions\DuplicateProperty.ql.
[2026-08-14 14:45:01] [SPAMMY] resolve queries> Query Filter: Implicitly candidating C:\Users\Moham\.codeql\packages\codeql\javascript-queries\2.4.3\Expressions\DuplicateSwitchCase.ql.
[2026-08-14 14:45:01] [SPAMMY] resolve queries> Query Filter: Implicitly candidating C:\Users\Moham\.codeql\packages\codeql\javascript-queries\2.4.3\Expressions\ExprHasNoEffect.ql.
[2026-08-14 14:45:01] [SPAMMY] resolve queries> Query Filter: Implicitly candidating C:\Users\Moham\.codeql\packages\codeql\javascript-queries\2.4.3\Expressions\HeterogeneousComparison.ql.
[2026-08-14 14:45:01] [SPAMMY] resolve queries> Query Filter: Implicitly candidating C:\Users\Moham\.codeql\packages\codeql\javascript-queries\2.4.3\Expressions\ImplicitOperandConversion.ql.
[2026-08-14 14:45:01] [SPAMMY] resolve queries> Query Filter: Implicitly candidating C:\Users\Moham\.codeql\packages\codeql\javascript-queries\2.4.3\Expressions\MissingAwait.ql.
[2026-08-14 14:45:01] [SPAMMY] resolve queries> Query Filter: Implicitly candidating C:\Users\Moham\.codeql\packages\codeql\javascript-queries\2.4.3\Expressions\MissingDotLengthInComparison.ql.
[2026-08-14 14:45:01] [SPAMMY] resolve queries> Query Filter: Implicitly candidating C:\Users\Moham\.codeql\packages\codeql\javascript-queries\2.4.3\Expressions\MissingSpaceInAppend.ql.
[2026-08-14 14:45:01] [SPAMMY] resolve queries> Query Filter: Implicitly candidating C:\Users\Moham\.codeql\packages\codeql\javascript-queries\2.4.3\Expressions\MisspelledIdentifier.ql.
[2026-08-14 14:45:01] [SPAMMY] resolve queries> Query Filter: Implicitly candidating C:\Users\Moham\.codeql\packages\codeql\javascript-queries\2.4.3\Expressions\MisspelledVariableName.ql.
[2026-08-14 14:45:01] [SPAMMY] resolve queries> Query Filter: Implicitly candidating C:\Users\Moham\.codeql\packages\codeql\javascript-queries\2.4.3\Expressions\RedundantExpression.ql.
[2026-08-14 14:45:01] [SPAMMY] resolve queries> Query Filter: Implicitly candidating C:\Users\Moham\.codeql\packages\codeql\javascript-queries\2.4.3\Expressions\SelfAssignment.ql.
[2026-08-14 14:45:01] [SPAMMY] resolve queries> Query Filter: Implicitly candidating C:\Users\Moham\.codeql\packages\codeql\javascript-queries\2.4.3\Expressions\ShiftOutOfRange.ql.
[2026-08-14 14:45:01] [SPAMMY] resolve queries> Query Filter: Implicitly candidating C:\Users\Moham\.codeql\packages\codeql\javascript-queries\2.4.3\Expressions\StringInsteadOfRegex.ql.
[2026-08-14 14:45:01] [SPAMMY] resolve queries> Query Filter: Implicitly candidating C:\Users\Moham\.codeql\packages\codeql\javascript-queries\2.4.3\Expressions\SuspiciousInvocation.ql.
[2026-08-14 14:45:01] [SPAMMY] resolve queries> Query Filter: Implicitly candidating C:\Users\Moham\.codeql\packages\codeql\javascript-queries\2.4.3\Expressions\SuspiciousPropAccess.ql.
[2026-08-14 14:45:01] [SPAMMY] resolve queries> Query Filter: Implicitly candidating C:\Users\Moham\.codeql\packages\codeql\javascript-queries\2.4.3\Expressions\UnboundEventHandlerReceiver.ql.
[2026-08-14 14:45:01] [SPAMMY] resolve queries> Query Filter: Implicitly candidating C:\Users\Moham\.codeql\packages\codeql\javascript-queries\2.4.3\Expressions\UnclearOperatorPrecedence.ql.
[2026-08-14 14:45:01] [SPAMMY] resolve queries> Query Filter: Implicitly candidating C:\Users\Moham\.codeql\packages\codeql\javascript-queries\2.4.3\Expressions\UnknownDirective.ql.
[2026-08-14 14:45:01] [SPAMMY] resolve queries> Query Filter: Implicitly candidating C:\Users\Moham\.codeql\packages\codeql\javascript-queries\2.4.3\Expressions\UnneededDefensiveProgramming.ql.
[2026-08-14 14:45:01] [SPAMMY] resolve queries> Query Filter: Implicitly candidating C:\Users\Moham\.codeql\packages\codeql\javascript-queries\2.4.3\Expressions\WhitespaceContradictsPrecedence.ql.
[2026-08-14 14:45:01] [SPAMMY] resolve queries> Query Filter: Implicitly candidating C:\Users\Moham\.codeql\packages\codeql\javascript-queries\2.4.3\external\DuplicateFunction.ql.
[2026-08-14 14:45:01] [SPAMMY] resolve queries> Query Filter: Implicitly candidating C:\Users\Moham\.codeql\packages\codeql\javascript-queries\2.4.3\external\DuplicateToplevel.ql.
[2026-08-14 14:45:01] [SPAMMY] resolve queries> Query Filter: Implicitly candidating C:\Users\Moham\.codeql\packages\codeql\javascript-queries\2.4.3\external\SimilarFunction.ql.
[2026-08-14 14:45:01] [SPAMMY] resolve queries> Query Filter: Implicitly candidating C:\Users\Moham\.codeql\packages\codeql\javascript-queries\2.4.3\external\SimilarToplevel.ql.
[2026-08-14 14:45:01] [SPAMMY] resolve queries> Query Filter: Implicitly candidating C:\Users\Moham\.codeql\packages\codeql\javascript-queries\2.4.3\filters\ClassifyFiles.ql.
[2026-08-14 14:45:01] [SPAMMY] resolve queries> Query Filter: Implicitly candidating C:\Users\Moham\.codeql\packages\codeql\javascript-queries\2.4.3\JSDoc\BadParamTag.ql.
[2026-08-14 14:45:01] [SPAMMY] resolve queries> Query Filter: Implicitly candidating C:\Users\Moham\.codeql\packages\codeql\javascript-queries\2.4.3\JSDoc\JSDocForNonExistentParameter.ql.
[2026-08-14 14:45:01] [SPAMMY] resolve queries> Query Filter: Implicitly candidating C:\Users\Moham\.codeql\packages\codeql\javascript-queries\2.4.3\JSDoc\UndocumentedParameter.ql.
[2026-08-14 14:45:01] [SPAMMY] resolve queries> Query Filter: Implicitly candidating C:\Users\Moham\.codeql\packages\codeql\javascript-queries\2.4.3\LanguageFeatures\ArgumentsCallerCallee.ql.
[2026-08-14 14:45:01] [SPAMMY] resolve queries> Query Filter: Implicitly candidating C:\Users\Moham\.codeql\packages\codeql\javascript-queries\2.4.3\LanguageFeatures\BadTypeof.ql.
[2026-08-14 14:45:01] [SPAMMY] resolve queries> Query Filter: Implicitly candidating C:\Users\Moham\.codeql\packages\codeql\javascript-queries\2.4.3\LanguageFeatures\ConditionalComments.ql.
[2026-08-14 14:45:01] [SPAMMY] resolve queries> Query Filter: Implicitly candidating C:\Users\Moham\.codeql\packages\codeql\javascript-queries\2.4.3\LanguageFeatures\DebuggerStatement.ql.
[2026-08-14 14:45:01] [SPAMMY] resolve queries> Query Filter: Implicitly candidating C:\Users\Moham\.codeql\packages\codeql\javascript-queries\2.4.3\LanguageFeatures\DeleteVar.ql.
[2026-08-14 14:45:01] [SPAMMY] resolve queries> Query Filter: Implicitly candidating C:\Users\Moham\.codeql\packages\codeql\javascript-queries\2.4.3\LanguageFeatures\EmptyArrayInit.ql.
[2026-08-14 14:45:01] [SPAMMY] resolve queries> Query Filter: Implicitly candidating C:\Users\Moham\.codeql\packages\codeql\javascript-queries\2.4.3\LanguageFeatures\Eval.ql.
[2026-08-14 14:45:01] [SPAMMY] resolve queries> Query Filter: Implicitly candidating C:\Users\Moham\.codeql\packages\codeql\javascript-queries\2.4.3\LanguageFeatures\ExpressionClosures.ql.
[2026-08-14 14:45:01] [SPAMMY] resolve queries> Query Filter: Implicitly candidating C:\Users\Moham\.codeql\packages\codeql\javascript-queries\2.4.3\LanguageFeatures\ForInComprehensionBlocks.ql.
[2026-08-14 14:45:01] [SPAMMY] resolve queries> Query Filter: Implicitly candidating C:\Users\Moham\.codeql\packages\codeql\javascript-queries\2.4.3\LanguageFeatures\IllegalInvocation.ql.
[2026-08-14 14:45:01] [SPAMMY] resolve queries> Query Filter: Implicitly candidating C:\Users\Moham\.codeql\packages\codeql\javascript-queries\2.4.3\LanguageFeatures\InconsistentNew.ql.
[2026-08-14 14:45:01] [SPAMMY] resolve queries> Query Filter: Implicitly candidating C:\Users\Moham\.codeql\packages\codeql\javascript-queries\2.4.3\LanguageFeatures\InvalidPrototype.ql.
[2026-08-14 14:45:01] [SPAMMY] resolve queries> Query Filter: Implicitly candidating C:\Users\Moham\.codeql\packages\codeql\javascript-queries\2.4.3\LanguageFeatures\JumpFromFinally.ql.
[2026-08-14 14:45:01] [SPAMMY] resolve queries> Query Filter: Implicitly candidating C:\Users\Moham\.codeql\packages\codeql\javascript-queries\2.4.3\LanguageFeatures\LengthComparisonOffByOne.ql.
[2026-08-14 14:45:01] [SPAMMY] resolve queries> Query Filter: Implicitly candidating C:\Users\Moham\.codeql\packages\codeql\javascript-queries\2.4.3\LanguageFeatures\NonLinearPattern.ql.
[2026-08-14 14:45:01] [SPAMMY] resolve queries> Query Filter: Implicitly candidating C:\Users\Moham\.codeql\packages\codeql\javascript-queries\2.4.3\LanguageFeatures\PropertyWriteOnPrimitive.ql.
[2026-08-14 14:45:01] [SPAMMY] resolve queries> Query Filter: Implicitly candidating C:\Users\Moham\.codeql\packages\codeql\javascript-queries\2.4.3\LanguageFeatures\SemicolonInsertion.ql.
[2026-08-14 14:45:01] [SPAMMY] resolve queries> Query Filter: Implicitly candidating C:\Users\Moham\.codeql\packages\codeql\javascript-queries\2.4.3\LanguageFeatures\SetterIgnoresParameter.ql.
[2026-08-14 14:45:01] [SPAMMY] resolve queries> Query Filter: Implicitly candidating C:\Users\Moham\.codeql\packages\codeql\javascript-queries\2.4.3\LanguageFeatures\SetterReturn.ql.
[2026-08-14 14:45:01] [SPAMMY] resolve queries> Query Filter: Implicitly candidating C:\Users\Moham\.codeql\packages\codeql\javascript-queries\2.4.3\LanguageFeatures\SpuriousArguments.ql.
[2026-08-14 14:45:01] [SPAMMY] resolve queries> Query Filter: Implicitly candidating C:\Users\Moham\.codeql\packages\codeql\javascript-queries\2.4.3\LanguageFeatures\StrictModeCallStackIntrospection.ql.
[2026-08-14 14:45:01] [SPAMMY] resolve queries> Query Filter: Implicitly candidating C:\Users\Moham\.codeql\packages\codeql\javascript-queries\2.4.3\LanguageFeatures\SyntaxError.ql.
[2026-08-14 14:45:01] [SPAMMY] resolve queries> Query Filter: Implicitly candidating C:\Users\Moham\.codeql\packages\codeql\javascript-queries\2.4.3\LanguageFeatures\TemplateSyntaxInStringLiteral.ql.
[2026-08-14 14:45:01] [SPAMMY] resolve queries> Query Filter: Implicitly candidating C:\Users\Moham\.codeql\packages\codeql\javascript-queries\2.4.3\LanguageFeatures\ThisBeforeSuper.ql.
[2026-08-14 14:45:01] [SPAMMY] resolve queries> Query Filter: Implicitly candidating C:\Users\Moham\.codeql\packages\codeql\javascript-queries\2.4.3\LanguageFeatures\UnusedIndexVariable.ql.
[2026-08-14 14:45:01] [SPAMMY] resolve queries> Query Filter: Implicitly candidating C:\Users\Moham\.codeql\packages\codeql\javascript-queries\2.4.3\LanguageFeatures\WithStatement.ql.
[2026-08-14 14:45:01] [SPAMMY] resolve queries> Query Filter: Implicitly candidating C:\Users\Moham\.codeql\packages\codeql\javascript-queries\2.4.3\LanguageFeatures\WrongExtensionJSON.ql.
[2026-08-14 14:45:01] [SPAMMY] resolve queries> Query Filter: Implicitly candidating C:\Users\Moham\.codeql\packages\codeql\javascript-queries\2.4.3\LanguageFeatures\YieldInNonGenerator.ql.
[2026-08-14 14:45:01] [SPAMMY] resolve queries> Query Filter: Implicitly candidating C:\Users\Moham\.codeql\packages\codeql\javascript-queries\2.4.3\meta\alerts\CallGraph.ql.
[2026-08-14 14:45:01] [SPAMMY] resolve queries> Query Filter: Implicitly candidating C:\Users\Moham\.codeql\packages\codeql\javascript-queries\2.4.3\meta\alerts\ImportGraph.ql.
[2026-08-14 14:45:01] [SPAMMY] resolve queries> Query Filter: Implicitly candidating C:\Users\Moham\.codeql\packages\codeql\javascript-queries\2.4.3\meta\alerts\LibraryInputs.ql.
[2026-08-14 14:45:01] [SPAMMY] resolve queries> Query Filter: Implicitly candidating C:\Users\Moham\.codeql\packages\codeql\javascript-queries\2.4.3\meta\alerts\TaintedNodes.ql.
[2026-08-14 14:45:01] [SPAMMY] resolve queries> Query Filter: Implicitly candidating C:\Users\Moham\.codeql\packages\codeql\javascript-queries\2.4.3\meta\alerts\TaintSinks.ql.
[2026-08-14 14:45:01] [SPAMMY] resolve queries> Query Filter: Implicitly candidating C:\Users\Moham\.codeql\packages\codeql\javascript-queries\2.4.3\meta\alerts\TaintSources.ql.
[2026-08-14 14:45:01] [SPAMMY] resolve queries> Query Filter: Implicitly candidating C:\Users\Moham\.codeql\packages\codeql\javascript-queries\2.4.3\meta\alerts\ThreatModelSources.ql.
[2026-08-14 14:45:01] [SPAMMY] resolve queries> Query Filter: Implicitly candidating C:\Users\Moham\.codeql\packages\codeql\javascript-queries\2.4.3\meta\analysis-quality\CalledFunctionCandidates.ql.
[2026-08-14 14:45:01] [SPAMMY] resolve queries> Query Filter: Implicitly candidating C:\Users\Moham\.codeql\packages\codeql\javascript-queries\2.4.3\meta\analysis-quality\CalledFunctionRatio.ql.
[2026-08-14 14:45:01] [SPAMMY] resolve queries> Query Filter: Implicitly candidating C:\Users\Moham\.codeql\packages\codeql\javascript-queries\2.4.3\meta\analysis-quality\CalledFunctions.ql.
[2026-08-14 14:45:01] [SPAMMY] resolve queries> Query Filter: Implicitly candidating C:\Users\Moham\.codeql\packages\codeql\javascript-queries\2.4.3\meta\analysis-quality\DomValueRefs.ql.
[2026-08-14 14:45:01] [SPAMMY] resolve queries> Query Filter: Implicitly candidating C:\Users\Moham\.codeql\packages\codeql\javascript-queries\2.4.3\meta\analysis-quality\NumModules.ql.
[2026-08-14 14:45:01] [SPAMMY] resolve queries> Query Filter: Implicitly candidating C:\Users\Moham\.codeql\packages\codeql\javascript-queries\2.4.3\meta\analysis-quality\ResolvableCallCandidates.ql.
[2026-08-14 14:45:01] [SPAMMY] resolve queries> Query Filter: Implicitly candidating C:\Users\Moham\.codeql\packages\codeql\javascript-queries\2.4.3\meta\analysis-quality\ResolvableCallRatio.ql.
[2026-08-14 14:45:01] [SPAMMY] resolve queries> Query Filter: Implicitly candidating C:\Users\Moham\.codeql\packages\codeql\javascript-queries\2.4.3\meta\analysis-quality\ResolvableCalls.ql.
[2026-08-14 14:45:01] [SPAMMY] resolve queries> Query Filter: Implicitly candidating C:\Users\Moham\.codeql\packages\codeql\javascript-queries\2.4.3\meta\analysis-quality\ResolvableImports.ql.
[2026-08-14 14:45:01] [SPAMMY] resolve queries> Query Filter: Implicitly candidating C:\Users\Moham\.codeql\packages\codeql\javascript-queries\2.4.3\meta\analysis-quality\RouteHandlers.ql.
[2026-08-14 14:45:01] [SPAMMY] resolve queries> Query Filter: Implicitly candidating C:\Users\Moham\.codeql\packages\codeql\javascript-queries\2.4.3\meta\analysis-quality\SanitizersReachableFromSource.ql.
[2026-08-14 14:45:01] [SPAMMY] resolve queries> Query Filter: Implicitly candidating C:\Users\Moham\.codeql\packages\codeql\javascript-queries\2.4.3\meta\analysis-quality\SinksReachableFromSanitizer.ql.
[2026-08-14 14:45:01] [SPAMMY] resolve queries> Query Filter: Implicitly candidating C:\Users\Moham\.codeql\packages\codeql\javascript-queries\2.4.3\meta\analysis-quality\TaintedNodes.ql.
[2026-08-14 14:45:01] [SPAMMY] resolve queries> Query Filter: Implicitly candidating C:\Users\Moham\.codeql\packages\codeql\javascript-queries\2.4.3\meta\analysis-quality\TaintSinks.ql.
[2026-08-14 14:45:01] [SPAMMY] resolve queries> Query Filter: Implicitly candidating C:\Users\Moham\.codeql\packages\codeql\javascript-queries\2.4.3\meta\analysis-quality\TaintSources.ql.
[2026-08-14 14:45:01] [SPAMMY] resolve queries> Query Filter: Implicitly candidating C:\Users\Moham\.codeql\packages\codeql\javascript-queries\2.4.3\meta\analysis-quality\TaintSteps.ql.
[2026-08-14 14:45:01] [SPAMMY] resolve queries> Query Filter: Implicitly candidating C:\Users\Moham\.codeql\packages\codeql\javascript-queries\2.4.3\meta\analysis-quality\UncalledFunctions.ql.
[2026-08-14 14:45:01] [SPAMMY] resolve queries> Query Filter: Implicitly candidating C:\Users\Moham\.codeql\packages\codeql\javascript-queries\2.4.3\meta\analysis-quality\UnmodelledSteps.ql.
[2026-08-14 14:45:01] [SPAMMY] resolve queries> Query Filter: Implicitly candidating C:\Users\Moham\.codeql\packages\codeql\javascript-queries\2.4.3\meta\analysis-quality\UnpromotedRouteHandlerCandidate.ql.
[2026-08-14 14:45:01] [SPAMMY] resolve queries> Query Filter: Implicitly candidating C:\Users\Moham\.codeql\packages\codeql\javascript-queries\2.4.3\meta\analysis-quality\UnpromotedRouteSetupCandidate.ql.
[2026-08-14 14:45:01] [SPAMMY] resolve queries> Query Filter: Implicitly candidating C:\Users\Moham\.codeql\packages\codeql\javascript-queries\2.4.3\meta\analysis-quality\UnresolvableCalls.ql.
[2026-08-14 14:45:01] [SPAMMY] resolve queries> Query Filter: Implicitly candidating C:\Users\Moham\.codeql\packages\codeql\javascript-queries\2.4.3\meta\analysis-quality\UnresolvableImports.ql.
[2026-08-14 14:45:01] [SPAMMY] resolve queries> Query Filter: Implicitly candidating C:\Users\Moham\.codeql\packages\codeql\javascript-queries\2.4.3\meta\ApiGraphs\ApiGraphEdges.ql.
[2026-08-14 14:45:01] [SPAMMY] resolve queries> Query Filter: Implicitly candidating C:\Users\Moham\.codeql\packages\codeql\javascript-queries\2.4.3\meta\ApiGraphs\ApiGraphNodes.ql.
[2026-08-14 14:45:01] [SPAMMY] resolve queries> Query Filter: Implicitly candidating C:\Users\Moham\.codeql\packages\codeql\javascript-queries\2.4.3\meta\ApiGraphs\ApiGraphPointsToEdges.ql.
[2026-08-14 14:45:01] [SPAMMY] resolve queries> Query Filter: Implicitly candidating C:\Users\Moham\.codeql\packages\codeql\javascript-queries\2.4.3\meta\ApiGraphs\ApiGraphRhsNodes.ql.
[2026-08-14 14:45:01] [SPAMMY] resolve queries> Query Filter: Implicitly candidating C:\Users\Moham\.codeql\packages\codeql\javascript-queries\2.4.3\meta\ApiGraphs\ApiGraphUseNodes.ql.
[2026-08-14 14:45:01] [SPAMMY] resolve queries> Query Filter: Implicitly candidating C:\Users\Moham\.codeql\packages\codeql\javascript-queries\2.4.3\meta\Consistency.ql.
[2026-08-14 14:45:01] [SPAMMY] resolve queries> Query Filter: Implicitly candidating C:\Users\Moham\.codeql\packages\codeql\javascript-queries\2.4.3\meta\extraction-metrics\FileData.ql.
[2026-08-14 14:45:01] [SPAMMY] resolve queries> Query Filter: Implicitly candidating C:\Users\Moham\.codeql\packages\codeql\javascript-queries\2.4.3\meta\extraction-metrics\MissingMetrics.ql.
[2026-08-14 14:45:01] [SPAMMY] resolve queries> Query Filter: Implicitly candidating C:\Users\Moham\.codeql\packages\codeql\javascript-queries\2.4.3\meta\extraction-metrics\PhaseTimings.ql.
[2026-08-14 14:45:01] [SPAMMY] resolve queries> Query Filter: Implicitly candidating C:\Users\Moham\.codeql\packages\codeql\javascript-queries\2.4.3\meta\SSA\DeadDef.ql.
[2026-08-14 14:45:01] [SPAMMY] resolve queries> Query Filter: Implicitly candidating C:\Users\Moham\.codeql\packages\codeql\javascript-queries\2.4.3\meta\SSA\Dominance.ql.
[2026-08-14 14:45:01] [SPAMMY] resolve queries> Query Filter: Implicitly candidating C:\Users\Moham\.codeql\packages\codeql\javascript-queries\2.4.3\meta\SSA\MultipleDefs.ql.
[2026-08-14 14:45:01] [SPAMMY] resolve queries> Query Filter: Implicitly candidating C:\Users\Moham\.codeql\packages\codeql\javascript-queries\2.4.3\meta\SSA\MultipleRefinementInputs.ql.
[2026-08-14 14:45:01] [SPAMMY] resolve queries> Query Filter: Implicitly candidating C:\Users\Moham\.codeql\packages\codeql\javascript-queries\2.4.3\meta\SSA\NoDefs.ql.
[2026-08-14 14:45:01] [SPAMMY] resolve queries> Query Filter: Implicitly candidating C:\Users\Moham\.codeql\packages\codeql\javascript-queries\2.4.3\meta\SSA\NoPhiInputs.ql.
[2026-08-14 14:45:01] [SPAMMY] resolve queries> Query Filter: Implicitly candidating C:\Users\Moham\.codeql\packages\codeql\javascript-queries\2.4.3\meta\SSA\NoRefinementInputs.ql.
[2026-08-14 14:45:01] [SPAMMY] resolve queries> Query Filter: Implicitly candidating C:\Users\Moham\.codeql\packages\codeql\javascript-queries\2.4.3\meta\SSA\SinglePhiInput.ql.
[2026-08-14 14:45:01] [SPAMMY] resolve queries> Query Filter: Implicitly candidating C:\Users\Moham\.codeql\packages\codeql\javascript-queries\2.4.3\Metrics\Dependencies\ExternalDependencies.ql.
[2026-08-14 14:45:01] [SPAMMY] resolve queries> Query Filter: Implicitly candidating C:\Users\Moham\.codeql\packages\codeql\javascript-queries\2.4.3\Metrics\Dependencies\ExternalDependenciesSourceLinks.ql.
[2026-08-14 14:45:01] [SPAMMY] resolve queries> Query Filter: Implicitly candidating C:\Users\Moham\.codeql\packages\codeql\javascript-queries\2.4.3\Metrics\FCommentRatio.ql.
[2026-08-14 14:45:01] [SPAMMY] resolve queries> Query Filter: Implicitly candidating C:\Users\Moham\.codeql\packages\codeql\javascript-queries\2.4.3\Metrics\FCyclomaticComplexity.ql.
[2026-08-14 14:45:01] [SPAMMY] resolve queries> Query Filter: Implicitly candidating C:\Users\Moham\.codeql\packages\codeql\javascript-queries\2.4.3\Metrics\FFunctions.ql.
[2026-08-14 14:45:01] [SPAMMY] resolve queries> Query Filter: Implicitly candidating C:\Users\Moham\.codeql\packages\codeql\javascript-queries\2.4.3\Metrics\FLines.ql.
[2026-08-14 14:45:01] [SPAMMY] resolve queries> Query Filter: Implicitly candidating C:\Users\Moham\.codeql\packages\codeql\javascript-queries\2.4.3\Metrics\FLinesOfCode.ql.
[2026-08-14 14:45:01] [SPAMMY] resolve queries> Query Filter: Implicitly candidating C:\Users\Moham\.codeql\packages\codeql\javascript-queries\2.4.3\Metrics\FLinesOfComment.ql.
[2026-08-14 14:45:01] [SPAMMY] resolve queries> Query Filter: Implicitly candidating C:\Users\Moham\.codeql\packages\codeql\javascript-queries\2.4.3\Metrics\FLinesOfDuplicatedCode.ql.
[2026-08-14 14:45:01] [SPAMMY] resolve queries> Query Filter: Implicitly candidating C:\Users\Moham\.codeql\packages\codeql\javascript-queries\2.4.3\Metrics\FLinesOfSimilarCode.ql.
[2026-08-14 14:45:01] [SPAMMY] resolve queries> Query Filter: Implicitly candidating C:\Users\Moham\.codeql\packages\codeql\javascript-queries\2.4.3\Metrics\FNumberOfStatements.ql.
[2026-08-14 14:45:01] [SPAMMY] resolve queries> Query Filter: Implicitly candidating C:\Users\Moham\.codeql\packages\codeql\javascript-queries\2.4.3\Metrics\FNumberOfTests.ql.
[2026-08-14 14:45:01] [SPAMMY] resolve queries> Query Filter: Implicitly candidating C:\Users\Moham\.codeql\packages\codeql\javascript-queries\2.4.3\Metrics\FunCyclomaticComplexity.ql.
[2026-08-14 14:45:01] [SPAMMY] resolve queries> Query Filter: Implicitly candidating C:\Users\Moham\.codeql\packages\codeql\javascript-queries\2.4.3\Metrics\FunLinesOfCode.ql.
[2026-08-14 14:45:01] [SPAMMY] resolve queries> Query Filter: Implicitly candidating C:\Users\Moham\.codeql\packages\codeql\javascript-queries\2.4.3\Metrics\FUseOfES6.ql.
[2026-08-14 14:45:01] [SPAMMY] resolve queries> Query Filter: Implicitly candidating C:\Users\Moham\.codeql\packages\codeql\javascript-queries\2.4.3\NodeJS\CyclicImport.ql.
[2026-08-14 14:45:01] [SPAMMY] resolve queries> Query Filter: Implicitly candidating C:\Users\Moham\.codeql\packages\codeql\javascript-queries\2.4.3\NodeJS\DubiousImport.ql.
[2026-08-14 14:45:01] [SPAMMY] resolve queries> Query Filter: Implicitly candidating C:\Users\Moham\.codeql\packages\codeql\javascript-queries\2.4.3\NodeJS\InvalidExport.ql.
[2026-08-14 14:45:01] [SPAMMY] resolve queries> Query Filter: Implicitly candidating C:\Users\Moham\.codeql\packages\codeql\javascript-queries\2.4.3\NodeJS\MissingExports.ql.
[2026-08-14 14:45:01] [SPAMMY] resolve queries> Query Filter: Implicitly candidating C:\Users\Moham\.codeql\packages\codeql\javascript-queries\2.4.3\NodeJS\UnresolvableImport.ql.
[2026-08-14 14:45:01] [SPAMMY] resolve queries> Query Filter: Implicitly candidating C:\Users\Moham\.codeql\packages\codeql\javascript-queries\2.4.3\NodeJS\UnusedDependency.ql.
[2026-08-14 14:45:01] [SPAMMY] resolve queries> Query Filter: Implicitly candidating C:\Users\Moham\.codeql\packages\codeql\javascript-queries\2.4.3\Performance\NonLocalForIn.ql.
[2026-08-14 14:45:01] [SPAMMY] resolve queries> Query Filter: Implicitly candidating C:\Users\Moham\.codeql\packages\codeql\javascript-queries\2.4.3\Performance\PolynomialReDoS.ql.
[2026-08-14 14:45:01] [SPAMMY] resolve queries> Query Filter: Implicitly candidating C:\Users\Moham\.codeql\packages\codeql\javascript-queries\2.4.3\Performance\ReassignParameterAndUseArguments.ql.
[2026-08-14 14:45:01] [SPAMMY] resolve queries> Query Filter: Implicitly candidating C:\Users\Moham\.codeql\packages\codeql\javascript-queries\2.4.3\Performance\ReDoS.ql.
[2026-08-14 14:45:01] [SPAMMY] resolve queries> Query Filter: Implicitly candidating C:\Users\Moham\.codeql\packages\codeql\javascript-queries\2.4.3\Quality\UnhandledErrorInStreamPipeline.ql.
[2026-08-14 14:45:01] [SPAMMY] resolve queries> Query Filter: Implicitly candidating C:\Users\Moham\.codeql\packages\codeql\javascript-queries\2.4.3\React\DirectStateMutation.ql.
[2026-08-14 14:45:01] [SPAMMY] resolve queries> Query Filter: Implicitly candidating C:\Users\Moham\.codeql\packages\codeql\javascript-queries\2.4.3\React\InconsistentStateUpdate.ql.
[2026-08-14 14:45:01] [SPAMMY] resolve queries> Query Filter: Implicitly candidating C:\Users\Moham\.codeql\packages\codeql\javascript-queries\2.4.3\React\UnsupportedStateUpdateInLifecycleMethod.ql.
[2026-08-14 14:45:01] [SPAMMY] resolve queries> Query Filter: Implicitly candidating C:\Users\Moham\.codeql\packages\codeql\javascript-queries\2.4.3\React\UnusedOrUndefinedStateProperty.ql.
[2026-08-14 14:45:01] [SPAMMY] resolve queries> Query Filter: Implicitly candidating C:\Users\Moham\.codeql\packages\codeql\javascript-queries\2.4.3\RegExp\BackrefBeforeGroup.ql.
[2026-08-14 14:45:01] [SPAMMY] resolve queries> Query Filter: Implicitly candidating C:\Users\Moham\.codeql\packages\codeql\javascript-queries\2.4.3\RegExp\BackrefIntoNegativeLookahead.ql.
[2026-08-14 14:45:01] [SPAMMY] resolve queries> Query Filter: Implicitly candidating C:\Users\Moham\.codeql\packages\codeql\javascript-queries\2.4.3\RegExp\BackspaceEscape.ql.
[2026-08-14 14:45:01] [SPAMMY] resolve queries> Query Filter: Implicitly candidating C:\Users\Moham\.codeql\packages\codeql\javascript-queries\2.4.3\RegExp\DuplicateCharacterInCharacterClass.ql.
[2026-08-14 14:45:01] [SPAMMY] resolve queries> Query Filter: Implicitly candidating C:\Users\Moham\.codeql\packages\codeql\javascript-queries\2.4.3\RegExp\EmptyCharacterClass.ql.
[2026-08-14 14:45:01] [SPAMMY] resolve queries> Query Filter: Implicitly candidating C:\Users\Moham\.codeql\packages\codeql\javascript-queries\2.4.3\RegExp\IdentityReplacement.ql.
[2026-08-14 14:45:01] [SPAMMY] resolve queries> Query Filter: Implicitly candidating C:\Users\Moham\.codeql\packages\codeql\javascript-queries\2.4.3\RegExp\MalformedRegExp.ql.
[2026-08-14 14:45:01] [SPAMMY] resolve queries> Query Filter: Implicitly candidating C:\Users\Moham\.codeql\packages\codeql\javascript-queries\2.4.3\RegExp\RegExpAlwaysMatches.ql.
[2026-08-14 14:45:01] [SPAMMY] resolve queries> Query Filter: Implicitly candidating C:\Users\Moham\.codeql\packages\codeql\javascript-queries\2.4.3\RegExp\UnboundBackref.ql.
[2026-08-14 14:45:01] [SPAMMY] resolve queries> Query Filter: Implicitly candidating C:\Users\Moham\.codeql\packages\codeql\javascript-queries\2.4.3\RegExp\UnmatchableCaret.ql.
[2026-08-14 14:45:01] [SPAMMY] resolve queries> Query Filter: Implicitly candidating C:\Users\Moham\.codeql\packages\codeql\javascript-queries\2.4.3\RegExp\UnmatchableDollar.ql.
[2026-08-14 14:45:01] [SPAMMY] resolve queries> Query Filter: Implicitly candidating C:\Users\Moham\.codeql\packages\codeql\javascript-queries\2.4.3\Security\CWE-020\ExternalAPIsUsedWithUntrustedData.ql.
[2026-08-14 14:45:01] [SPAMMY] resolve queries> Query Filter: Implicitly candidating C:\Users\Moham\.codeql\packages\codeql\javascript-queries\2.4.3\Security\CWE-020\IncompleteHostnameRegExp.ql.
[2026-08-14 14:45:01] [SPAMMY] resolve queries> Query Filter: Implicitly candidating C:\Users\Moham\.codeql\packages\codeql\javascript-queries\2.4.3\Security\CWE-020\IncompleteUrlSchemeCheck.ql.
[2026-08-14 14:45:01] [SPAMMY] resolve queries> Query Filter: Implicitly candidating C:\Users\Moham\.codeql\packages\codeql\javascript-queries\2.4.3\Security\CWE-020\IncompleteUrlSubstringSanitization.ql.
[2026-08-14 14:45:01] [SPAMMY] resolve queries> Query Filter: Implicitly candidating C:\Users\Moham\.codeql\packages\codeql\javascript-queries\2.4.3\Security\CWE-020\IncorrectSuffixCheck.ql.
[2026-08-14 14:45:01] [SPAMMY] resolve queries> Query Filter: Implicitly candidating C:\Users\Moham\.codeql\packages\codeql\javascript-queries\2.4.3\Security\CWE-020\MissingOriginCheck.ql.
[2026-08-14 14:45:01] [SPAMMY] resolve queries> Query Filter: Implicitly candidating C:\Users\Moham\.codeql\packages\codeql\javascript-queries\2.4.3\Security\CWE-020\MissingRegExpAnchor.ql.
[2026-08-14 14:45:01] [SPAMMY] resolve queries> Query Filter: Implicitly candidating C:\Users\Moham\.codeql\packages\codeql\javascript-queries\2.4.3\Security\CWE-020\OverlyLargeRange.ql.
[2026-08-14 14:45:01] [SPAMMY] resolve queries> Query Filter: Implicitly candidating C:\Users\Moham\.codeql\packages\codeql\javascript-queries\2.4.3\Security\CWE-020\UntrustedDataToExternalAPI.ql.
[2026-08-14 14:45:01] [SPAMMY] resolve queries> Query Filter: Implicitly candidating C:\Users\Moham\.codeql\packages\codeql\javascript-queries\2.4.3\Security\CWE-020\UselessRegExpCharacterEscape.ql.
[2026-08-14 14:45:01] [SPAMMY] resolve queries> Query Filter: Implicitly candidating C:\Users\Moham\.codeql\packages\codeql\javascript-queries\2.4.3\Security\CWE-022\TaintedPath.ql.
[2026-08-14 14:45:01] [SPAMMY] resolve queries> Query Filter: Implicitly candidating C:\Users\Moham\.codeql\packages\codeql\javascript-queries\2.4.3\Security\CWE-022\ZipSlip.ql.
[2026-08-14 14:45:01] [SPAMMY] resolve queries> Query Filter: Implicitly candidating C:\Users\Moham\.codeql\packages\codeql\javascript-queries\2.4.3\Security\CWE-073\TemplateObjectInjection.ql.
[2026-08-14 14:45:01] [SPAMMY] resolve queries> Query Filter: Implicitly candidating C:\Users\Moham\.codeql\packages\codeql\javascript-queries\2.4.3\Security\CWE-078\CommandInjection.ql.
[2026-08-14 14:45:01] [SPAMMY] resolve queries> Query Filter: Implicitly candidating C:\Users\Moham\.codeql\packages\codeql\javascript-queries\2.4.3\Security\CWE-078\IndirectCommandInjection.ql.
[2026-08-14 14:45:01] [SPAMMY] resolve queries> Query Filter: Implicitly candidating C:\Users\Moham\.codeql\packages\codeql\javascript-queries\2.4.3\Security\CWE-078\SecondOrderCommandInjection.ql.
[2026-08-14 14:45:01] [SPAMMY] resolve queries> Query Filter: Implicitly candidating C:\Users\Moham\.codeql\packages\codeql\javascript-queries\2.4.3\Security\CWE-078\ShellCommandInjectionFromEnvironment.ql.
[2026-08-14 14:45:01] [SPAMMY] resolve queries> Query Filter: Implicitly candidating C:\Users\Moham\.codeql\packages\codeql\javascript-queries\2.4.3\Security\CWE-078\UnsafeShellCommandConstruction.ql.
[2026-08-14 14:45:01] [SPAMMY] resolve queries> Query Filter: Implicitly candidating C:\Users\Moham\.codeql\packages\codeql\javascript-queries\2.4.3\Security\CWE-078\UselessUseOfCat.ql.
[2026-08-14 14:45:01] [SPAMMY] resolve queries> Query Filter: Implicitly candidating C:\Users\Moham\.codeql\packages\codeql\javascript-queries\2.4.3\Security\CWE-079\ExceptionXss.ql.
[2026-08-14 14:45:01] [SPAMMY] resolve queries> Query Filter: Implicitly candidating C:\Users\Moham\.codeql\packages\codeql\javascript-queries\2.4.3\Security\CWE-079\ReflectedXss.ql.
[2026-08-14 14:45:01] [SPAMMY] resolve queries> Query Filter: Implicitly candidating C:\Users\Moham\.codeql\packages\codeql\javascript-queries\2.4.3\Security\CWE-079\StoredXss.ql.
[2026-08-14 14:45:01] [SPAMMY] resolve queries> Query Filter: Implicitly candidating C:\Users\Moham\.codeql\packages\codeql\javascript-queries\2.4.3\Security\CWE-079\UnsafeHtmlConstruction.ql.
[2026-08-14 14:45:01] [SPAMMY] resolve queries> Query Filter: Implicitly candidating C:\Users\Moham\.codeql\packages\codeql\javascript-queries\2.4.3\Security\CWE-079\UnsafeJQueryPlugin.ql.
[2026-08-14 14:45:01] [SPAMMY] resolve queries> Query Filter: Implicitly candidating C:\Users\Moham\.codeql\packages\codeql\javascript-queries\2.4.3\Security\CWE-079\Xss.ql.
[2026-08-14 14:45:01] [SPAMMY] resolve queries> Query Filter: Implicitly candidating C:\Users\Moham\.codeql\packages\codeql\javascript-queries\2.4.3\Security\CWE-079\XssThroughDom.ql.
[2026-08-14 14:45:01] [SPAMMY] resolve queries> Query Filter: Implicitly candidating C:\Users\Moham\.codeql\packages\codeql\javascript-queries\2.4.3\Security\CWE-089\SqlInjection.ql.
[2026-08-14 14:45:01] [SPAMMY] resolve queries> Query Filter: Implicitly candidating C:\Users\Moham\.codeql\packages\codeql\javascript-queries\2.4.3\Security\CWE-094\CodeInjection.ql.
[2026-08-14 14:45:01] [SPAMMY] resolve queries> Query Filter: Implicitly candidating C:\Users\Moham\.codeql\packages\codeql\javascript-queries\2.4.3\Security\CWE-094\ImproperCodeSanitization.ql.
[2026-08-14 14:45:01] [SPAMMY] resolve queries> Query Filter: Implicitly candidating C:\Users\Moham\.codeql\packages\codeql\javascript-queries\2.4.3\Security\CWE-094\UnsafeCodeConstruction.ql.
[2026-08-14 14:45:01] [SPAMMY] resolve queries> Query Filter: Implicitly candidating C:\Users\Moham\.codeql\packages\codeql\javascript-queries\2.4.3\Security\CWE-094\UnsafeDynamicMethodAccess.ql.
[2026-08-14 14:45:01] [SPAMMY] resolve queries> Query Filter: Implicitly candidating C:\Users\Moham\.codeql\packages\codeql\javascript-queries\2.4.3\Security\CWE-1004\ClientExposedCookie.ql.
[2026-08-14 14:45:01] [SPAMMY] resolve queries> Query Filter: Implicitly candidating C:\Users\Moham\.codeql\packages\codeql\javascript-queries\2.4.3\Security\CWE-116\BadTagFilter.ql.
[2026-08-14 14:45:01] [SPAMMY] resolve queries> Query Filter: Implicitly candidating C:\Users\Moham\.codeql\packages\codeql\javascript-queries\2.4.3\Security\CWE-116\DoubleEscaping.ql.
[2026-08-14 14:45:01] [SPAMMY] resolve queries> Query Filter: Implicitly candidating C:\Users\Moham\.codeql\packages\codeql\javascript-queries\2.4.3\Security\CWE-116\IncompleteHtmlAttributeSanitization.ql.
[2026-08-14 14:45:01] [SPAMMY] resolve queries> Query Filter: Implicitly candidating C:\Users\Moham\.codeql\packages\codeql\javascript-queries\2.4.3\Security\CWE-116\IncompleteMultiCharacterSanitization.ql.
[2026-08-14 14:45:01] [SPAMMY] resolve queries> Query Filter: Implicitly candidating C:\Users\Moham\.codeql\packages\codeql\javascript-queries\2.4.3\Security\CWE-116\IncompleteSanitization.ql.
[2026-08-14 14:45:01] [SPAMMY] resolve queries> Query Filter: Implicitly candidating C:\Users\Moham\.codeql\packages\codeql\javascript-queries\2.4.3\Security\CWE-116\UnsafeHtmlExpansion.ql.
[2026-08-14 14:45:01] [SPAMMY] resolve queries> Query Filter: Implicitly candidating C:\Users\Moham\.codeql\packages\codeql\javascript-queries\2.4.3\Security\CWE-117\LogInjection.ql.
[2026-08-14 14:45:01] [SPAMMY] resolve queries> Query Filter: Implicitly candidating C:\Users\Moham\.codeql\packages\codeql\javascript-queries\2.4.3\Security\CWE-1275\SameSiteNoneCookie.ql.
[2026-08-14 14:45:01] [SPAMMY] resolve queries> Query Filter: Implicitly candidating C:\Users\Moham\.codeql\packages\codeql\javascript-queries\2.4.3\Security\CWE-134\TaintedFormatString.ql.
[2026-08-14 14:45:01] [SPAMMY] resolve queries> Query Filter: Implicitly candidating C:\Users\Moham\.codeql\packages\codeql\javascript-queries\2.4.3\Security\CWE-1427\SystemPromptInjection.ql.
[2026-08-14 14:45:01] [SPAMMY] resolve queries> Query Filter: Implicitly candidating C:\Users\Moham\.codeql\packages\codeql\javascript-queries\2.4.3\Security\CWE-1427\UserPromptInjection.ql.
[2026-08-14 14:45:01] [SPAMMY] resolve queries> Query Filter: Implicitly candidating C:\Users\Moham\.codeql\packages\codeql\javascript-queries\2.4.3\Security\CWE-178\CaseSensitiveMiddlewarePath.ql.
[2026-08-14 14:45:01] [SPAMMY] resolve queries> Query Filter: Implicitly candidating C:\Users\Moham\.codeql\packages\codeql\javascript-queries\2.4.3\Security\CWE-200\FileAccessToHttp.ql.
[2026-08-14 14:45:01] [SPAMMY] resolve queries> Query Filter: Implicitly candidating C:\Users\Moham\.codeql\packages\codeql\javascript-queries\2.4.3\Security\CWE-200\PrivateFileExposure.ql.
[2026-08-14 14:45:01] [SPAMMY] resolve queries> Query Filter: Implicitly candidating C:\Users\Moham\.codeql\packages\codeql\javascript-queries\2.4.3\Security\CWE-201\PostMessageStar.ql.
[2026-08-14 14:45:01] [SPAMMY] resolve queries> Query Filter: Implicitly candidating C:\Users\Moham\.codeql\packages\codeql\javascript-queries\2.4.3\Security\CWE-209\StackTraceExposure.ql.
[2026-08-14 14:45:01] [SPAMMY] resolve queries> Query Filter: Implicitly candidating C:\Users\Moham\.codeql\packages\codeql\javascript-queries\2.4.3\Security\CWE-295\DisablingCertificateValidation.ql.
[2026-08-14 14:45:01] [SPAMMY] resolve queries> Query Filter: Implicitly candidating C:\Users\Moham\.codeql\packages\codeql\javascript-queries\2.4.3\Security\CWE-300\InsecureDependencyResolution.ql.
[2026-08-14 14:45:01] [SPAMMY] resolve queries> Query Filter: Implicitly candidating C:\Users\Moham\.codeql\packages\codeql\javascript-queries\2.4.3\Security\CWE-312\BuildArtifactLeak.ql.
[2026-08-14 14:45:01] [SPAMMY] resolve queries> Query Filter: Implicitly candidating C:\Users\Moham\.codeql\packages\codeql\javascript-queries\2.4.3\Security\CWE-312\CleartextLogging.ql.
[2026-08-14 14:45:01] [SPAMMY] resolve queries> Query Filter: Implicitly candidating C:\Users\Moham\.codeql\packages\codeql\javascript-queries\2.4.3\Security\CWE-312\CleartextStorage.ql.
[2026-08-14 14:45:01] [SPAMMY] resolve queries> Query Filter: Implicitly candidating C:\Users\Moham\.codeql\packages\codeql\javascript-queries\2.4.3\Security\CWE-313\PasswordInConfigurationFile.ql.
[2026-08-14 14:45:01] [SPAMMY] resolve queries> Query Filter: Implicitly candidating C:\Users\Moham\.codeql\packages\codeql\javascript-queries\2.4.3\Security\CWE-326\InsufficientKeySize.ql.
[2026-08-14 14:45:01] [SPAMMY] resolve queries> Query Filter: Implicitly candidating C:\Users\Moham\.codeql\packages\codeql\javascript-queries\2.4.3\Security\CWE-327\BadRandomness.ql.
[2026-08-14 14:45:01] [SPAMMY] resolve queries> Query Filter: Implicitly candidating C:\Users\Moham\.codeql\packages\codeql\javascript-queries\2.4.3\Security\CWE-327\BrokenCryptoAlgorithm.ql.
[2026-08-14 14:45:01] [SPAMMY] resolve queries> Query Filter: Implicitly candidating C:\Users\Moham\.codeql\packages\codeql\javascript-queries\2.4.3\Security\CWE-338\InsecureRandomness.ql.
[2026-08-14 14:45:01] [SPAMMY] resolve queries> Query Filter: Implicitly candidating C:\Users\Moham\.codeql\packages\codeql\javascript-queries\2.4.3\Security\CWE-346\CorsMisconfigurationForCredentials.ql.
[2026-08-14 14:45:01] [SPAMMY] resolve queries> Query Filter: Implicitly candidating C:\Users\Moham\.codeql\packages\codeql\javascript-queries\2.4.3\Security\CWE-347\MissingJWTKeyVerification.ql.
[2026-08-14 14:45:01] [SPAMMY] resolve queries> Query Filter: Implicitly candidating C:\Users\Moham\.codeql\packages\codeql\javascript-queries\2.4.3\Security\CWE-352\MissingCsrfMiddleware.ql.
[2026-08-14 14:45:01] [SPAMMY] resolve queries> Query Filter: Implicitly candidating C:\Users\Moham\.codeql\packages\codeql\javascript-queries\2.4.3\Security\CWE-367\FileSystemRace.ql.
[2026-08-14 14:45:01] [SPAMMY] resolve queries> Query Filter: Implicitly candidating C:\Users\Moham\.codeql\packages\codeql\javascript-queries\2.4.3\Security\CWE-377\InsecureTemporaryFile.ql.
[2026-08-14 14:45:01] [SPAMMY] resolve queries> Query Filter: Implicitly candidating C:\Users\Moham\.codeql\packages\codeql\javascript-queries\2.4.3\Security\CWE-384\SessionFixation.ql.
[2026-08-14 14:45:01] [SPAMMY] resolve queries> Query Filter: Implicitly candidating C:\Users\Moham\.codeql\packages\codeql\javascript-queries\2.4.3\Security\CWE-400\DeepObjectResourceExhaustion.ql.
[2026-08-14 14:45:01] [SPAMMY] resolve queries> Query Filter: Implicitly candidating C:\Users\Moham\.codeql\packages\codeql\javascript-queries\2.4.3\Security\CWE-400\RemotePropertyInjection.ql.
[2026-08-14 14:45:01] [SPAMMY] resolve queries> Query Filter: Implicitly candidating C:\Users\Moham\.codeql\packages\codeql\javascript-queries\2.4.3\Security\CWE-451\MissingXFrameOptions.ql.
[2026-08-14 14:45:01] [SPAMMY] resolve queries> Query Filter: Implicitly candidating C:\Users\Moham\.codeql\packages\codeql\javascript-queries\2.4.3\Security\CWE-502\UnsafeDeserialization.ql.
[2026-08-14 14:45:01] [SPAMMY] resolve queries> Query Filter: Implicitly candidating C:\Users\Moham\.codeql\packages\codeql\javascript-queries\2.4.3\Security\CWE-506\HardcodedDataInterpretedAsCode.ql.
[2026-08-14 14:45:01] [SPAMMY] resolve queries> Query Filter: Implicitly candidating C:\Users\Moham\.codeql\packages\codeql\javascript-queries\2.4.3\Security\CWE-598\SensitiveGetQuery.ql.
[2026-08-14 14:45:01] [SPAMMY] resolve queries> Query Filter: Implicitly candidating C:\Users\Moham\.codeql\packages\codeql\javascript-queries\2.4.3\Security\CWE-601\ClientSideUrlRedirect.ql.
[2026-08-14 14:45:01] [SPAMMY] resolve queries> Query Filter: Implicitly candidating C:\Users\Moham\.codeql\packages\codeql\javascript-queries\2.4.3\Security\CWE-601\ServerSideUrlRedirect.ql.
[2026-08-14 14:45:01] [SPAMMY] resolve queries> Query Filter: Implicitly candidating C:\Users\Moham\.codeql\packages\codeql\javascript-queries\2.4.3\Security\CWE-611\Xxe.ql.
[2026-08-14 14:45:01] [SPAMMY] resolve queries> Query Filter: Implicitly candidating C:\Users\Moham\.codeql\packages\codeql\javascript-queries\2.4.3\Security\CWE-614\ClearTextCookie.ql.
[2026-08-14 14:45:01] [SPAMMY] resolve queries> Query Filter: Implicitly candidating C:\Users\Moham\.codeql\packages\codeql\javascript-queries\2.4.3\Security\CWE-640\HostHeaderPoisoningInEmailGeneration.ql.
[2026-08-14 14:45:01] [SPAMMY] resolve queries> Query Filter: Implicitly candidating C:\Users\Moham\.codeql\packages\codeql\javascript-queries\2.4.3\Security\CWE-643\XpathInjection.ql.
[2026-08-14 14:45:01] [SPAMMY] resolve queries> Query Filter: Implicitly candidating C:\Users\Moham\.codeql\packages\codeql\javascript-queries\2.4.3\Security\CWE-693\InsecureHelmet.ql.
[2026-08-14 14:45:01] [SPAMMY] resolve queries> Query Filter: Implicitly candidating C:\Users\Moham\.codeql\packages\codeql\javascript-queries\2.4.3\Security\CWE-730\RegExpInjection.ql.
[2026-08-14 14:45:01] [SPAMMY] resolve queries> Query Filter: Implicitly candidating C:\Users\Moham\.codeql\packages\codeql\javascript-queries\2.4.3\Security\CWE-730\ServerCrash.ql.
[2026-08-14 14:45:01] [SPAMMY] resolve queries> Query Filter: Implicitly candidating C:\Users\Moham\.codeql\packages\codeql\javascript-queries\2.4.3\Security\CWE-754\UnvalidatedDynamicMethodCall.ql.
[2026-08-14 14:45:01] [SPAMMY] resolve queries> Query Filter: Implicitly candidating C:\Users\Moham\.codeql\packages\codeql\javascript-queries\2.4.3\Security\CWE-770\MissingRateLimiting.ql.
[2026-08-14 14:45:01] [SPAMMY] resolve queries> Query Filter: Implicitly candidating C:\Users\Moham\.codeql\packages\codeql\javascript-queries\2.4.3\Security\CWE-770\ResourceExhaustion.ql.
[2026-08-14 14:45:01] [SPAMMY] resolve queries> Query Filter: Implicitly candidating C:\Users\Moham\.codeql\packages\codeql\javascript-queries\2.4.3\Security\CWE-776\XmlBomb.ql.
[2026-08-14 14:45:01] [SPAMMY] resolve queries> Query Filter: Implicitly candidating C:\Users\Moham\.codeql\packages\codeql\javascript-queries\2.4.3\Security\CWE-798\HardcodedCredentials.ql.
[2026-08-14 14:45:01] [SPAMMY] resolve queries> Query Filter: Implicitly candidating C:\Users\Moham\.codeql\packages\codeql\javascript-queries\2.4.3\Security\CWE-807\ConditionalBypass.ql.
[2026-08-14 14:45:01] [SPAMMY] resolve queries> Query Filter: Implicitly candidating C:\Users\Moham\.codeql\packages\codeql\javascript-queries\2.4.3\Security\CWE-807\DifferentKindsComparisonBypass.ql.
[2026-08-14 14:45:01] [SPAMMY] resolve queries> Query Filter: Implicitly candidating C:\Users\Moham\.codeql\packages\codeql\javascript-queries\2.4.3\Security\CWE-829\InsecureDownload.ql.
[2026-08-14 14:45:01] [SPAMMY] resolve queries> Query Filter: Implicitly candidating C:\Users\Moham\.codeql\packages\codeql\javascript-queries\2.4.3\Security\CWE-830\FunctionalityFromUntrustedDomain.ql.
[2026-08-14 14:45:01] [SPAMMY] resolve queries> Query Filter: Implicitly candidating C:\Users\Moham\.codeql\packages\codeql\javascript-queries\2.4.3\Security\CWE-830\FunctionalityFromUntrustedSource.ql.
[2026-08-14 14:45:01] [SPAMMY] resolve queries> Query Filter: Implicitly candidating C:\Users\Moham\.codeql\packages\codeql\javascript-queries\2.4.3\Security\CWE-834\LoopBoundInjection.ql.
[2026-08-14 14:45:01] [SPAMMY] resolve queries> Query Filter: Implicitly candidating C:\Users\Moham\.codeql\packages\codeql\javascript-queries\2.4.3\Security\CWE-843\TypeConfusionThroughParameterTampering.ql.
[2026-08-14 14:45:01] [SPAMMY] resolve queries> Query Filter: Implicitly candidating C:\Users\Moham\.codeql\packages\codeql\javascript-queries\2.4.3\Security\CWE-862\EmptyPasswordInConfigurationFile.ql.
[2026-08-14 14:45:01] [SPAMMY] resolve queries> Query Filter: Implicitly candidating C:\Users\Moham\.codeql\packages\codeql\javascript-queries\2.4.3\Security\CWE-912\HttpToFileAccess.ql.
[2026-08-14 14:45:01] [SPAMMY] resolve queries> Query Filter: Implicitly candidating C:\Users\Moham\.codeql\packages\codeql\javascript-queries\2.4.3\Security\CWE-915\PrototypePollutingAssignment.ql.
[2026-08-14 14:45:01] [SPAMMY] resolve queries> Query Filter: Implicitly candidating C:\Users\Moham\.codeql\packages\codeql\javascript-queries\2.4.3\Security\CWE-915\PrototypePollutingFunction.ql.
[2026-08-14 14:45:01] [SPAMMY] resolve queries> Query Filter: Implicitly candidating C:\Users\Moham\.codeql\packages\codeql\javascript-queries\2.4.3\Security\CWE-915\PrototypePollutingMergeCall.ql.
[2026-08-14 14:45:01] [SPAMMY] resolve queries> Query Filter: Implicitly candidating C:\Users\Moham\.codeql\packages\codeql\javascript-queries\2.4.3\Security\CWE-916\InsufficientPasswordHash.ql.
[2026-08-14 14:45:01] [SPAMMY] resolve queries> Query Filter: Implicitly candidating C:\Users\Moham\.codeql\packages\codeql\javascript-queries\2.4.3\Security\CWE-918\ClientSideRequestForgery.ql.
[2026-08-14 14:45:01] [SPAMMY] resolve queries> Query Filter: Implicitly candidating C:\Users\Moham\.codeql\packages\codeql\javascript-queries\2.4.3\Security\CWE-918\RequestForgery.ql.
[2026-08-14 14:45:01] [SPAMMY] resolve queries> Query Filter: Implicitly candidating C:\Users\Moham\.codeql\packages\codeql\javascript-queries\2.4.3\Security\CWE-942\CorsPermissiveConfiguration.ql.
[2026-08-14 14:45:01] [SPAMMY] resolve queries> Query Filter: Implicitly candidating C:\Users\Moham\.codeql\packages\codeql\javascript-queries\2.4.3\Security\trest\test.ql.
[2026-08-14 14:45:01] [SPAMMY] resolve queries> Query Filter: Implicitly candidating C:\Users\Moham\.codeql\packages\codeql\javascript-queries\2.4.3\Statements\DanglingElse.ql.
[2026-08-14 14:45:01] [SPAMMY] resolve queries> Query Filter: Implicitly candidating C:\Users\Moham\.codeql\packages\codeql\javascript-queries\2.4.3\Statements\EphemeralLoop.ql.
[2026-08-14 14:45:01] [SPAMMY] resolve queries> Query Filter: Implicitly candidating C:\Users\Moham\.codeql\packages\codeql\javascript-queries\2.4.3\Statements\IgnoreArrayResult.ql.
[2026-08-14 14:45:01] [SPAMMY] resolve queries> Query Filter: Implicitly candidating C:\Users\Moham\.codeql\packages\codeql\javascript-queries\2.4.3\Statements\ImplicitReturn.ql.
[2026-08-14 14:45:01] [SPAMMY] resolve queries> Query Filter: Implicitly candidating C:\Users\Moham\.codeql\packages\codeql\javascript-queries\2.4.3\Statements\InconsistentLoopOrientation.ql.
[2026-08-14 14:45:01] [SPAMMY] resolve queries> Query Filter: Implicitly candidating C:\Users\Moham\.codeql\packages\codeql\javascript-queries\2.4.3\Statements\InconsistentReturn.ql.
[2026-08-14 14:45:01] [SPAMMY] resolve queries> Query Filter: Implicitly candidating C:\Users\Moham\.codeql\packages\codeql\javascript-queries\2.4.3\Statements\LabelInCase.ql.
[2026-08-14 14:45:01] [SPAMMY] resolve queries> Query Filter: Implicitly candidating C:\Users\Moham\.codeql\packages\codeql\javascript-queries\2.4.3\Statements\LoopIterationSkippedDueToShifting.ql.
[2026-08-14 14:45:01] [SPAMMY] resolve queries> Query Filter: Implicitly candidating C:\Users\Moham\.codeql\packages\codeql\javascript-queries\2.4.3\Statements\MisleadingIndentationAfterControlStmt.ql.
[2026-08-14 14:45:01] [SPAMMY] resolve queries> Query Filter: Implicitly candidating C:\Users\Moham\.codeql\packages\codeql\javascript-queries\2.4.3\Statements\NestedLoopsSameVariable.ql.
[2026-08-14 14:45:01] [SPAMMY] resolve queries> Query Filter: Implicitly candidating C:\Users\Moham\.codeql\packages\codeql\javascript-queries\2.4.3\Statements\ReturnAssignsLocal.ql.
[2026-08-14 14:45:01] [SPAMMY] resolve queries> Query Filter: Implicitly candidating C:\Users\Moham\.codeql\packages\codeql\javascript-queries\2.4.3\Statements\ReturnOutsideFunction.ql.
[2026-08-14 14:45:01] [SPAMMY] resolve queries> Query Filter: Implicitly candidating C:\Users\Moham\.codeql\packages\codeql\javascript-queries\2.4.3\Statements\SuspiciousUnusedLoopIterationVariable.ql.
[2026-08-14 14:45:01] [SPAMMY] resolve queries> Query Filter: Implicitly candidating C:\Users\Moham\.codeql\packages\codeql\javascript-queries\2.4.3\Statements\UnreachableStatement.ql.
[2026-08-14 14:45:01] [SPAMMY] resolve queries> Query Filter: Implicitly candidating C:\Users\Moham\.codeql\packages\codeql\javascript-queries\2.4.3\Statements\UselessComparisonTest.ql.
[2026-08-14 14:45:01] [SPAMMY] resolve queries> Query Filter: Implicitly candidating C:\Users\Moham\.codeql\packages\codeql\javascript-queries\2.4.3\Statements\UselessConditional.ql.
[2026-08-14 14:45:01] [SPAMMY] resolve queries> Query Filter: Implicitly candidating C:\Users\Moham\.codeql\packages\codeql\javascript-queries\2.4.3\Statements\UseOfReturnlessFunction.ql.
[2026-08-14 14:45:01] [SPAMMY] resolve queries> Query Filter: Implicitly candidating C:\Users\Moham\.codeql\packages\codeql\javascript-queries\2.4.3\Summary\LinesOfCode.ql.
[2026-08-14 14:45:01] [SPAMMY] resolve queries> Query Filter: Implicitly candidating C:\Users\Moham\.codeql\packages\codeql\javascript-queries\2.4.3\Summary\LinesOfUserCode.ql.
[2026-08-14 14:45:01] [SPAMMY] resolve queries> Query Filter: Implicitly candidating C:\Users\Moham\.codeql\packages\codeql\javascript-queries\2.4.3\Summary\TaintSinks.ql.
[2026-08-14 14:45:01] [SPAMMY] resolve queries> Query Filter: Implicitly candidating C:\Users\Moham\.codeql\packages\codeql\javascript-queries\2.4.3\Summary\TaintSources.ql.
[2026-08-14 14:45:01] [SPAMMY] resolve queries> Query Filter: Implicitly candidating C:\Users\Moham\.codeql\packages\codeql\javascript-queries\2.4.3\Vue\ArrowMethodOnVueInstance.ql.
[2026-08-14 14:45:01] [SPAMMY] resolve queries> Query Filter: Including by constraints kind=problem|path-problem|alert|path-alert; precision=high|very-high; problem.severity=error|warning; tags contain=security.
[2026-08-14 14:45:01] [SPAMMIER] resolve queries> Query Filter: C:\Users\Moham\.codeql\packages\codeql\javascript-queries\2.4.3\AlertSuppression.ql failed the constraint of kind (was alert-suppression).
[2026-08-14 14:45:01] [SPAMMIER] resolve queries> Query Filter: C:\Users\Moham\.codeql\packages\codeql\javascript-queries\2.4.3\AngularJS\DeadAngularJSEventListener.ql failed the constraint of precision (was low).
[2026-08-14 14:45:01] [SPAMMIER] resolve queries> Query Filter: C:\Users\Moham\.codeql\packages\codeql\javascript-queries\2.4.3\AngularJS\DependencyMismatch.ql failed 'tags contain` constraint [quality, reliability, correctness, frameworks/angularjs]
[2026-08-14 14:45:01] [SPAMMY] resolve queries> Query Filter: Including C:\Users\Moham\.codeql\packages\codeql\javascript-queries\2.4.3\AngularJS\DisablingSce.ql.
[2026-08-14 14:45:01] [SPAMMY] resolve queries> Query Filter: Including C:\Users\Moham\.codeql\packages\codeql\javascript-queries\2.4.3\AngularJS\DoubleCompilation.ql.
[2026-08-14 14:45:01] [SPAMMIER] resolve queries> Query Filter: C:\Users\Moham\.codeql\packages\codeql\javascript-queries\2.4.3\AngularJS\DuplicateDependency.ql failed 'tags contain` constraint [quality, maintainability, readability, frameworks/angularjs]
[2026-08-14 14:45:01] [SPAMMIER] resolve queries> Query Filter: C:\Users\Moham\.codeql\packages\codeql\javascript-queries\2.4.3\AngularJS\IncompatibleService.ql failed 'tags contain` constraint [quality, reliability, correctness, frameworks/angularjs]
[2026-08-14 14:45:01] [SPAMMY] resolve queries> Query Filter: Including C:\Users\Moham\.codeql\packages\codeql\javascript-queries\2.4.3\AngularJS\InsecureUrlWhitelist.ql.
[2026-08-14 14:45:01] [SPAMMIER] resolve queries> Query Filter: C:\Users\Moham\.codeql\packages\codeql\javascript-queries\2.4.3\AngularJS\MissingExplicitInjection.ql failed 'tags contain` constraint [quality, reliability, correctness, frameworks/angularjs]
[2026-08-14 14:45:01] [SPAMMIER] resolve queries> Query Filter: C:\Users\Moham\.codeql\packages\codeql\javascript-queries\2.4.3\AngularJS\RepeatedInjection.ql failed 'tags contain` constraint [quality, maintainability, readability, frameworks/angularjs]
[2026-08-14 14:45:01] [SPAMMIER] resolve queries> Query Filter: C:\Users\Moham\.codeql\packages\codeql\javascript-queries\2.4.3\AngularJS\UnusedAngularDependency.ql failed the constraint of precision (was low).
[2026-08-14 14:45:01] [SPAMMIER] resolve queries> Query Filter: C:\Users\Moham\.codeql\packages\codeql\javascript-queries\2.4.3\AngularJS\UseNgSrc.ql failed 'tags contain` constraint [quality, reliability, correctness, frameworks/angularjs]
[2026-08-14 14:45:01] [SPAMMIER] resolve queries> Query Filter: C:\Users\Moham\.codeql\packages\codeql\javascript-queries\2.4.3\Comments\CommentedOutCode.ql failed the constraint of precision (was medium).
[2026-08-14 14:45:01] [SPAMMIER] resolve queries> Query Filter: C:\Users\Moham\.codeql\packages\codeql\javascript-queries\2.4.3\Comments\FCommentedOutCode.ql failed the constraint of kind (was treemap).
[2026-08-14 14:45:01] [SPAMMIER] resolve queries> Query Filter: C:\Users\Moham\.codeql\packages\codeql\javascript-queries\2.4.3\Comments\TodoComments.ql failed the constraint of precision (was medium).
[2026-08-14 14:45:01] [SPAMMIER] resolve queries> Query Filter: C:\Users\Moham\.codeql\packages\codeql\javascript-queries\2.4.3\Declarations\ArgumentsRedefined.ql failed the constraint of problem.severity (was recommendation).
[2026-08-14 14:45:01] [SPAMMIER] resolve queries> Query Filter: C:\Users\Moham\.codeql\packages\codeql\javascript-queries\2.4.3\Declarations\AssignmentToConst.ql failed 'tags contain` constraint [quality, reliability, correctness]
[2026-08-14 14:45:01] [SPAMMIER] resolve queries> Query Filter: C:\Users\Moham\.codeql\packages\codeql\javascript-queries\2.4.3\Declarations\ClobberingVarInit.ql failed 'tags contain` constraint [quality, reliability, correctness, external/cwe/cwe-563]
[2026-08-14 14:45:01] [SPAMMIER] resolve queries> Query Filter: C:\Users\Moham\.codeql\packages\codeql\javascript-queries\2.4.3\Declarations\ConflictingFunctions.ql failed 'tags contain` constraint [quality, reliability, correctness, external/cwe/cwe-563]
[2026-08-14 14:45:01] [SPAMMIER] resolve queries> Query Filter: C:\Users\Moham\.codeql\packages\codeql\javascript-queries\2.4.3\Declarations\DeadStoreOfGlobal.ql failed the constraint of precision (was low).
[2026-08-14 14:45:01] [SPAMMIER] resolve queries> Query Filter: C:\Users\Moham\.codeql\packages\codeql\javascript-queries\2.4.3\Declarations\DeadStoreOfLocal.ql failed 'tags contain` constraint [quality, maintainability, useless-code, external/cwe/cwe-563]
[2026-08-14 14:45:01] [SPAMMIER] resolve queries> Query Filter: C:\Users\Moham\.codeql\packages\codeql\javascript-queries\2.4.3\Declarations\DeadStoreOfProperty.ql failed 'tags contain` constraint [quality, maintainability, useless-code]
[2026-08-14 14:45:01] [SPAMMIER] resolve queries> Query Filter: C:\Users\Moham\.codeql\packages\codeql\javascript-queries\2.4.3\Declarations\DeclBeforeUse.ql failed 'tags contain` constraint [quality, maintainability, readability]
[2026-08-14 14:45:01] [SPAMMIER] resolve queries> Query Filter: C:\Users\Moham\.codeql\packages\codeql\javascript-queries\2.4.3\Declarations\DefaultArgumentReferencesNestedFunction.ql failed 'tags contain` constraint [quality, reliability, correctness]
[2026-08-14 14:45:01] [SPAMMIER] resolve queries> Query Filter: C:\Users\Moham\.codeql\packages\codeql\javascript-queries\2.4.3\Declarations\DuplicateVarDecl.ql failed the constraint of problem.severity (was recommendation).
[2026-08-14 14:45:01] [SPAMMIER] resolve queries> Query Filter: C:\Users\Moham\.codeql\packages\codeql\javascript-queries\2.4.3\Declarations\IneffectiveParameterType.ql failed 'tags contain` constraint [quality, reliability, correctness, typescript]
[2026-08-14 14:45:01] [SPAMMIER] resolve queries> Query Filter: C:\Users\Moham\.codeql\packages\codeql\javascript-queries\2.4.3\Declarations\MissingThisQualifier.ql failed 'tags contain` constraint [quality, reliability, correctness, methods]
[2026-08-14 14:45:01] [SPAMMIER] resolve queries> Query Filter: C:\Users\Moham\.codeql\packages\codeql\javascript-queries\2.4.3\Declarations\MissingVarDecl.ql failed 'tags contain` constraint [quality, reliability, correctness]
[2026-08-14 14:45:01] [SPAMMIER] resolve queries> Query Filter: C:\Users\Moham\.codeql\packages\codeql\javascript-queries\2.4.3\Declarations\MixedStaticInstanceThisAccess.ql failed 'tags contain` constraint [quality, reliability, correctness, methods]
[2026-08-14 14:45:01] [SPAMMIER] resolve queries> Query Filter: C:\Users\Moham\.codeql\packages\codeql\javascript-queries\2.4.3\Declarations\RedeclaredVariable.ql failed the constraint of precision (was medium).
[2026-08-14 14:45:01] [SPAMMIER] resolve queries> Query Filter: C:\Users\Moham\.codeql\packages\codeql\javascript-queries\2.4.3\Declarations\SuspiciousMethodNameDeclaration.ql failed 'tags contain` constraint [quality, reliability, correctness, typescript, methods]
[2026-08-14 14:45:01] [SPAMMIER] resolve queries> Query Filter: C:\Users\Moham\.codeql\packages\codeql\javascript-queries\2.4.3\Declarations\TemporalDeadZone.ql failed 'tags contain` constraint [quality, reliability, correctness, portability]
[2026-08-14 14:45:01] [SPAMMIER] resolve queries> Query Filter: C:\Users\Moham\.codeql\packages\codeql\javascript-queries\2.4.3\Declarations\TooManyParameters.ql failed the constraint of precision (was low).
[2026-08-14 14:45:01] [SPAMMIER] resolve queries> Query Filter: C:\Users\Moham\.codeql\packages\codeql\javascript-queries\2.4.3\Declarations\UniqueParameterNames.ql failed 'tags contain` constraint [quality, reliability, correctness]
[2026-08-14 14:45:01] [SPAMMIER] resolve queries> Query Filter: C:\Users\Moham\.codeql\packages\codeql\javascript-queries\2.4.3\Declarations\UniquePropertyNames.ql failed 'tags contain` constraint [quality, reliability, correctness, external/cwe/cwe-563]
[2026-08-14 14:45:01] [SPAMMIER] resolve queries> Query Filter: C:\Users\Moham\.codeql\packages\codeql\javascript-queries\2.4.3\Declarations\UnreachableMethodOverloads.ql failed 'tags contain` constraint [quality, reliability, correctness, typescript]
[2026-08-14 14:45:01] [SPAMMIER] resolve queries> Query Filter: C:\Users\Moham\.codeql\packages\codeql\javascript-queries\2.4.3\Declarations\UnstableCyclicImport.ql failed the constraint of precision (was low).
[2026-08-14 14:45:01] [SPAMMIER] resolve queries> Query Filter: C:\Users\Moham\.codeql\packages\codeql\javascript-queries\2.4.3\Declarations\UnusedParameter.ql failed the constraint of precision (was medium).
[2026-08-14 14:45:01] [SPAMMIER] resolve queries> Query Filter: C:\Users\Moham\.codeql\packages\codeql\javascript-queries\2.4.3\Declarations\UnusedProperty.ql failed the constraint of precision (was low).
[2026-08-14 14:45:01] [SPAMMIER] resolve queries> Query Filter: C:\Users\Moham\.codeql\packages\codeql\javascript-queries\2.4.3\Declarations\UnusedVariable.ql failed the constraint of problem.severity (was recommendation).
[2026-08-14 14:45:01] [SPAMMIER] resolve queries> Query Filter: C:\Users\Moham\.codeql\packages\codeql\javascript-queries\2.4.3\definitions.ql failed the constraint of kind (was definitions).
[2026-08-14 14:45:01] [SPAMMIER] resolve queries> Query Filter: C:\Users\Moham\.codeql\packages\codeql\javascript-queries\2.4.3\Diagnostics\ExtractedFiles.ql failed the constraint of kind (was diagnostic).
[2026-08-14 14:45:01] [SPAMMIER] resolve queries> Query Filter: C:\Users\Moham\.codeql\packages\codeql\javascript-queries\2.4.3\Diagnostics\ExtractionErrors.ql failed the constraint of kind (was diagnostic).
[2026-08-14 14:45:01] [SPAMMIER] resolve queries> Query Filter: C:\Users\Moham\.codeql\packages\codeql\javascript-queries\2.4.3\DOM\Alert.ql failed the constraint of precision (was medium).
[2026-08-14 14:45:01] [SPAMMIER] resolve queries> Query Filter: C:\Users\Moham\.codeql\packages\codeql\javascript-queries\2.4.3\DOM\AmbiguousIdAttribute.ql failed the constraint of precision (was low).
[2026-08-14 14:45:01] [SPAMMIER] resolve queries> Query Filter: C:\Users\Moham\.codeql\packages\codeql\javascript-queries\2.4.3\DOM\ConflictingAttributes.ql failed the constraint of precision (was low).
[2026-08-14 14:45:01] [SPAMMIER] resolve queries> Query Filter: C:\Users\Moham\.codeql\packages\codeql\javascript-queries\2.4.3\DOM\DuplicateAttributes.ql failed 'tags contain` constraint [quality, maintainability, readability]
[2026-08-14 14:45:01] [SPAMMIER] resolve queries> Query Filter: C:\Users\Moham\.codeql\packages\codeql\javascript-queries\2.4.3\DOM\MalformedIdAttribute.ql failed 'tags contain` constraint [quality, reliability, correctness, external/cwe/cwe-758]
[2026-08-14 14:45:01] [SPAMMIER] resolve queries> Query Filter: C:\Users\Moham\.codeql\packages\codeql\javascript-queries\2.4.3\DOM\PseudoEval.ql failed the constraint of problem.severity (was recommendation).
[2026-08-14 14:45:01] [SPAMMIER] resolve queries> Query Filter: C:\Users\Moham\.codeql\packages\codeql\javascript-queries\2.4.3\DOM\TargetBlank.ql failed the constraint of precision (was low).
[2026-08-14 14:45:01] [SPAMMY] resolve queries> Query Filter: Including C:\Users\Moham\.codeql\packages\codeql\javascript-queries\2.4.3\Electron\AllowRunningInsecureContent.ql.
[2026-08-14 14:45:01] [SPAMMY] resolve queries> Query Filter: Including C:\Users\Moham\.codeql\packages\codeql\javascript-queries\2.4.3\Electron\DisablingWebSecurity.ql.
[2026-08-14 14:45:01] [SPAMMIER] resolve queries> Query Filter: C:\Users\Moham\.codeql\packages\codeql\javascript-queries\2.4.3\Electron\EnablingNodeIntegration.ql failed the constraint of precision (was low).
[2026-08-14 14:45:01] [SPAMMIER] resolve queries> Query Filter: C:\Users\Moham\.codeql\packages\codeql\javascript-queries\2.4.3\experimental\heuristics\ql\src\Security\CWE-020\UntrustedDataToExternalAPI.ql failed the constraint of precision (was low).
[2026-08-14 14:45:01] [SPAMMY] resolve queries> Query Filter: Including C:\Users\Moham\.codeql\packages\codeql\javascript-queries\2.4.3\experimental\heuristics\ql\src\Security\CWE-078\CommandInjection.ql.
[2026-08-14 14:45:01] [SPAMMY] resolve queries> Query Filter: Including C:\Users\Moham\.codeql\packages\codeql\javascript-queries\2.4.3\experimental\heuristics\ql\src\Security\CWE-079\Xss.ql.
[2026-08-14 14:45:01] [SPAMMY] resolve queries> Query Filter: Including C:\Users\Moham\.codeql\packages\codeql\javascript-queries\2.4.3\experimental\heuristics\ql\src\Security\CWE-089\SqlInjection.ql.
[2026-08-14 14:45:01] [SPAMMY] resolve queries> Query Filter: Including C:\Users\Moham\.codeql\packages\codeql\javascript-queries\2.4.3\experimental\heuristics\ql\src\Security\CWE-094\CodeInjection.ql.
[2026-08-14 14:45:01] [SPAMMIER] resolve queries> Query Filter: C:\Users\Moham\.codeql\packages\codeql\javascript-queries\2.4.3\experimental\heuristics\ql\src\Security\CWE-117\LogInjection.ql failed the constraint of precision (was medium).
[2026-08-14 14:45:01] [SPAMMY] resolve queries> Query Filter: Including C:\Users\Moham\.codeql\packages\codeql\javascript-queries\2.4.3\experimental\heuristics\ql\src\Security\CWE-134\TaintedFormatString.ql.
[2026-08-14 14:45:01] [SPAMMY] resolve queries> Query Filter: Including C:\Users\Moham\.codeql\packages\codeql\javascript-queries\2.4.3\experimental\heuristics\ql\src\Security\CWE-346\CorsMisconfigurationForCredentials.ql.
[2026-08-14 14:45:01] [SPAMMIER] resolve queries> Query Filter: C:\Users\Moham\.codeql\packages\codeql\javascript-queries\2.4.3\experimental\heuristics\ql\src\Security\CWE-400\RemotePropertyInjection.ql failed the constraint of precision (was medium).
[2026-08-14 14:45:01] [SPAMMY] resolve queries> Query Filter: Including C:\Users\Moham\.codeql\packages\codeql\javascript-queries\2.4.3\experimental\heuristics\ql\src\Security\CWE-502\UnsafeDeserialization.ql.
[2026-08-14 14:45:01] [SPAMMY] resolve queries> Query Filter: Including C:\Users\Moham\.codeql\packages\codeql\javascript-queries\2.4.3\experimental\heuristics\ql\src\Security\CWE-611\Xxe.ql.
[2026-08-14 14:45:01] [SPAMMY] resolve queries> Query Filter: Including C:\Users\Moham\.codeql\packages\codeql\javascript-queries\2.4.3\experimental\heuristics\ql\src\Security\CWE-643\XpathInjection.ql.
[2026-08-14 14:45:01] [SPAMMY] resolve queries> Query Filter: Including C:\Users\Moham\.codeql\packages\codeql\javascript-queries\2.4.3\experimental\heuristics\ql\src\Security\CWE-730\RegExpInjection.ql.
[2026-08-14 14:45:01] [SPAMMY] resolve queries> Query Filter: Including C:\Users\Moham\.codeql\packages\codeql\javascript-queries\2.4.3\experimental\heuristics\ql\src\Security\CWE-770\ResourceExhaustion.ql.
[2026-08-14 14:45:01] [SPAMMY] resolve queries> Query Filter: Including C:\Users\Moham\.codeql\packages\codeql\javascript-queries\2.4.3\experimental\heuristics\ql\src\Security\CWE-776\XmlBomb.ql.
[2026-08-14 14:45:01] [SPAMMIER] resolve queries> Query Filter: C:\Users\Moham\.codeql\packages\codeql\javascript-queries\2.4.3\experimental\heuristics\ql\src\Security\CWE-807\ConditionalBypass.ql failed the constraint of precision (was medium).
[2026-08-14 14:45:01] [SPAMMY] resolve queries> Query Filter: Including C:\Users\Moham\.codeql\packages\codeql\javascript-queries\2.4.3\experimental\heuristics\ql\src\Security\CWE-915\PrototypePollutingAssignment.ql.
[2026-08-14 14:45:01] [SPAMMY] resolve queries> Query Filter: Including C:\Users\Moham\.codeql\packages\codeql\javascript-queries\2.4.3\experimental\Security\CWE-094-dataURL\CodeInjection.ql.
[2026-08-14 14:45:01] [SPAMMIER] resolve queries> Query Filter: C:\Users\Moham\.codeql\packages\codeql\javascript-queries\2.4.3\experimental\Security\CWE-099\EnvValueAndKeyInjection.ql failed the constraint of precision (was medium).
[2026-08-14 14:45:01] [SPAMMIER] resolve queries> Query Filter: C:\Users\Moham\.codeql\packages\codeql\javascript-queries\2.4.3\experimental\Security\CWE-099\EnvValueInjection.ql failed the constraint of precision (was medium).
[2026-08-14 14:45:01] [SPAMMIER] resolve queries> Query Filter: C:\Users\Moham\.codeql\packages\codeql\javascript-queries\2.4.3\experimental\Security\CWE-340\TokenBuiltFromUUID.ql failed the constraint of precision (was medium).
[2026-08-14 14:45:01] [SPAMMY] resolve queries> Query Filter: Including C:\Users\Moham\.codeql\packages\codeql\javascript-queries\2.4.3\experimental\Security\CWE-347\decodeJwtWithoutVerification.ql.
[2026-08-14 14:45:01] [SPAMMY] resolve queries> Query Filter: Including C:\Users\Moham\.codeql\packages\codeql\javascript-queries\2.4.3\experimental\Security\CWE-347\decodeJwtWithoutVerificationLocalSource.ql.
[2026-08-14 14:45:01] [SPAMMY] resolve queries> Query Filter: Including C:\Users\Moham\.codeql\packages\codeql\javascript-queries\2.4.3\experimental\Security\CWE-444\InsecureHttpParser.ql.
[2026-08-14 14:45:01] [SPAMMY] resolve queries> Query Filter: Including C:\Users\Moham\.codeql\packages\codeql\javascript-queries\2.4.3\experimental\Security\CWE-522-DecompressionBombs\DecompressionBombs.ql.
[2026-08-14 14:45:01] [SPAMMIER] resolve queries> Query Filter: C:\Users\Moham\.codeql\packages\codeql\javascript-queries\2.4.3\experimental\Security\CWE-918\SSRF.ql failed the constraint of precision (was medium).
[2026-08-14 14:45:01] [SPAMMIER] resolve queries> Query Filter: C:\Users\Moham\.codeql\packages\codeql\javascript-queries\2.4.3\experimental\Security\CWE-918\SsrfIpv6TransitionIncompleteGuard.ql failed the constraint of precision (not present).
[2026-08-14 14:45:01] [SPAMMIER] resolve queries> Query Filter: C:\Users\Moham\.codeql\packages\codeql\javascript-queries\2.4.3\experimental\StandardLibrary\MultipleArgumentsToSetConstructor.ql failed 'tags contain` constraint [correctness]
[2026-08-14 14:45:01] [SPAMMIER] resolve queries> Query Filter: C:\Users\Moham\.codeql\packages\codeql\javascript-queries\2.4.3\Expressions\BitwiseSignCheck.ql failed the constraint of precision (was low).
[2026-08-14 14:45:01] [SPAMMIER] resolve queries> Query Filter: C:\Users\Moham\.codeql\packages\codeql\javascript-queries\2.4.3\Expressions\CompareIdenticalValues.ql failed the constraint of precision (was low).
[2026-08-14 14:45:01] [SPAMMIER] resolve queries> Query Filter: C:\Users\Moham\.codeql\packages\codeql\javascript-queries\2.4.3\Expressions\ComparisonWithNaN.ql failed 'tags contain` constraint [quality, reliability, correctness, external/cwe/cwe-570, external/cwe/cwe-571]
[2026-08-14 14:45:01] [SPAMMIER] resolve queries> Query Filter: C:\Users\Moham\.codeql\packages\codeql\javascript-queries\2.4.3\Expressions\DuplicateCondition.ql failed 'tags contain` constraint [quality, reliability, correctness, external/cwe/cwe-561]
[2026-08-14 14:45:01] [SPAMMIER] resolve queries> Query Filter: C:\Users\Moham\.codeql\packages\codeql\javascript-queries\2.4.3\Expressions\DuplicateProperty.ql failed 'tags contain` constraint [quality, maintainability, readability, external/cwe/cwe-563]
[2026-08-14 14:45:01] [SPAMMIER] resolve queries> Query Filter: C:\Users\Moham\.codeql\packages\codeql\javascript-queries\2.4.3\Expressions\DuplicateSwitchCase.ql failed 'tags contain` constraint [quality, reliability, correctness, external/cwe/cwe-561]
[2026-08-14 14:45:01] [SPAMMIER] resolve queries> Query Filter: C:\Users\Moham\.codeql\packages\codeql\javascript-queries\2.4.3\Expressions\ExprHasNoEffect.ql failed 'tags contain` constraint [quality, maintainability, useless-code, external/cwe/cwe-480, external/cwe/cwe-561]
[2026-08-14 14:45:01] [SPAMMIER] resolve queries> Query Filter: C:\Users\Moham\.codeql\packages\codeql\javascript-queries\2.4.3\Expressions\HeterogeneousComparison.ql failed 'tags contain` constraint [quality, reliability, correctness, external/cwe/cwe-570, external/cwe/cwe-571]
[2026-08-14 14:45:01] [SPAMMIER] resolve queries> Query Filter: C:\Users\Moham\.codeql\packages\codeql\javascript-queries\2.4.3\Expressions\ImplicitOperandConversion.ql failed 'tags contain` constraint [quality, reliability, correctness, external/cwe/cwe-704]
[2026-08-14 14:45:01] [SPAMMIER] resolve queries> Query Filter: C:\Users\Moham\.codeql\packages\codeql\javascript-queries\2.4.3\Expressions\MissingAwait.ql failed 'tags contain` constraint [quality, reliability, correctness]
[2026-08-14 14:45:01] [SPAMMIER] resolve queries> Query Filter: C:\Users\Moham\.codeql\packages\codeql\javascript-queries\2.4.3\Expressions\MissingDotLengthInComparison.ql failed 'tags contain` constraint [quality, reliability, correctness]
[2026-08-14 14:45:01] [SPAMMIER] resolve queries> Query Filter: C:\Users\Moham\.codeql\packages\codeql\javascript-queries\2.4.3\Expressions\MissingSpaceInAppend.ql failed 'tags contain` constraint [quality, maintainability, readability]
[2026-08-14 14:45:01] [SPAMMIER] resolve queries> Query Filter: C:\Users\Moham\.codeql\packages\codeql\javascript-queries\2.4.3\Expressions\MisspelledIdentifier.ql failed the constraint of precision (was low).
[2026-08-14 14:45:01] [SPAMMIER] resolve queries> Query Filter: C:\Users\Moham\.codeql\packages\codeql\javascript-queries\2.4.3\Expressions\MisspelledVariableName.ql failed 'tags contain` constraint [quality, reliability, correctness]
[2026-08-14 14:45:01] [SPAMMIER] resolve queries> Query Filter: C:\Users\Moham\.codeql\packages\codeql\javascript-queries\2.4.3\Expressions\RedundantExpression.ql failed 'tags contain` constraint [quality, reliability, correctness, external/cwe/cwe-480, external/cwe/cwe-561]
[2026-08-14 14:45:01] [SPAMMIER] resolve queries> Query Filter: C:\Users\Moham\.codeql\packages\codeql\javascript-queries\2.4.3\Expressions\SelfAssignment.ql failed 'tags contain` constraint [quality, reliability, correctness, external/cwe/cwe-480, external/cwe/cwe-561]
[2026-08-14 14:45:01] [SPAMMIER] resolve queries> Query Filter: C:\Users\Moham\.codeql\packages\codeql\javascript-queries\2.4.3\Expressions\ShiftOutOfRange.ql failed 'tags contain` constraint [quality, reliability, correctness, external/cwe/cwe-197]
[2026-08-14 14:45:01] [SPAMMIER] resolve queries> Query Filter: C:\Users\Moham\.codeql\packages\codeql\javascript-queries\2.4.3\Expressions\StringInsteadOfRegex.ql failed 'tags contain` constraint [quality, reliability, correctness]
[2026-08-14 14:45:01] [SPAMMIER] resolve queries> Query Filter: C:\Users\Moham\.codeql\packages\codeql\javascript-queries\2.4.3\Expressions\SuspiciousInvocation.ql failed 'tags contain` constraint [quality, reliability, correctness, external/cwe/cwe-476]
[2026-08-14 14:45:01] [SPAMMIER] resolve queries> Query Filter: C:\Users\Moham\.codeql\packages\codeql\javascript-queries\2.4.3\Expressions\SuspiciousPropAccess.ql failed 'tags contain` constraint [quality, reliability, correctness, external/cwe/cwe-476]
[2026-08-14 14:45:01] [SPAMMIER] resolve queries> Query Filter: C:\Users\Moham\.codeql\packages\codeql\javascript-queries\2.4.3\Expressions\UnboundEventHandlerReceiver.ql failed 'tags contain` constraint [quality, reliability, correctness]
[2026-08-14 14:45:01] [SPAMMIER] resolve queries> Query Filter: C:\Users\Moham\.codeql\packages\codeql\javascript-queries\2.4.3\Expressions\UnclearOperatorPrecedence.ql failed the constraint of problem.severity (was recommendation).
[2026-08-14 14:45:01] [SPAMMIER] resolve queries> Query Filter: C:\Users\Moham\.codeql\packages\codeql\javascript-queries\2.4.3\Expressions\UnknownDirective.ql failed 'tags contain` constraint [quality, reliability, correctness]
[2026-08-14 14:45:01] [SPAMMIER] resolve queries> Query Filter: C:\Users\Moham\.codeql\packages\codeql\javascript-queries\2.4.3\Expressions\UnneededDefensiveProgramming.ql failed the constraint of problem.severity (was recommendation).
[2026-08-14 14:45:01] [SPAMMIER] resolve queries> Query Filter: C:\Users\Moham\.codeql\packages\codeql\javascript-queries\2.4.3\Expressions\WhitespaceContradictsPrecedence.ql failed 'tags contain` constraint [quality, reliability, correctness, statistical, non-attributable, external/cwe/cwe-783]
[2026-08-14 14:45:01] [SPAMMIER] resolve queries> Query Filter: C:\Users\Moham\.codeql\packages\codeql\javascript-queries\2.4.3\external\DuplicateFunction.ql failed the constraint of precision (was medium).
[2026-08-14 14:45:01] [SPAMMIER] resolve queries> Query Filter: C:\Users\Moham\.codeql\packages\codeql\javascript-queries\2.4.3\external\DuplicateToplevel.ql failed the constraint of precision (was medium).
[2026-08-14 14:45:01] [SPAMMIER] resolve queries> Query Filter: C:\Users\Moham\.codeql\packages\codeql\javascript-queries\2.4.3\external\SimilarFunction.ql failed the constraint of precision (was medium).
[2026-08-14 14:45:01] [SPAMMIER] resolve queries> Query Filter: C:\Users\Moham\.codeql\packages\codeql\javascript-queries\2.4.3\external\SimilarToplevel.ql failed the constraint of precision (was medium).
[2026-08-14 14:45:01] [SPAMMIER] resolve queries> Query Filter: C:\Users\Moham\.codeql\packages\codeql\javascript-queries\2.4.3\filters\ClassifyFiles.ql failed the constraint of kind (was file-classifier).
[2026-08-14 14:45:01] [SPAMMIER] resolve queries> Query Filter: C:\Users\Moham\.codeql\packages\codeql\javascript-queries\2.4.3\JSDoc\BadParamTag.ql failed the constraint of precision (was low).
[2026-08-14 14:45:01] [SPAMMIER] resolve queries> Query Filter: C:\Users\Moham\.codeql\packages\codeql\javascript-queries\2.4.3\JSDoc\JSDocForNonExistentParameter.ql failed the constraint of precision (was low).
[2026-08-14 14:45:01] [SPAMMIER] resolve queries> Query Filter: C:\Users\Moham\.codeql\packages\codeql\javascript-queries\2.4.3\JSDoc\UndocumentedParameter.ql failed the constraint of precision (was low).
[2026-08-14 14:45:01] [SPAMMIER] resolve queries> Query Filter: C:\Users\Moham\.codeql\packages\codeql\javascript-queries\2.4.3\LanguageFeatures\ArgumentsCallerCallee.ql failed the constraint of precision (was medium).
[2026-08-14 14:45:01] [SPAMMIER] resolve queries> Query Filter: C:\Users\Moham\.codeql\packages\codeql\javascript-queries\2.4.3\LanguageFeatures\BadTypeof.ql failed 'tags contain` constraint [quality, reliability, correctness, language-features, external/cwe/cwe-570, external/cwe/cwe-571]
[2026-08-14 14:45:01] [SPAMMIER] resolve queries> Query Filter: C:\Users\Moham\.codeql\packages\codeql\javascript-queries\2.4.3\LanguageFeatures\ConditionalComments.ql failed 'tags contain` constraint [quality, reliability, correctness, portability, language-features, external/cwe/cwe-758]
[2026-08-14 14:45:01] [SPAMMIER] resolve queries> Query Filter: C:\Users\Moham\.codeql\packages\codeql\javascript-queries\2.4.3\LanguageFeatures\DebuggerStatement.ql failed the constraint of precision (was medium).
[2026-08-14 14:45:01] [SPAMMIER] resolve queries> Query Filter: C:\Users\Moham\.codeql\packages\codeql\javascript-queries\2.4.3\LanguageFeatures\DeleteVar.ql failed 'tags contain` constraint [quality, reliability, correctness, language-features, external/cwe/cwe-480]
[2026-08-14 14:45:01] [SPAMMIER] resolve queries> Query Filter: C:\Users\Moham\.codeql\packages\codeql\javascript-queries\2.4.3\LanguageFeatures\EmptyArrayInit.ql failed the constraint of precision (was low).
[2026-08-14 14:45:01] [SPAMMIER] resolve queries> Query Filter: C:\Users\Moham\.codeql\packages\codeql\javascript-queries\2.4.3\LanguageFeatures\Eval.ql failed the constraint of precision (was medium).
[2026-08-14 14:45:01] [SPAMMIER] resolve queries> Query Filter: C:\Users\Moham\.codeql\packages\codeql\javascript-queries\2.4.3\LanguageFeatures\ExpressionClosures.ql failed 'tags contain` constraint [quality, maintainability, readability, portability, language-features, external/cwe/cwe-758]
[2026-08-14 14:45:01] [SPAMMIER] resolve queries> Query Filter: C:\Users\Moham\.codeql\packages\codeql\javascript-queries\2.4.3\LanguageFeatures\ForInComprehensionBlocks.ql failed 'tags contain` constraint [quality, maintainability, readability, portability, language-features, external/cwe/cwe-758]
[2026-08-14 14:45:01] [SPAMMIER] resolve queries> Query Filter: C:\Users\Moham\.codeql\packages\codeql\javascript-queries\2.4.3\LanguageFeatures\IllegalInvocation.ql failed 'tags contain` constraint [quality, reliability, correctness, language-features]
[2026-08-14 14:45:01] [SPAMMIER] resolve queries> Query Filter: C:\Users\Moham\.codeql\packages\codeql\javascript-queries\2.4.3\LanguageFeatures\InconsistentNew.ql failed 'tags contain` constraint [quality, reliability, correctness, language-features]
[2026-08-14 14:45:01] [SPAMMIER] resolve queries> Query Filter: C:\Users\Moham\.codeql\packages\codeql\javascript-queries\2.4.3\LanguageFeatures\InvalidPrototype.ql failed 'tags contain` constraint [quality, reliability, correctness, language-features, external/cwe/cwe-704]
[2026-08-14 14:45:01] [SPAMMIER] resolve queries> Query Filter: C:\Users\Moham\.codeql\packages\codeql\javascript-queries\2.4.3\LanguageFeatures\JumpFromFinally.ql failed the constraint of precision (was low).
[2026-08-14 14:45:01] [SPAMMIER] resolve queries> Query Filter: C:\Users\Moham\.codeql\packages\codeql\javascript-queries\2.4.3\LanguageFeatures\LengthComparisonOffByOne.ql failed 'tags contain` constraint [quality, reliability, correctness, logic, language-features, external/cwe/cwe-193]
[2026-08-14 14:45:01] [SPAMMIER] resolve queries> Query Filter: C:\Users\Moham\.codeql\packages\codeql\javascript-queries\2.4.3\LanguageFeatures\NonLinearPattern.ql failed 'tags contain` constraint [quality, reliability, correctness, language-features]
[2026-08-14 14:45:01] [SPAMMIER] resolve queries> Query Filter: C:\Users\Moham\.codeql\packages\codeql\javascript-queries\2.4.3\LanguageFeatures\PropertyWriteOnPrimitive.ql failed 'tags contain` constraint [quality, reliability, correctness, language-features, external/cwe/cwe-704]
[2026-08-14 14:45:01] [SPAMMIER] resolve queries> Query Filter: C:\Users\Moham\.codeql\packages\codeql\javascript-queries\2.4.3\LanguageFeatures\SemicolonInsertion.ql failed the constraint of problem.severity (was recommendation).
[2026-08-14 14:45:01] [SPAMMIER] resolve queries> Query Filter: C:\Users\Moham\.codeql\packages\codeql\javascript-queries\2.4.3\LanguageFeatures\SetterIgnoresParameter.ql failed the constraint of precision (was low).
[2026-08-14 14:45:01] [SPAMMIER] resolve queries> Query Filter: C:\Users\Moham\.codeql\packages\codeql\javascript-queries\2.4.3\LanguageFeatures\SetterReturn.ql failed 'tags contain` constraint [quality, maintainability, useless-code, language-features]
[2026-08-14 14:45:01] [SPAMMIER] resolve queries> Query Filter: C:\Users\Moham\.codeql\packages\codeql\javascript-queries\2.4.3\LanguageFeatures\SpuriousArguments.ql failed 'tags contain` constraint [quality, reliability, correctness, language-features, external/cwe/cwe-685]
[2026-08-14 14:45:01] [SPAMMIER] resolve queries> Query Filter: C:\Users\Moham\.codeql\packages\codeql\javascript-queries\2.4.3\LanguageFeatures\StrictModeCallStackIntrospection.ql failed 'tags contain` constraint [quality, reliability, correctness, language-features]
[2026-08-14 14:45:01] [SPAMMIER] resolve queries> Query Filter: C:\Users\Moham\.codeql\packages\codeql\javascript-queries\2.4.3\LanguageFeatures\SyntaxError.ql failed the constraint of problem.severity (was recommendation).
[2026-08-14 14:45:01] [SPAMMIER] resolve queries> Query Filter: C:\Users\Moham\.codeql\packages\codeql\javascript-queries\2.4.3\LanguageFeatures\TemplateSyntaxInStringLiteral.ql failed 'tags contain` constraint [quality, reliability, correctness, language-features]
[2026-08-14 14:45:01] [SPAMMIER] resolve queries> Query Filter: C:\Users\Moham\.codeql\packages\codeql\javascript-queries\2.4.3\LanguageFeatures\ThisBeforeSuper.ql failed 'tags contain` constraint [quality, reliability, correctness, language-features]
[2026-08-14 14:45:01] [SPAMMIER] resolve queries> Query Filter: C:\Users\Moham\.codeql\packages\codeql\javascript-queries\2.4.3\LanguageFeatures\UnusedIndexVariable.ql failed 'tags contain` constraint [quality, reliability, correctness]
[2026-08-14 14:45:01] [SPAMMIER] resolve queries> Query Filter: C:\Users\Moham\.codeql\packages\codeql\javascript-queries\2.4.3\LanguageFeatures\WithStatement.ql failed 'tags contain` constraint [quality, maintainability, complexity, language-features]
[2026-08-14 14:45:01] [SPAMMIER] resolve queries> Query Filter: C:\Users\Moham\.codeql\packages\codeql\javascript-queries\2.4.3\LanguageFeatures\WrongExtensionJSON.ql failed the constraint of precision (was low).
[2026-08-14 14:45:01] [SPAMMIER] resolve queries> Query Filter: C:\Users\Moham\.codeql\packages\codeql\javascript-queries\2.4.3\LanguageFeatures\YieldInNonGenerator.ql failed 'tags contain` constraint [quality, reliability, correctness, language-features, external/cwe/cwe-758]
[2026-08-14 14:45:01] [SPAMMIER] resolve queries> Query Filter: C:\Users\Moham\.codeql\packages\codeql\javascript-queries\2.4.3\meta\alerts\CallGraph.ql failed the constraint of precision (was very-low).
[2026-08-14 14:45:01] [SPAMMIER] resolve queries> Query Filter: C:\Users\Moham\.codeql\packages\codeql\javascript-queries\2.4.3\meta\alerts\ImportGraph.ql failed the constraint of precision (was very-low).
[2026-08-14 14:45:01] [SPAMMIER] resolve queries> Query Filter: C:\Users\Moham\.codeql\packages\codeql\javascript-queries\2.4.3\meta\alerts\LibraryInputs.ql failed the constraint of precision (was very-low).
[2026-08-14 14:45:01] [SPAMMIER] resolve queries> Query Filter: C:\Users\Moham\.codeql\packages\codeql\javascript-queries\2.4.3\meta\alerts\TaintedNodes.ql failed the constraint of precision (was very-low).
[2026-08-14 14:45:01] [SPAMMIER] resolve queries> Query Filter: C:\Users\Moham\.codeql\packages\codeql\javascript-queries\2.4.3\meta\alerts\TaintSinks.ql failed the constraint of precision (was very-low).
[2026-08-14 14:45:01] [SPAMMIER] resolve queries> Query Filter: C:\Users\Moham\.codeql\packages\codeql\javascript-queries\2.4.3\meta\alerts\TaintSources.ql failed the constraint of precision (was very-low).
[2026-08-14 14:45:01] [SPAMMIER] resolve queries> Query Filter: C:\Users\Moham\.codeql\packages\codeql\javascript-queries\2.4.3\meta\alerts\ThreatModelSources.ql failed the constraint of precision (was very-low).
[2026-08-14 14:45:01] [SPAMMIER] resolve queries> Query Filter: C:\Users\Moham\.codeql\packages\codeql\javascript-queries\2.4.3\meta\analysis-quality\CalledFunctionCandidates.ql failed the constraint of kind (was metric).
[2026-08-14 14:45:01] [SPAMMIER] resolve queries> Query Filter: C:\Users\Moham\.codeql\packages\codeql\javascript-queries\2.4.3\meta\analysis-quality\CalledFunctionRatio.ql failed the constraint of kind (was metric).
[2026-08-14 14:45:01] [SPAMMIER] resolve queries> Query Filter: C:\Users\Moham\.codeql\packages\codeql\javascript-queries\2.4.3\meta\analysis-quality\CalledFunctions.ql failed the constraint of kind (was metric).
[2026-08-14 14:45:01] [SPAMMIER] resolve queries> Query Filter: C:\Users\Moham\.codeql\packages\codeql\javascript-queries\2.4.3\meta\analysis-quality\DomValueRefs.ql failed the constraint of kind (was metric).
[2026-08-14 14:45:01] [SPAMMIER] resolve queries> Query Filter: C:\Users\Moham\.codeql\packages\codeql\javascript-queries\2.4.3\meta\analysis-quality\NumModules.ql failed the constraint of kind (was metric).
[2026-08-14 14:45:01] [SPAMMIER] resolve queries> Query Filter: C:\Users\Moham\.codeql\packages\codeql\javascript-queries\2.4.3\meta\analysis-quality\ResolvableCallCandidates.ql failed the constraint of kind (was metric).
[2026-08-14 14:45:01] [SPAMMIER] resolve queries> Query Filter: C:\Users\Moham\.codeql\packages\codeql\javascript-queries\2.4.3\meta\analysis-quality\ResolvableCallRatio.ql failed the constraint of kind (was metric).
[2026-08-14 14:45:01] [SPAMMIER] resolve queries> Query Filter: C:\Users\Moham\.codeql\packages\codeql\javascript-queries\2.4.3\meta\analysis-quality\ResolvableCalls.ql failed the constraint of kind (was metric).
[2026-08-14 14:45:01] [SPAMMIER] resolve queries> Query Filter: C:\Users\Moham\.codeql\packages\codeql\javascript-queries\2.4.3\meta\analysis-quality\ResolvableImports.ql failed the constraint of kind (was metric).
[2026-08-14 14:45:01] [SPAMMIER] resolve queries> Query Filter: C:\Users\Moham\.codeql\packages\codeql\javascript-queries\2.4.3\meta\analysis-quality\RouteHandlers.ql failed the constraint of kind (was metric).
[2026-08-14 14:45:01] [SPAMMIER] resolve queries> Query Filter: C:\Users\Moham\.codeql\packages\codeql\javascript-queries\2.4.3\meta\analysis-quality\SanitizersReachableFromSource.ql failed the constraint of kind (was metric).
[2026-08-14 14:45:01] [SPAMMIER] resolve queries> Query Filter: C:\Users\Moham\.codeql\packages\codeql\javascript-queries\2.4.3\meta\analysis-quality\SinksReachableFromSanitizer.ql failed the constraint of kind (was metric).
[2026-08-14 14:45:01] [SPAMMIER] resolve queries> Query Filter: C:\Users\Moham\.codeql\packages\codeql\javascript-queries\2.4.3\meta\analysis-quality\TaintedNodes.ql failed the constraint of kind (was metric).
[2026-08-14 14:45:01] [SPAMMIER] resolve queries> Query Filter: C:\Users\Moham\.codeql\packages\codeql\javascript-queries\2.4.3\meta\analysis-quality\TaintSinks.ql failed the constraint of kind (was metric).
[2026-08-14 14:45:01] [SPAMMIER] resolve queries> Query Filter: C:\Users\Moham\.codeql\packages\codeql\javascript-queries\2.4.3\meta\analysis-quality\TaintSources.ql failed the constraint of kind (was metric).
[2026-08-14 14:45:01] [SPAMMIER] resolve queries> Query Filter: C:\Users\Moham\.codeql\packages\codeql\javascript-queries\2.4.3\meta\analysis-quality\TaintSteps.ql failed the constraint of kind (was metric).
[2026-08-14 14:45:01] [SPAMMIER] resolve queries> Query Filter: C:\Users\Moham\.codeql\packages\codeql\javascript-queries\2.4.3\meta\analysis-quality\UncalledFunctions.ql failed the constraint of kind (was metric).
[2026-08-14 14:45:01] [SPAMMIER] resolve queries> Query Filter: C:\Users\Moham\.codeql\packages\codeql\javascript-queries\2.4.3\meta\analysis-quality\UnmodelledSteps.ql failed the constraint of kind (was metric).
[2026-08-14 14:45:01] [SPAMMIER] resolve queries> Query Filter: C:\Users\Moham\.codeql\packages\codeql\javascript-queries\2.4.3\meta\analysis-quality\UnpromotedRouteHandlerCandidate.ql failed the constraint of precision (was low).
[2026-08-14 14:45:01] [SPAMMIER] resolve queries> Query Filter: C:\Users\Moham\.codeql\packages\codeql\javascript-queries\2.4.3\meta\analysis-quality\UnpromotedRouteSetupCandidate.ql failed the constraint of precision (was low).
[2026-08-14 14:45:01] [SPAMMIER] resolve queries> Query Filter: C:\Users\Moham\.codeql\packages\codeql\javascript-queries\2.4.3\meta\analysis-quality\UnresolvableCalls.ql failed the constraint of kind (was metric).
[2026-08-14 14:45:01] [SPAMMIER] resolve queries> Query Filter: C:\Users\Moham\.codeql\packages\codeql\javascript-queries\2.4.3\meta\analysis-quality\UnresolvableImports.ql failed the constraint of kind (was metric).
[2026-08-14 14:45:01] [SPAMMIER] resolve queries> Query Filter: C:\Users\Moham\.codeql\packages\codeql\javascript-queries\2.4.3\meta\ApiGraphs\ApiGraphEdges.ql failed the constraint of kind (was metric).
[2026-08-14 14:45:01] [SPAMMIER] resolve queries> Query Filter: C:\Users\Moham\.codeql\packages\codeql\javascript-queries\2.4.3\meta\ApiGraphs\ApiGraphNodes.ql failed the constraint of kind (was metric).
[2026-08-14 14:45:01] [SPAMMIER] resolve queries> Query Filter: C:\Users\Moham\.codeql\packages\codeql\javascript-queries\2.4.3\meta\ApiGraphs\ApiGraphPointsToEdges.ql failed the constraint of kind (was metric).
[2026-08-14 14:45:01] [SPAMMIER] resolve queries> Query Filter: C:\Users\Moham\.codeql\packages\codeql\javascript-queries\2.4.3\meta\ApiGraphs\ApiGraphRhsNodes.ql failed the constraint of kind (was metric).
[2026-08-14 14:45:01] [SPAMMIER] resolve queries> Query Filter: C:\Users\Moham\.codeql\packages\codeql\javascript-queries\2.4.3\meta\ApiGraphs\ApiGraphUseNodes.ql failed the constraint of kind (was metric).
[2026-08-14 14:45:01] [SPAMMIER] resolve queries> Query Filter: C:\Users\Moham\.codeql\packages\codeql\javascript-queries\2.4.3\meta\Consistency.ql failed the constraint of kind (was table).
[2026-08-14 14:45:01] [SPAMMIER] resolve queries> Query Filter: C:\Users\Moham\.codeql\packages\codeql\javascript-queries\2.4.3\meta\extraction-metrics\FileData.ql failed the constraint of kind (was table).
[2026-08-14 14:45:01] [SPAMMIER] resolve queries> Query Filter: C:\Users\Moham\.codeql\packages\codeql\javascript-queries\2.4.3\meta\extraction-metrics\MissingMetrics.ql failed the constraint of precision (was low).
[2026-08-14 14:45:01] [SPAMMIER] resolve queries> Query Filter: C:\Users\Moham\.codeql\packages\codeql\javascript-queries\2.4.3\meta\extraction-metrics\PhaseTimings.ql failed the constraint of kind (was table).
[2026-08-14 14:45:01] [SPAMMIER] resolve queries> Query Filter: C:\Users\Moham\.codeql\packages\codeql\javascript-queries\2.4.3\meta\SSA\DeadDef.ql failed the constraint of precision (not present).
[2026-08-14 14:45:01] [SPAMMIER] resolve queries> Query Filter: C:\Users\Moham\.codeql\packages\codeql\javascript-queries\2.4.3\meta\SSA\Dominance.ql failed the constraint of precision (not present).
[2026-08-14 14:45:01] [SPAMMIER] resolve queries> Query Filter: C:\Users\Moham\.codeql\packages\codeql\javascript-queries\2.4.3\meta\SSA\MultipleDefs.ql failed the constraint of precision (not present).
[2026-08-14 14:45:01] [SPAMMIER] resolve queries> Query Filter: C:\Users\Moham\.codeql\packages\codeql\javascript-queries\2.4.3\meta\SSA\MultipleRefinementInputs.ql failed the constraint of precision (not present).
[2026-08-14 14:45:01] [SPAMMIER] resolve queries> Query Filter: C:\Users\Moham\.codeql\packages\codeql\javascript-queries\2.4.3\meta\SSA\NoDefs.ql failed the constraint of precision (not present).
[2026-08-14 14:45:01] [SPAMMIER] resolve queries> Query Filter: C:\Users\Moham\.codeql\packages\codeql\javascript-queries\2.4.3\meta\SSA\NoPhiInputs.ql failed the constraint of precision (not present).
[2026-08-14 14:45:01] [SPAMMIER] resolve queries> Query Filter: C:\Users\Moham\.codeql\packages\codeql\javascript-queries\2.4.3\meta\SSA\NoRefinementInputs.ql failed the constraint of precision (not present).
[2026-08-14 14:45:01] [SPAMMIER] resolve queries> Query Filter: C:\Users\Moham\.codeql\packages\codeql\javascript-queries\2.4.3\meta\SSA\SinglePhiInput.ql failed the constraint of precision (not present).
[2026-08-14 14:45:01] [SPAMMIER] resolve queries> Query Filter: C:\Users\Moham\.codeql\packages\codeql\javascript-queries\2.4.3\Metrics\Dependencies\ExternalDependencies.ql failed the constraint of kind (was treemap).
[2026-08-14 14:45:01] [SPAMMIER] resolve queries> Query Filter: C:\Users\Moham\.codeql\packages\codeql\javascript-queries\2.4.3\Metrics\Dependencies\ExternalDependenciesSourceLinks.ql failed the constraint of kind (was source-link).
[2026-08-14 14:45:01] [SPAMMIER] resolve queries> Query Filter: C:\Users\Moham\.codeql\packages\codeql\javascript-queries\2.4.3\Metrics\FCommentRatio.ql failed the constraint of kind (was treemap).
[2026-08-14 14:45:01] [SPAMMIER] resolve queries> Query Filter: C:\Users\Moham\.codeql\packages\codeql\javascript-queries\2.4.3\Metrics\FCyclomaticComplexity.ql failed the constraint of kind (was treemap).
[2026-08-14 14:45:01] [SPAMMIER] resolve queries> Query Filter: C:\Users\Moham\.codeql\packages\codeql\javascript-queries\2.4.3\Metrics\FFunctions.ql failed the constraint of kind (was treemap).
[2026-08-14 14:45:01] [SPAMMIER] resolve queries> Query Filter: C:\Users\Moham\.codeql\packages\codeql\javascript-queries\2.4.3\Metrics\FLines.ql failed the constraint of kind (was treemap).
[2026-08-14 14:45:01] [SPAMMIER] resolve queries> Query Filter: C:\Users\Moham\.codeql\packages\codeql\javascript-queries\2.4.3\Metrics\FLinesOfCode.ql failed the constraint of kind (was treemap).
[2026-08-14 14:45:01] [SPAMMIER] resolve queries> Query Filter: C:\Users\Moham\.codeql\packages\codeql\javascript-queries\2.4.3\Metrics\FLinesOfComment.ql failed the constraint of kind (was treemap).
[2026-08-14 14:45:01] [SPAMMIER] resolve queries> Query Filter: C:\Users\Moham\.codeql\packages\codeql\javascript-queries\2.4.3\Metrics\FLinesOfDuplicatedCode.ql failed the constraint of kind (was treemap).
[2026-08-14 14:45:01] [SPAMMIER] resolve queries> Query Filter: C:\Users\Moham\.codeql\packages\codeql\javascript-queries\2.4.3\Metrics\FLinesOfSimilarCode.ql failed the constraint of kind (was treemap).
[2026-08-14 14:45:01] [SPAMMIER] resolve queries> Query Filter: C:\Users\Moham\.codeql\packages\codeql\javascript-queries\2.4.3\Metrics\FNumberOfStatements.ql failed the constraint of kind (was treemap).
[2026-08-14 14:45:01] [SPAMMIER] resolve queries> Query Filter: C:\Users\Moham\.codeql\packages\codeql\javascript-queries\2.4.3\Metrics\FNumberOfTests.ql failed the constraint of kind (was treemap).
[2026-08-14 14:45:01] [SPAMMIER] resolve queries> Query Filter: C:\Users\Moham\.codeql\packages\codeql\javascript-queries\2.4.3\Metrics\FunCyclomaticComplexity.ql failed the constraint of kind (was treemap).
[2026-08-14 14:45:01] [SPAMMIER] resolve queries> Query Filter: C:\Users\Moham\.codeql\packages\codeql\javascript-queries\2.4.3\Metrics\FunLinesOfCode.ql failed the constraint of kind (was treemap).
[2026-08-14 14:45:01] [SPAMMIER] resolve queries> Query Filter: C:\Users\Moham\.codeql\packages\codeql\javascript-queries\2.4.3\Metrics\FUseOfES6.ql failed the constraint of kind (was treemap).
[2026-08-14 14:45:01] [SPAMMIER] resolve queries> Query Filter: C:\Users\Moham\.codeql\packages\codeql\javascript-queries\2.4.3\NodeJS\CyclicImport.ql failed the constraint of precision (was low).
[2026-08-14 14:45:01] [SPAMMIER] resolve queries> Query Filter: C:\Users\Moham\.codeql\packages\codeql\javascript-queries\2.4.3\NodeJS\DubiousImport.ql failed the constraint of precision (was low).
[2026-08-14 14:45:01] [SPAMMIER] resolve queries> Query Filter: C:\Users\Moham\.codeql\packages\codeql\javascript-queries\2.4.3\NodeJS\InvalidExport.ql failed 'tags contain` constraint [quality, reliability, correctness, frameworks/node.js, external/cwe/cwe-563]
[2026-08-14 14:45:01] [SPAMMIER] resolve queries> Query Filter: C:\Users\Moham\.codeql\packages\codeql\javascript-queries\2.4.3\NodeJS\MissingExports.ql failed 'tags contain` constraint [quality, reliability, correctness, frameworks/node.js]
[2026-08-14 14:45:01] [SPAMMIER] resolve queries> Query Filter: C:\Users\Moham\.codeql\packages\codeql\javascript-queries\2.4.3\NodeJS\UnresolvableImport.ql failed the constraint of precision (was low).
[2026-08-14 14:45:01] [SPAMMIER] resolve queries> Query Filter: C:\Users\Moham\.codeql\packages\codeql\javascript-queries\2.4.3\NodeJS\UnusedDependency.ql failed the constraint of precision (was low).
[2026-08-14 14:45:01] [SPAMMIER] resolve queries> Query Filter: C:\Users\Moham\.codeql\packages\codeql\javascript-queries\2.4.3\Performance\NonLocalForIn.ql failed the constraint of precision (was low).
[2026-08-14 14:45:01] [SPAMMY] resolve queries> Query Filter: Including C:\Users\Moham\.codeql\packages\codeql\javascript-queries\2.4.3\Performance\PolynomialReDoS.ql.
[2026-08-14 14:45:01] [SPAMMIER] resolve queries> Query Filter: C:\Users\Moham\.codeql\packages\codeql\javascript-queries\2.4.3\Performance\ReassignParameterAndUseArguments.ql failed the constraint of precision (was medium).
[2026-08-14 14:45:01] [SPAMMY] resolve queries> Query Filter: Including C:\Users\Moham\.codeql\packages\codeql\javascript-queries\2.4.3\Performance\ReDoS.ql.
[2026-08-14 14:45:01] [SPAMMIER] resolve queries> Query Filter: C:\Users\Moham\.codeql\packages\codeql\javascript-queries\2.4.3\Quality\UnhandledErrorInStreamPipeline.ql failed 'tags contain` constraint [quality, reliability, error-handling, frameworks/nodejs]
[2026-08-14 14:45:01] [SPAMMIER] resolve queries> Query Filter: C:\Users\Moham\.codeql\packages\codeql\javascript-queries\2.4.3\React\DirectStateMutation.ql failed 'tags contain` constraint [quality, reliability, correctness, frameworks/react]
[2026-08-14 14:45:01] [SPAMMIER] resolve queries> Query Filter: C:\Users\Moham\.codeql\packages\codeql\javascript-queries\2.4.3\React\InconsistentStateUpdate.ql failed 'tags contain` constraint [quality, reliability, correctness, frameworks/react]
[2026-08-14 14:45:01] [SPAMMIER] resolve queries> Query Filter: C:\Users\Moham\.codeql\packages\codeql\javascript-queries\2.4.3\React\UnsupportedStateUpdateInLifecycleMethod.ql failed 'tags contain` constraint [quality, reliability, correctness, frameworks/react]
[2026-08-14 14:45:01] [SPAMMIER] resolve queries> Query Filter: C:\Users\Moham\.codeql\packages\codeql\javascript-queries\2.4.3\React\UnusedOrUndefinedStateProperty.ql failed 'tags contain` constraint [quality, reliability, correctness, frameworks/react]
[2026-08-14 14:45:01] [SPAMMIER] resolve queries> Query Filter: C:\Users\Moham\.codeql\packages\codeql\javascript-queries\2.4.3\RegExp\BackrefBeforeGroup.ql failed 'tags contain` constraint [quality, reliability, correctness, regular-expressions]
[2026-08-14 14:45:01] [SPAMMIER] resolve queries> Query Filter: C:\Users\Moham\.codeql\packages\codeql\javascript-queries\2.4.3\RegExp\BackrefIntoNegativeLookahead.ql failed 'tags contain` constraint [quality, reliability, correctness, regular-expressions]
[2026-08-14 14:45:01] [SPAMMIER] resolve queries> Query Filter: C:\Users\Moham\.codeql\packages\codeql\javascript-queries\2.4.3\RegExp\BackspaceEscape.ql failed the constraint of precision (was medium).
[2026-08-14 14:45:01] [SPAMMIER] resolve queries> Query Filter: C:\Users\Moham\.codeql\packages\codeql\javascript-queries\2.4.3\RegExp\DuplicateCharacterInCharacterClass.ql failed 'tags contain` constraint [quality, reliability, correctness, regular-expressions]
[2026-08-14 14:45:01] [SPAMMIER] resolve queries> Query Filter: C:\Users\Moham\.codeql\packages\codeql\javascript-queries\2.4.3\RegExp\EmptyCharacterClass.ql failed 'tags contain` constraint [quality, reliability, correctness, regular-expressions]
[2026-08-14 14:45:01] [SPAMMY] resolve queries> Query Filter: Including C:\Users\Moham\.codeql\packages\codeql\javascript-queries\2.4.3\RegExp\IdentityReplacement.ql.
[2026-08-14 14:45:01] [SPAMMIER] resolve queries> Query Filter: C:\Users\Moham\.codeql\packages\codeql\javascript-queries\2.4.3\RegExp\MalformedRegExp.ql failed the constraint of precision (was low).
[2026-08-14 14:45:01] [SPAMMIER] resolve queries> Query Filter: C:\Users\Moham\.codeql\packages\codeql\javascript-queries\2.4.3\RegExp\RegExpAlwaysMatches.ql failed 'tags contain` constraint [quality, reliability, correctness, regular-expressions]
[2026-08-14 14:45:01] [SPAMMIER] resolve queries> Query Filter: C:\Users\Moham\.codeql\packages\codeql\javascript-queries\2.4.3\RegExp\UnboundBackref.ql failed 'tags contain` constraint [quality, reliability, correctness, regular-expressions]
[2026-08-14 14:45:01] [SPAMMIER] resolve queries> Query Filter: C:\Users\Moham\.codeql\packages\codeql\javascript-queries\2.4.3\RegExp\UnmatchableCaret.ql failed 'tags contain` constraint [quality, reliability, correctness, regular-expressions, external/cwe/cwe-561]
[2026-08-14 14:45:01] [SPAMMIER] resolve queries> Query Filter: C:\Users\Moham\.codeql\packages\codeql\javascript-queries\2.4.3\RegExp\UnmatchableDollar.ql failed 'tags contain` constraint [quality, reliability, correctness, regular-expressions, external/cwe/cwe-561]
[2026-08-14 14:45:01] [SPAMMIER] resolve queries> Query Filter: C:\Users\Moham\.codeql\packages\codeql\javascript-queries\2.4.3\Security\CWE-020\ExternalAPIsUsedWithUntrustedData.ql failed the constraint of kind (was table).
[2026-08-14 14:45:01] [SPAMMY] resolve queries> Query Filter: Including C:\Users\Moham\.codeql\packages\codeql\javascript-queries\2.4.3\Security\CWE-020\IncompleteHostnameRegExp.ql.
[2026-08-14 14:45:01] [SPAMMY] resolve queries> Query Filter: Including C:\Users\Moham\.codeql\packages\codeql\javascript-queries\2.4.3\Security\CWE-020\IncompleteUrlSchemeCheck.ql.
[2026-08-14 14:45:01] [SPAMMY] resolve queries> Query Filter: Including C:\Users\Moham\.codeql\packages\codeql\javascript-queries\2.4.3\Security\CWE-020\IncompleteUrlSubstringSanitization.ql.
[2026-08-14 14:45:01] [SPAMMY] resolve queries> Query Filter: Including C:\Users\Moham\.codeql\packages\codeql\javascript-queries\2.4.3\Security\CWE-020\IncorrectSuffixCheck.ql.
[2026-08-14 14:45:01] [SPAMMIER] resolve queries> Query Filter: C:\Users\Moham\.codeql\packages\codeql\javascript-queries\2.4.3\Security\CWE-020\MissingOriginCheck.ql failed the constraint of precision (was medium).
[2026-08-14 14:45:01] [SPAMMIER] resolve queries> Query Filter: C:\Users\Moham\.codeql\packages\codeql\javascript-queries\2.4.3\Security\CWE-020\MissingRegExpAnchor.ql failed the constraint of precision (was medium).
[2026-08-14 14:45:01] [SPAMMY] resolve queries> Query Filter: Including C:\Users\Moham\.codeql\packages\codeql\javascript-queries\2.4.3\Security\CWE-020\OverlyLargeRange.ql.
[2026-08-14 14:45:01] [SPAMMIER] resolve queries> Query Filter: C:\Users\Moham\.codeql\packages\codeql\javascript-queries\2.4.3\Security\CWE-020\UntrustedDataToExternalAPI.ql failed the constraint of precision (was low).
[2026-08-14 14:45:01] [SPAMMY] resolve queries> Query Filter: Including C:\Users\Moham\.codeql\packages\codeql\javascript-queries\2.4.3\Security\CWE-020\UselessRegExpCharacterEscape.ql.
[2026-08-14 14:45:01] [SPAMMY] resolve queries> Query Filter: Including C:\Users\Moham\.codeql\packages\codeql\javascript-queries\2.4.3\Security\CWE-022\TaintedPath.ql.
[2026-08-14 14:45:01] [SPAMMY] resolve queries> Query Filter: Including C:\Users\Moham\.codeql\packages\codeql\javascript-queries\2.4.3\Security\CWE-022\ZipSlip.ql.
[2026-08-14 14:45:01] [SPAMMY] resolve queries> Query Filter: Including C:\Users\Moham\.codeql\packages\codeql\javascript-queries\2.4.3\Security\CWE-073\TemplateObjectInjection.ql.
[2026-08-14 14:45:01] [SPAMMY] resolve queries> Query Filter: Including C:\Users\Moham\.codeql\packages\codeql\javascript-queries\2.4.3\Security\CWE-078\CommandInjection.ql.
[2026-08-14 14:45:01] [SPAMMIER] resolve queries> Query Filter: C:\Users\Moham\.codeql\packages\codeql\javascript-queries\2.4.3\Security\CWE-078\IndirectCommandInjection.ql failed the constraint of precision (was medium).
[2026-08-14 14:45:01] [SPAMMY] resolve queries> Query Filter: Including C:\Users\Moham\.codeql\packages\codeql\javascript-queries\2.4.3\Security\CWE-078\SecondOrderCommandInjection.ql.
[2026-08-14 14:45:01] [SPAMMY] resolve queries> Query Filter: Including C:\Users\Moham\.codeql\packages\codeql\javascript-queries\2.4.3\Security\CWE-078\ShellCommandInjectionFromEnvironment.ql.
[2026-08-14 14:45:01] [SPAMMY] resolve queries> Query Filter: Including C:\Users\Moham\.codeql\packages\codeql\javascript-queries\2.4.3\Security\CWE-078\UnsafeShellCommandConstruction.ql.
[2026-08-14 14:45:01] [SPAMMY] resolve queries> Query Filter: Including C:\Users\Moham\.codeql\packages\codeql\javascript-queries\2.4.3\Security\CWE-078\UselessUseOfCat.ql.
[2026-08-14 14:45:01] [SPAMMY] resolve queries> Query Filter: Including C:\Users\Moham\.codeql\packages\codeql\javascript-queries\2.4.3\Security\CWE-079\ExceptionXss.ql.
[2026-08-14 14:45:01] [SPAMMY] resolve queries> Query Filter: Including C:\Users\Moham\.codeql\packages\codeql\javascript-queries\2.4.3\Security\CWE-079\ReflectedXss.ql.
[2026-08-14 14:45:01] [SPAMMY] resolve queries> Query Filter: Including C:\Users\Moham\.codeql\packages\codeql\javascript-queries\2.4.3\Security\CWE-079\StoredXss.ql.
[2026-08-14 14:45:01] [SPAMMY] resolve queries> Query Filter: Including C:\Users\Moham\.codeql\packages\codeql\javascript-queries\2.4.3\Security\CWE-079\UnsafeHtmlConstruction.ql.
[2026-08-14 14:45:01] [SPAMMY] resolve queries> Query Filter: Including C:\Users\Moham\.codeql\packages\codeql\javascript-queries\2.4.3\Security\CWE-079\UnsafeJQueryPlugin.ql.
[2026-08-14 14:45:01] [SPAMMY] resolve queries> Query Filter: Including C:\Users\Moham\.codeql\packages\codeql\javascript-queries\2.4.3\Security\CWE-079\Xss.ql.
[2026-08-14 14:45:01] [SPAMMY] resolve queries> Query Filter: Including C:\Users\Moham\.codeql\packages\codeql\javascript-queries\2.4.3\Security\CWE-079\XssThroughDom.ql.
[2026-08-14 14:45:01] [SPAMMY] resolve queries> Query Filter: Including C:\Users\Moham\.codeql\packages\codeql\javascript-queries\2.4.3\Security\CWE-089\SqlInjection.ql.
[2026-08-14 14:45:01] [SPAMMY] resolve queries> Query Filter: Including C:\Users\Moham\.codeql\packages\codeql\javascript-queries\2.4.3\Security\CWE-094\CodeInjection.ql.
[2026-08-14 14:45:01] [SPAMMY] resolve queries> Query Filter: Including C:\Users\Moham\.codeql\packages\codeql\javascript-queries\2.4.3\Security\CWE-094\ImproperCodeSanitization.ql.
[2026-08-14 14:45:01] [SPAMMIER] resolve queries> Query Filter: C:\Users\Moham\.codeql\packages\codeql\javascript-queries\2.4.3\Security\CWE-094\UnsafeCodeConstruction.ql failed the constraint of precision (was medium).
[2026-08-14 14:45:01] [SPAMMY] resolve queries> Query Filter: Including C:\Users\Moham\.codeql\packages\codeql\javascript-queries\2.4.3\Security\CWE-094\UnsafeDynamicMethodAccess.ql.
[2026-08-14 14:45:01] [SPAMMY] resolve queries> Query Filter: Including C:\Users\Moham\.codeql\packages\codeql\javascript-queries\2.4.3\Security\CWE-1004\ClientExposedCookie.ql.
[2026-08-14 14:45:01] [SPAMMY] resolve queries> Query Filter: Including C:\Users\Moham\.codeql\packages\codeql\javascript-queries\2.4.3\Security\CWE-116\BadTagFilter.ql.
[2026-08-14 14:45:01] [SPAMMY] resolve queries> Query Filter: Including C:\Users\Moham\.codeql\packages\codeql\javascript-queries\2.4.3\Security\CWE-116\DoubleEscaping.ql.
[2026-08-14 14:45:01] [SPAMMY] resolve queries> Query Filter: Including C:\Users\Moham\.codeql\packages\codeql\javascript-queries\2.4.3\Security\CWE-116\IncompleteHtmlAttributeSanitization.ql.
[2026-08-14 14:45:01] [SPAMMY] resolve queries> Query Filter: Including C:\Users\Moham\.codeql\packages\codeql\javascript-queries\2.4.3\Security\CWE-116\IncompleteMultiCharacterSanitization.ql.
[2026-08-14 14:45:01] [SPAMMY] resolve queries> Query Filter: Including C:\Users\Moham\.codeql\packages\codeql\javascript-queries\2.4.3\Security\CWE-116\IncompleteSanitization.ql.
[2026-08-14 14:45:01] [SPAMMY] resolve queries> Query Filter: Including C:\Users\Moham\.codeql\packages\codeql\javascript-queries\2.4.3\Security\CWE-116\UnsafeHtmlExpansion.ql.
[2026-08-14 14:45:01] [SPAMMIER] resolve queries> Query Filter: C:\Users\Moham\.codeql\packages\codeql\javascript-queries\2.4.3\Security\CWE-117\LogInjection.ql failed the constraint of precision (was medium).
[2026-08-14 14:45:01] [SPAMMIER] resolve queries> Query Filter: C:\Users\Moham\.codeql\packages\codeql\javascript-queries\2.4.3\Security\CWE-1275\SameSiteNoneCookie.ql failed the constraint of precision (was medium).
[2026-08-14 14:45:01] [SPAMMY] resolve queries> Query Filter: Including C:\Users\Moham\.codeql\packages\codeql\javascript-queries\2.4.3\Security\CWE-134\TaintedFormatString.ql.
[2026-08-14 14:45:01] [SPAMMY] resolve queries> Query Filter: Including C:\Users\Moham\.codeql\packages\codeql\javascript-queries\2.4.3\Security\CWE-1427\SystemPromptInjection.ql.
[2026-08-14 14:45:01] [SPAMMIER] resolve queries> Query Filter: C:\Users\Moham\.codeql\packages\codeql\javascript-queries\2.4.3\Security\CWE-1427\UserPromptInjection.ql failed the constraint of precision (was low).
[2026-08-14 14:45:01] [SPAMMY] resolve queries> Query Filter: Including C:\Users\Moham\.codeql\packages\codeql\javascript-queries\2.4.3\Security\CWE-178\CaseSensitiveMiddlewarePath.ql.
[2026-08-14 14:45:01] [SPAMMIER] resolve queries> Query Filter: C:\Users\Moham\.codeql\packages\codeql\javascript-queries\2.4.3\Security\CWE-200\FileAccessToHttp.ql failed the constraint of precision (was medium).
[2026-08-14 14:45:01] [SPAMMY] resolve queries> Query Filter: Including C:\Users\Moham\.codeql\packages\codeql\javascript-queries\2.4.3\Security\CWE-200\PrivateFileExposure.ql.
[2026-08-14 14:45:01] [SPAMMY] resolve queries> Query Filter: Including C:\Users\Moham\.codeql\packages\codeql\javascript-queries\2.4.3\Security\CWE-201\PostMessageStar.ql.
[2026-08-14 14:45:01] [SPAMMY] resolve queries> Query Filter: Including C:\Users\Moham\.codeql\packages\codeql\javascript-queries\2.4.3\Security\CWE-209\StackTraceExposure.ql.
[2026-08-14 14:45:01] [SPAMMY] resolve queries> Query Filter: Including C:\Users\Moham\.codeql\packages\codeql\javascript-queries\2.4.3\Security\CWE-295\DisablingCertificateValidation.ql.
[2026-08-14 14:45:01] [SPAMMY] resolve queries> Query Filter: Including C:\Users\Moham\.codeql\packages\codeql\javascript-queries\2.4.3\Security\CWE-300\InsecureDependencyResolution.ql.
[2026-08-14 14:45:01] [SPAMMY] resolve queries> Query Filter: Including C:\Users\Moham\.codeql\packages\codeql\javascript-queries\2.4.3\Security\CWE-312\BuildArtifactLeak.ql.
[2026-08-14 14:45:01] [SPAMMY] resolve queries> Query Filter: Including C:\Users\Moham\.codeql\packages\codeql\javascript-queries\2.4.3\Security\CWE-312\CleartextLogging.ql.
[2026-08-14 14:45:01] [SPAMMY] resolve queries> Query Filter: Including C:\Users\Moham\.codeql\packages\codeql\javascript-queries\2.4.3\Security\CWE-312\CleartextStorage.ql.
[2026-08-14 14:45:01] [SPAMMIER] resolve queries> Query Filter: C:\Users\Moham\.codeql\packages\codeql\javascript-queries\2.4.3\Security\CWE-313\PasswordInConfigurationFile.ql failed the constraint of precision (was low).
[2026-08-14 14:45:01] [SPAMMY] resolve queries> Query Filter: Including C:\Users\Moham\.codeql\packages\codeql\javascript-queries\2.4.3\Security\CWE-326\InsufficientKeySize.ql.
[2026-08-14 14:45:01] [SPAMMY] resolve queries> Query Filter: Including C:\Users\Moham\.codeql\packages\codeql\javascript-queries\2.4.3\Security\CWE-327\BadRandomness.ql.
[2026-08-14 14:45:01] [SPAMMY] resolve queries> Query Filter: Including C:\Users\Moham\.codeql\packages\codeql\javascript-queries\2.4.3\Security\CWE-327\BrokenCryptoAlgorithm.ql.
[2026-08-14 14:45:01] [SPAMMY] resolve queries> Query Filter: Including C:\Users\Moham\.codeql\packages\codeql\javascript-queries\2.4.3\Security\CWE-338\InsecureRandomness.ql.
[2026-08-14 14:45:01] [SPAMMY] resolve queries> Query Filter: Including C:\Users\Moham\.codeql\packages\codeql\javascript-queries\2.4.3\Security\CWE-346\CorsMisconfigurationForCredentials.ql.
[2026-08-14 14:45:01] [SPAMMY] resolve queries> Query Filter: Including C:\Users\Moham\.codeql\packages\codeql\javascript-queries\2.4.3\Security\CWE-347\MissingJWTKeyVerification.ql.
[2026-08-14 14:45:01] [SPAMMY] resolve queries> Query Filter: Including C:\Users\Moham\.codeql\packages\codeql\javascript-queries\2.4.3\Security\CWE-352\MissingCsrfMiddleware.ql.
[2026-08-14 14:45:01] [SPAMMIER] resolve queries> Query Filter: C:\Users\Moham\.codeql\packages\codeql\javascript-queries\2.4.3\Security\CWE-367\FileSystemRace.ql failed the constraint of precision (was medium).
[2026-08-14 14:45:01] [SPAMMIER] resolve queries> Query Filter: C:\Users\Moham\.codeql\packages\codeql\javascript-queries\2.4.3\Security\CWE-377\InsecureTemporaryFile.ql failed the constraint of precision (was medium).
[2026-08-14 14:45:01] [SPAMMIER] resolve queries> Query Filter: C:\Users\Moham\.codeql\packages\codeql\javascript-queries\2.4.3\Security\CWE-384\SessionFixation.ql failed the constraint of precision (was medium).
[2026-08-14 14:45:01] [SPAMMY] resolve queries> Query Filter: Including C:\Users\Moham\.codeql\packages\codeql\javascript-queries\2.4.3\Security\CWE-400\DeepObjectResourceExhaustion.ql.
[2026-08-14 14:45:01] [SPAMMIER] resolve queries> Query Filter: C:\Users\Moham\.codeql\packages\codeql\javascript-queries\2.4.3\Security\CWE-400\RemotePropertyInjection.ql failed the constraint of precision (was medium).
[2026-08-14 14:45:01] [SPAMMIER] resolve queries> Query Filter: C:\Users\Moham\.codeql\packages\codeql\javascript-queries\2.4.3\Security\CWE-451\MissingXFrameOptions.ql failed the constraint of precision (was low).
[2026-08-14 14:45:01] [SPAMMY] resolve queries> Query Filter: Including C:\Users\Moham\.codeql\packages\codeql\javascript-queries\2.4.3\Security\CWE-502\UnsafeDeserialization.ql.
[2026-08-14 14:45:01] [SPAMMIER] resolve queries> Query Filter: C:\Users\Moham\.codeql\packages\codeql\javascript-queries\2.4.3\Security\CWE-506\HardcodedDataInterpretedAsCode.ql failed the constraint of precision (was medium).
[2026-08-14 14:45:01] [SPAMMY] resolve queries> Query Filter: Including C:\Users\Moham\.codeql\packages\codeql\javascript-queries\2.4.3\Security\CWE-598\SensitiveGetQuery.ql.
[2026-08-14 14:45:01] [SPAMMY] resolve queries> Query Filter: Including C:\Users\Moham\.codeql\packages\codeql\javascript-queries\2.4.3\Security\CWE-601\ClientSideUrlRedirect.ql.
[2026-08-14 14:45:01] [SPAMMY] resolve queries> Query Filter: Including C:\Users\Moham\.codeql\packages\codeql\javascript-queries\2.4.3\Security\CWE-601\ServerSideUrlRedirect.ql.
[2026-08-14 14:45:01] [SPAMMY] resolve queries> Query Filter: Including C:\Users\Moham\.codeql\packages\codeql\javascript-queries\2.4.3\Security\CWE-611\Xxe.ql.
[2026-08-14 14:45:01] [SPAMMY] resolve queries> Query Filter: Including C:\Users\Moham\.codeql\packages\codeql\javascript-queries\2.4.3\Security\CWE-614\ClearTextCookie.ql.
[2026-08-14 14:45:01] [SPAMMY] resolve queries> Query Filter: Including C:\Users\Moham\.codeql\packages\codeql\javascript-queries\2.4.3\Security\CWE-640\HostHeaderPoisoningInEmailGeneration.ql.
[2026-08-14 14:45:01] [SPAMMY] resolve queries> Query Filter: Including C:\Users\Moham\.codeql\packages\codeql\javascript-queries\2.4.3\Security\CWE-643\XpathInjection.ql.
[2026-08-14 14:45:01] [SPAMMY] resolve queries> Query Filter: Including C:\Users\Moham\.codeql\packages\codeql\javascript-queries\2.4.3\Security\CWE-693\InsecureHelmet.ql.
[2026-08-14 14:45:01] [SPAMMY] resolve queries> Query Filter: Including C:\Users\Moham\.codeql\packages\codeql\javascript-queries\2.4.3\Security\CWE-730\RegExpInjection.ql.
[2026-08-14 14:45:01] [SPAMMY] resolve queries> Query Filter: Including C:\Users\Moham\.codeql\packages\codeql\javascript-queries\2.4.3\Security\CWE-730\ServerCrash.ql.
[2026-08-14 14:45:01] [SPAMMY] resolve queries> Query Filter: Including C:\Users\Moham\.codeql\packages\codeql\javascript-queries\2.4.3\Security\CWE-754\UnvalidatedDynamicMethodCall.ql.
[2026-08-14 14:45:01] [SPAMMY] resolve queries> Query Filter: Including C:\Users\Moham\.codeql\packages\codeql\javascript-queries\2.4.3\Security\CWE-770\MissingRateLimiting.ql.
[2026-08-14 14:45:01] [SPAMMY] resolve queries> Query Filter: Including C:\Users\Moham\.codeql\packages\codeql\javascript-queries\2.4.3\Security\CWE-770\ResourceExhaustion.ql.
[2026-08-14 14:45:01] [SPAMMY] resolve queries> Query Filter: Including C:\Users\Moham\.codeql\packages\codeql\javascript-queries\2.4.3\Security\CWE-776\XmlBomb.ql.
[2026-08-14 14:45:01] [SPAMMIER] resolve queries> Query Filter: C:\Users\Moham\.codeql\packages\codeql\javascript-queries\2.4.3\Security\CWE-798\HardcodedCredentials.ql failed the constraint of precision (was low).
[2026-08-14 14:45:01] [SPAMMIER] resolve queries> Query Filter: C:\Users\Moham\.codeql\packages\codeql\javascript-queries\2.4.3\Security\CWE-807\ConditionalBypass.ql failed the constraint of precision (was medium).
[2026-08-14 14:45:01] [SPAMMIER] resolve queries> Query Filter: C:\Users\Moham\.codeql\packages\codeql\javascript-queries\2.4.3\Security\CWE-807\DifferentKindsComparisonBypass.ql failed the constraint of precision (was low).
[2026-08-14 14:45:01] [SPAMMY] resolve queries> Query Filter: Including C:\Users\Moham\.codeql\packages\codeql\javascript-queries\2.4.3\Security\CWE-829\InsecureDownload.ql.
[2026-08-14 14:45:01] [SPAMMY] resolve queries> Query Filter: Including C:\Users\Moham\.codeql\packages\codeql\javascript-queries\2.4.3\Security\CWE-830\FunctionalityFromUntrustedDomain.ql.
[2026-08-14 14:45:01] [SPAMMY] resolve queries> Query Filter: Including C:\Users\Moham\.codeql\packages\codeql\javascript-queries\2.4.3\Security\CWE-830\FunctionalityFromUntrustedSource.ql.
[2026-08-14 14:45:01] [SPAMMY] resolve queries> Query Filter: Including C:\Users\Moham\.codeql\packages\codeql\javascript-queries\2.4.3\Security\CWE-834\LoopBoundInjection.ql.
[2026-08-14 14:45:01] [SPAMMY] resolve queries> Query Filter: Including C:\Users\Moham\.codeql\packages\codeql\javascript-queries\2.4.3\Security\CWE-843\TypeConfusionThroughParameterTampering.ql.
[2026-08-14 14:45:01] [SPAMMIER] resolve queries> Query Filter: C:\Users\Moham\.codeql\packages\codeql\javascript-queries\2.4.3\Security\CWE-862\EmptyPasswordInConfigurationFile.ql failed the constraint of precision (was medium).
[2026-08-14 14:45:01] [SPAMMIER] resolve queries> Query Filter: C:\Users\Moham\.codeql\packages\codeql\javascript-queries\2.4.3\Security\CWE-912\HttpToFileAccess.ql failed the constraint of precision (was medium).
[2026-08-14 14:45:01] [SPAMMY] resolve queries> Query Filter: Including C:\Users\Moham\.codeql\packages\codeql\javascript-queries\2.4.3\Security\CWE-915\PrototypePollutingAssignment.ql.
[2026-08-14 14:45:01] [SPAMMY] resolve queries> Query Filter: Including C:\Users\Moham\.codeql\packages\codeql\javascript-queries\2.4.3\Security\CWE-915\PrototypePollutingFunction.ql.
[2026-08-14 14:45:01] [SPAMMY] resolve queries> Query Filter: Including C:\Users\Moham\.codeql\packages\codeql\javascript-queries\2.4.3\Security\CWE-915\PrototypePollutingMergeCall.ql.
[2026-08-14 14:45:01] [SPAMMY] resolve queries> Query Filter: Including C:\Users\Moham\.codeql\packages\codeql\javascript-queries\2.4.3\Security\CWE-916\InsufficientPasswordHash.ql.
[2026-08-14 14:45:01] [SPAMMIER] resolve queries> Query Filter: C:\Users\Moham\.codeql\packages\codeql\javascript-queries\2.4.3\Security\CWE-918\ClientSideRequestForgery.ql failed the constraint of precision (was medium).
[2026-08-14 14:45:01] [SPAMMY] resolve queries> Query Filter: Including C:\Users\Moham\.codeql\packages\codeql\javascript-queries\2.4.3\Security\CWE-918\RequestForgery.ql.
[2026-08-14 14:45:01] [SPAMMY] resolve queries> Query Filter: Including C:\Users\Moham\.codeql\packages\codeql\javascript-queries\2.4.3\Security\CWE-942\CorsPermissiveConfiguration.ql.
[2026-08-14 14:45:01] [SPAMMIER] resolve queries> Query Filter: C:\Users\Moham\.codeql\packages\codeql\javascript-queries\2.4.3\Security\trest\test.ql failed the constraint of kind (not present).
[2026-08-14 14:45:01] [SPAMMIER] resolve queries> Query Filter: C:\Users\Moham\.codeql\packages\codeql\javascript-queries\2.4.3\Statements\DanglingElse.ql failed 'tags contain` constraint [quality, maintainability, readability, statistical, non-attributable, external/cwe/cwe-483]
[2026-08-14 14:45:01] [SPAMMIER] resolve queries> Query Filter: C:\Users\Moham\.codeql\packages\codeql\javascript-queries\2.4.3\Statements\EphemeralLoop.ql failed the constraint of precision (was low).
[2026-08-14 14:45:01] [SPAMMIER] resolve queries> Query Filter: C:\Users\Moham\.codeql\packages\codeql\javascript-queries\2.4.3\Statements\IgnoreArrayResult.ql failed 'tags contain` constraint [quality, reliability, correctness]
[2026-08-14 14:45:01] [SPAMMIER] resolve queries> Query Filter: C:\Users\Moham\.codeql\packages\codeql\javascript-queries\2.4.3\Statements\ImplicitReturn.ql failed the constraint of precision (was medium).
[2026-08-14 14:45:01] [SPAMMIER] resolve queries> Query Filter: C:\Users\Moham\.codeql\packages\codeql\javascript-queries\2.4.3\Statements\InconsistentLoopOrientation.ql failed 'tags contain` constraint [quality, reliability, correctness, external/cwe/cwe-835]
[2026-08-14 14:45:01] [SPAMMIER] resolve queries> Query Filter: C:\Users\Moham\.codeql\packages\codeql\javascript-queries\2.4.3\Statements\InconsistentReturn.ql failed the constraint of precision (was medium).
[2026-08-14 14:45:01] [SPAMMIER] resolve queries> Query Filter: C:\Users\Moham\.codeql\packages\codeql\javascript-queries\2.4.3\Statements\LabelInCase.ql failed 'tags contain` constraint [quality, reliability, correctness]
[2026-08-14 14:45:01] [SPAMMIER] resolve queries> Query Filter: C:\Users\Moham\.codeql\packages\codeql\javascript-queries\2.4.3\Statements\LoopIterationSkippedDueToShifting.ql failed 'tags contain` constraint [quality, reliability, correctness]
[2026-08-14 14:45:01] [SPAMMIER] resolve queries> Query Filter: C:\Users\Moham\.codeql\packages\codeql\javascript-queries\2.4.3\Statements\MisleadingIndentationAfterControlStmt.ql failed 'tags contain` constraint [quality, maintainability, readability, statistical, non-attributable, external/cwe/cwe-483]
[2026-08-14 14:45:01] [SPAMMIER] resolve queries> Query Filter: C:\Users\Moham\.codeql\packages\codeql\javascript-queries\2.4.3\Statements\NestedLoopsSameVariable.ql failed the constraint of precision (was low).
[2026-08-14 14:45:01] [SPAMMIER] resolve queries> Query Filter: C:\Users\Moham\.codeql\packages\codeql\javascript-queries\2.4.3\Statements\ReturnAssignsLocal.ql failed 'tags contain` constraint [quality, reliability, correctness, external/cwe/cwe-563]
[2026-08-14 14:45:01] [SPAMMIER] resolve queries> Query Filter: C:\Users\Moham\.codeql\packages\codeql\javascript-queries\2.4.3\Statements\ReturnOutsideFunction.ql failed the constraint of precision (was low).
[2026-08-14 14:45:01] [SPAMMIER] resolve queries> Query Filter: C:\Users\Moham\.codeql\packages\codeql\javascript-queries\2.4.3\Statements\SuspiciousUnusedLoopIterationVariable.ql failed 'tags contain` constraint [quality, reliability, correctness]
[2026-08-14 14:45:01] [SPAMMIER] resolve queries> Query Filter: C:\Users\Moham\.codeql\packages\codeql\javascript-queries\2.4.3\Statements\UnreachableStatement.ql failed 'tags contain` constraint [quality, reliability, correctness, external/cwe/cwe-561]
[2026-08-14 14:45:01] [SPAMMIER] resolve queries> Query Filter: C:\Users\Moham\.codeql\packages\codeql\javascript-queries\2.4.3\Statements\UselessComparisonTest.ql failed 'tags contain` constraint [quality, reliability, correctness]
[2026-08-14 14:45:01] [SPAMMIER] resolve queries> Query Filter: C:\Users\Moham\.codeql\packages\codeql\javascript-queries\2.4.3\Statements\UselessConditional.ql failed 'tags contain` constraint [quality, reliability, correctness, external/cwe/cwe-570, external/cwe/cwe-571]
[2026-08-14 14:45:01] [SPAMMIER] resolve queries> Query Filter: C:\Users\Moham\.codeql\packages\codeql\javascript-queries\2.4.3\Statements\UseOfReturnlessFunction.ql failed 'tags contain` constraint [quality, reliability, correctness]
[2026-08-14 14:45:01] [SPAMMIER] resolve queries> Query Filter: C:\Users\Moham\.codeql\packages\codeql\javascript-queries\2.4.3\Summary\LinesOfCode.ql failed the constraint of kind (was metric).
[2026-08-14 14:45:01] [SPAMMIER] resolve queries> Query Filter: C:\Users\Moham\.codeql\packages\codeql\javascript-queries\2.4.3\Summary\LinesOfUserCode.ql failed the constraint of kind (was metric).
[2026-08-14 14:45:01] [SPAMMIER] resolve queries> Query Filter: C:\Users\Moham\.codeql\packages\codeql\javascript-queries\2.4.3\Summary\TaintSinks.ql failed the constraint of precision (was medium).
[2026-08-14 14:45:01] [SPAMMIER] resolve queries> Query Filter: C:\Users\Moham\.codeql\packages\codeql\javascript-queries\2.4.3\Summary\TaintSources.ql failed the constraint of precision (was medium).
[2026-08-14 14:45:01] [SPAMMIER] resolve queries> Query Filter: C:\Users\Moham\.codeql\packages\codeql\javascript-queries\2.4.3\Vue\ArrowMethodOnVueInstance.ql failed 'tags contain` constraint [quality, reliability, correctness, frameworks/vue]
[2026-08-14 14:45:01] [SPAMMIER] resolve queries> Resolution instruction: include.
[2026-08-14 14:45:01] [SPAMMY] resolve queries> Query Filter: Including by constraints kind=diagnostic.
[2026-08-14 14:45:01] [SPAMMIER] resolve queries> Query Filter: C:\Users\Moham\.codeql\packages\codeql\javascript-queries\2.4.3\AlertSuppression.ql failed the constraint of kind (was alert-suppression).
[2026-08-14 14:45:01] [SPAMMIER] resolve queries> Query Filter: C:\Users\Moham\.codeql\packages\codeql\javascript-queries\2.4.3\AngularJS\DeadAngularJSEventListener.ql failed the constraint of kind (was problem).
[2026-08-14 14:45:01] [SPAMMIER] resolve queries> Query Filter: C:\Users\Moham\.codeql\packages\codeql\javascript-queries\2.4.3\AngularJS\DependencyMismatch.ql failed the constraint of kind (was problem).
[2026-08-14 14:45:01] [SPAMMIER] resolve queries> Query Filter: C:\Users\Moham\.codeql\packages\codeql\javascript-queries\2.4.3\AngularJS\DuplicateDependency.ql failed the constraint of kind (was problem).
[2026-08-14 14:45:01] [SPAMMIER] resolve queries> Query Filter: C:\Users\Moham\.codeql\packages\codeql\javascript-queries\2.4.3\AngularJS\IncompatibleService.ql failed the constraint of kind (was problem).
[2026-08-14 14:45:01] [SPAMMIER] resolve queries> Query Filter: C:\Users\Moham\.codeql\packages\codeql\javascript-queries\2.4.3\AngularJS\MissingExplicitInjection.ql failed the constraint of kind (was problem).
[2026-08-14 14:45:01] [SPAMMIER] resolve queries> Query Filter: C:\Users\Moham\.codeql\packages\codeql\javascript-queries\2.4.3\AngularJS\RepeatedInjection.ql failed the constraint of kind (was problem).
[2026-08-14 14:45:01] [SPAMMIER] resolve queries> Query Filter: C:\Users\Moham\.codeql\packages\codeql\javascript-queries\2.4.3\AngularJS\UnusedAngularDependency.ql failed the constraint of kind (was problem).
[2026-08-14 14:45:01] [SPAMMIER] resolve queries> Query Filter: C:\Users\Moham\.codeql\packages\codeql\javascript-queries\2.4.3\AngularJS\UseNgSrc.ql failed the constraint of kind (was problem).
[2026-08-14 14:45:01] [SPAMMIER] resolve queries> Query Filter: C:\Users\Moham\.codeql\packages\codeql\javascript-queries\2.4.3\Comments\CommentedOutCode.ql failed the constraint of kind (was problem).
[2026-08-14 14:45:01] [SPAMMIER] resolve queries> Query Filter: C:\Users\Moham\.codeql\packages\codeql\javascript-queries\2.4.3\Comments\FCommentedOutCode.ql failed the constraint of kind (was treemap).
[2026-08-14 14:45:01] [SPAMMIER] resolve queries> Query Filter: C:\Users\Moham\.codeql\packages\codeql\javascript-queries\2.4.3\Comments\TodoComments.ql failed the constraint of kind (was problem).
[2026-08-14 14:45:01] [SPAMMIER] resolve queries> Query Filter: C:\Users\Moham\.codeql\packages\codeql\javascript-queries\2.4.3\Declarations\ArgumentsRedefined.ql failed the constraint of kind (was problem).
[2026-08-14 14:45:01] [SPAMMIER] resolve queries> Query Filter: C:\Users\Moham\.codeql\packages\codeql\javascript-queries\2.4.3\Declarations\AssignmentToConst.ql failed the constraint of kind (was problem).
[2026-08-14 14:45:01] [SPAMMIER] resolve queries> Query Filter: C:\Users\Moham\.codeql\packages\codeql\javascript-queries\2.4.3\Declarations\ClobberingVarInit.ql failed the constraint of kind (was problem).
[2026-08-14 14:45:01] [SPAMMIER] resolve queries> Query Filter: C:\Users\Moham\.codeql\packages\codeql\javascript-queries\2.4.3\Declarations\ConflictingFunctions.ql failed the constraint of kind (was problem).
[2026-08-14 14:45:01] [SPAMMIER] resolve queries> Query Filter: C:\Users\Moham\.codeql\packages\codeql\javascript-queries\2.4.3\Declarations\DeadStoreOfGlobal.ql failed the constraint of kind (was problem).
[2026-08-14 14:45:01] [SPAMMIER] resolve queries> Query Filter: C:\Users\Moham\.codeql\packages\codeql\javascript-queries\2.4.3\Declarations\DeadStoreOfLocal.ql failed the constraint of kind (was problem).
[2026-08-14 14:45:01] [SPAMMIER] resolve queries> Query Filter: C:\Users\Moham\.codeql\packages\codeql\javascript-queries\2.4.3\Declarations\DeadStoreOfProperty.ql failed the constraint of kind (was problem).
[2026-08-14 14:45:01] [SPAMMIER] resolve queries> Query Filter: C:\Users\Moham\.codeql\packages\codeql\javascript-queries\2.4.3\Declarations\DeclBeforeUse.ql failed the constraint of kind (was problem).
[2026-08-14 14:45:01] [SPAMMIER] resolve queries> Query Filter: C:\Users\Moham\.codeql\packages\codeql\javascript-queries\2.4.3\Declarations\DefaultArgumentReferencesNestedFunction.ql failed the constraint of kind (was problem).
[2026-08-14 14:45:01] [SPAMMIER] resolve queries> Query Filter: C:\Users\Moham\.codeql\packages\codeql\javascript-queries\2.4.3\Declarations\DuplicateVarDecl.ql failed the constraint of kind (was problem).
[2026-08-14 14:45:01] [SPAMMIER] resolve queries> Query Filter: C:\Users\Moham\.codeql\packages\codeql\javascript-queries\2.4.3\Declarations\IneffectiveParameterType.ql failed the constraint of kind (was problem).
[2026-08-14 14:45:01] [SPAMMIER] resolve queries> Query Filter: C:\Users\Moham\.codeql\packages\codeql\javascript-queries\2.4.3\Declarations\MissingThisQualifier.ql failed the constraint of kind (was problem).
[2026-08-14 14:45:01] [SPAMMIER] resolve queries> Query Filter: C:\Users\Moham\.codeql\packages\codeql\javascript-queries\2.4.3\Declarations\MissingVarDecl.ql failed the constraint of kind (was problem).
[2026-08-14 14:45:01] [SPAMMIER] resolve queries> Query Filter: C:\Users\Moham\.codeql\packages\codeql\javascript-queries\2.4.3\Declarations\MixedStaticInstanceThisAccess.ql failed the constraint of kind (was problem).
[2026-08-14 14:45:01] [SPAMMIER] resolve queries> Query Filter: C:\Users\Moham\.codeql\packages\codeql\javascript-queries\2.4.3\Declarations\RedeclaredVariable.ql failed the constraint of kind (was problem).
[2026-08-14 14:45:01] [SPAMMIER] resolve queries> Query Filter: C:\Users\Moham\.codeql\packages\codeql\javascript-queries\2.4.3\Declarations\SuspiciousMethodNameDeclaration.ql failed the constraint of kind (was problem).
[2026-08-14 14:45:01] [SPAMMIER] resolve queries> Query Filter: C:\Users\Moham\.codeql\packages\codeql\javascript-queries\2.4.3\Declarations\TemporalDeadZone.ql failed the constraint of kind (was problem).
[2026-08-14 14:45:01] [SPAMMIER] resolve queries> Query Filter: C:\Users\Moham\.codeql\packages\codeql\javascript-queries\2.4.3\Declarations\TooManyParameters.ql failed the constraint of kind (was problem).
[2026-08-14 14:45:01] [SPAMMIER] resolve queries> Query Filter: C:\Users\Moham\.codeql\packages\codeql\javascript-queries\2.4.3\Declarations\UniqueParameterNames.ql failed the constraint of kind (was problem).
[2026-08-14 14:45:01] [SPAMMIER] resolve queries> Query Filter: C:\Users\Moham\.codeql\packages\codeql\javascript-queries\2.4.3\Declarations\UniquePropertyNames.ql failed the constraint of kind (was problem).
[2026-08-14 14:45:01] [SPAMMIER] resolve queries> Query Filter: C:\Users\Moham\.codeql\packages\codeql\javascript-queries\2.4.3\Declarations\UnreachableMethodOverloads.ql failed the constraint of kind (was problem).
[2026-08-14 14:45:01] [SPAMMIER] resolve queries> Query Filter: C:\Users\Moham\.codeql\packages\codeql\javascript-queries\2.4.3\Declarations\UnstableCyclicImport.ql failed the constraint of kind (was problem).
[2026-08-14 14:45:01] [SPAMMIER] resolve queries> Query Filter: C:\Users\Moham\.codeql\packages\codeql\javascript-queries\2.4.3\Declarations\UnusedParameter.ql failed the constraint of kind (was problem).
[2026-08-14 14:45:01] [SPAMMIER] resolve queries> Query Filter: C:\Users\Moham\.codeql\packages\codeql\javascript-queries\2.4.3\Declarations\UnusedProperty.ql failed the constraint of kind (was problem).
[2026-08-14 14:45:01] [SPAMMIER] resolve queries> Query Filter: C:\Users\Moham\.codeql\packages\codeql\javascript-queries\2.4.3\Declarations\UnusedVariable.ql failed the constraint of kind (was problem).
[2026-08-14 14:45:01] [SPAMMIER] resolve queries> Query Filter: C:\Users\Moham\.codeql\packages\codeql\javascript-queries\2.4.3\definitions.ql failed the constraint of kind (was definitions).
[2026-08-14 14:45:01] [SPAMMY] resolve queries> Query Filter: Including C:\Users\Moham\.codeql\packages\codeql\javascript-queries\2.4.3\Diagnostics\ExtractedFiles.ql.
[2026-08-14 14:45:01] [SPAMMY] resolve queries> Query Filter: Including C:\Users\Moham\.codeql\packages\codeql\javascript-queries\2.4.3\Diagnostics\ExtractionErrors.ql.
[2026-08-14 14:45:01] [SPAMMIER] resolve queries> Query Filter: C:\Users\Moham\.codeql\packages\codeql\javascript-queries\2.4.3\DOM\Alert.ql failed the constraint of kind (was problem).
[2026-08-14 14:45:01] [SPAMMIER] resolve queries> Query Filter: C:\Users\Moham\.codeql\packages\codeql\javascript-queries\2.4.3\DOM\AmbiguousIdAttribute.ql failed the constraint of kind (was problem).
[2026-08-14 14:45:01] [SPAMMIER] resolve queries> Query Filter: C:\Users\Moham\.codeql\packages\codeql\javascript-queries\2.4.3\DOM\ConflictingAttributes.ql failed the constraint of kind (was problem).
[2026-08-14 14:45:01] [SPAMMIER] resolve queries> Query Filter: C:\Users\Moham\.codeql\packages\codeql\javascript-queries\2.4.3\DOM\DuplicateAttributes.ql failed the constraint of kind (was problem).
[2026-08-14 14:45:01] [SPAMMIER] resolve queries> Query Filter: C:\Users\Moham\.codeql\packages\codeql\javascript-queries\2.4.3\DOM\MalformedIdAttribute.ql failed the constraint of kind (was problem).
[2026-08-14 14:45:01] [SPAMMIER] resolve queries> Query Filter: C:\Users\Moham\.codeql\packages\codeql\javascript-queries\2.4.3\DOM\PseudoEval.ql failed the constraint of kind (was problem).
[2026-08-14 14:45:01] [SPAMMIER] resolve queries> Query Filter: C:\Users\Moham\.codeql\packages\codeql\javascript-queries\2.4.3\DOM\TargetBlank.ql failed the constraint of kind (was problem).
[2026-08-14 14:45:01] [SPAMMIER] resolve queries> Query Filter: C:\Users\Moham\.codeql\packages\codeql\javascript-queries\2.4.3\Electron\EnablingNodeIntegration.ql failed the constraint of kind (was problem).
[2026-08-14 14:45:01] [SPAMMIER] resolve queries> Query Filter: C:\Users\Moham\.codeql\packages\codeql\javascript-queries\2.4.3\experimental\heuristics\ql\src\Security\CWE-020\UntrustedDataToExternalAPI.ql failed the constraint of kind (was path-problem).
[2026-08-14 14:45:01] [SPAMMIER] resolve queries> Query Filter: C:\Users\Moham\.codeql\packages\codeql\javascript-queries\2.4.3\experimental\heuristics\ql\src\Security\CWE-117\LogInjection.ql failed the constraint of kind (was path-problem).
[2026-08-14 14:45:01] [SPAMMIER] resolve queries> Query Filter: C:\Users\Moham\.codeql\packages\codeql\javascript-queries\2.4.3\experimental\heuristics\ql\src\Security\CWE-400\RemotePropertyInjection.ql failed the constraint of kind (was path-problem).
[2026-08-14 14:45:01] [SPAMMIER] resolve queries> Query Filter: C:\Users\Moham\.codeql\packages\codeql\javascript-queries\2.4.3\experimental\heuristics\ql\src\Security\CWE-807\ConditionalBypass.ql failed the constraint of kind (was path-problem).
[2026-08-14 14:45:01] [SPAMMIER] resolve queries> Query Filter: C:\Users\Moham\.codeql\packages\codeql\javascript-queries\2.4.3\experimental\Security\CWE-099\EnvValueAndKeyInjection.ql failed the constraint of kind (was path-problem).
[2026-08-14 14:45:01] [SPAMMIER] resolve queries> Query Filter: C:\Users\Moham\.codeql\packages\codeql\javascript-queries\2.4.3\experimental\Security\CWE-099\EnvValueInjection.ql failed the constraint of kind (was path-problem).
[2026-08-14 14:45:01] [SPAMMIER] resolve queries> Query Filter: C:\Users\Moham\.codeql\packages\codeql\javascript-queries\2.4.3\experimental\Security\CWE-340\TokenBuiltFromUUID.ql failed the constraint of kind (was path-problem).
[2026-08-14 14:45:01] [SPAMMIER] resolve queries> Query Filter: C:\Users\Moham\.codeql\packages\codeql\javascript-queries\2.4.3\experimental\Security\CWE-918\SSRF.ql failed the constraint of kind (was path-problem).
[2026-08-14 14:45:01] [SPAMMIER] resolve queries> Query Filter: C:\Users\Moham\.codeql\packages\codeql\javascript-queries\2.4.3\experimental\Security\CWE-918\SsrfIpv6TransitionIncompleteGuard.ql failed the constraint of kind (was problem).
[2026-08-14 14:45:01] [SPAMMIER] resolve queries> Query Filter: C:\Users\Moham\.codeql\packages\codeql\javascript-queries\2.4.3\experimental\StandardLibrary\MultipleArgumentsToSetConstructor.ql failed the constraint of kind (was problem).
[2026-08-14 14:45:01] [SPAMMIER] resolve queries> Query Filter: C:\Users\Moham\.codeql\packages\codeql\javascript-queries\2.4.3\Expressions\BitwiseSignCheck.ql failed the constraint of kind (was problem).
[2026-08-14 14:45:01] [SPAMMIER] resolve queries> Query Filter: C:\Users\Moham\.codeql\packages\codeql\javascript-queries\2.4.3\Expressions\CompareIdenticalValues.ql failed the constraint of kind (was problem).
[2026-08-14 14:45:01] [SPAMMIER] resolve queries> Query Filter: C:\Users\Moham\.codeql\packages\codeql\javascript-queries\2.4.3\Expressions\ComparisonWithNaN.ql failed the constraint of kind (was problem).
[2026-08-14 14:45:01] [SPAMMIER] resolve queries> Query Filter: C:\Users\Moham\.codeql\packages\codeql\javascript-queries\2.4.3\Expressions\DuplicateCondition.ql failed the constraint of kind (was problem).
[2026-08-14 14:45:01] [SPAMMIER] resolve queries> Query Filter: C:\Users\Moham\.codeql\packages\codeql\javascript-queries\2.4.3\Expressions\DuplicateProperty.ql failed the constraint of kind (was problem).
[2026-08-14 14:45:01] [SPAMMIER] resolve queries> Query Filter: C:\Users\Moham\.codeql\packages\codeql\javascript-queries\2.4.3\Expressions\DuplicateSwitchCase.ql failed the constraint of kind (was problem).
[2026-08-14 14:45:01] [SPAMMIER] resolve queries> Query Filter: C:\Users\Moham\.codeql\packages\codeql\javascript-queries\2.4.3\Expressions\ExprHasNoEffect.ql failed the constraint of kind (was problem).
[2026-08-14 14:45:01] [SPAMMIER] resolve queries> Query Filter: C:\Users\Moham\.codeql\packages\codeql\javascript-queries\2.4.3\Expressions\HeterogeneousComparison.ql failed the constraint of kind (was problem).
[2026-08-14 14:45:01] [SPAMMIER] resolve queries> Query Filter: C:\Users\Moham\.codeql\packages\codeql\javascript-queries\2.4.3\Expressions\ImplicitOperandConversion.ql failed the constraint of kind (was problem).
[2026-08-14 14:45:01] [SPAMMIER] resolve queries> Query Filter: C:\Users\Moham\.codeql\packages\codeql\javascript-queries\2.4.3\Expressions\MissingAwait.ql failed the constraint of kind (was problem).
[2026-08-14 14:45:01] [SPAMMIER] resolve queries> Query Filter: C:\Users\Moham\.codeql\packages\codeql\javascript-queries\2.4.3\Expressions\MissingDotLengthInComparison.ql failed the constraint of kind (was problem).
[2026-08-14 14:45:01] [SPAMMIER] resolve queries> Query Filter: C:\Users\Moham\.codeql\packages\codeql\javascript-queries\2.4.3\Expressions\MissingSpaceInAppend.ql failed the constraint of kind (was problem).
[2026-08-14 14:45:01] [SPAMMIER] resolve queries> Query Filter: C:\Users\Moham\.codeql\packages\codeql\javascript-queries\2.4.3\Expressions\MisspelledIdentifier.ql failed the constraint of kind (was problem).
[2026-08-14 14:45:01] [SPAMMIER] resolve queries> Query Filter: C:\Users\Moham\.codeql\packages\codeql\javascript-queries\2.4.3\Expressions\MisspelledVariableName.ql failed the constraint of kind (was problem).
[2026-08-14 14:45:01] [SPAMMIER] resolve queries> Query Filter: C:\Users\Moham\.codeql\packages\codeql\javascript-queries\2.4.3\Expressions\RedundantExpression.ql failed the constraint of kind (was problem).
[2026-08-14 14:45:01] [SPAMMIER] resolve queries> Query Filter: C:\Users\Moham\.codeql\packages\codeql\javascript-queries\2.4.3\Expressions\SelfAssignment.ql failed the constraint of kind (was problem).
[2026-08-14 14:45:01] [SPAMMIER] resolve queries> Query Filter: C:\Users\Moham\.codeql\packages\codeql\javascript-queries\2.4.3\Expressions\ShiftOutOfRange.ql failed the constraint of kind (was problem).
[2026-08-14 14:45:01] [SPAMMIER] resolve queries> Query Filter: C:\Users\Moham\.codeql\packages\codeql\javascript-queries\2.4.3\Expressions\StringInsteadOfRegex.ql failed the constraint of kind (was problem).
[2026-08-14 14:45:01] [SPAMMIER] resolve queries> Query Filter: C:\Users\Moham\.codeql\packages\codeql\javascript-queries\2.4.3\Expressions\SuspiciousInvocation.ql failed the constraint of kind (was problem).
[2026-08-14 14:45:01] [SPAMMIER] resolve queries> Query Filter: C:\Users\Moham\.codeql\packages\codeql\javascript-queries\2.4.3\Expressions\SuspiciousPropAccess.ql failed the constraint of kind (was problem).
[2026-08-14 14:45:01] [SPAMMIER] resolve queries> Query Filter: C:\Users\Moham\.codeql\packages\codeql\javascript-queries\2.4.3\Expressions\UnboundEventHandlerReceiver.ql failed the constraint of kind (was problem).
[2026-08-14 14:45:01] [SPAMMIER] resolve queries> Query Filter: C:\Users\Moham\.codeql\packages\codeql\javascript-queries\2.4.3\Expressions\UnclearOperatorPrecedence.ql failed the constraint of kind (was problem).
[2026-08-14 14:45:01] [SPAMMIER] resolve queries> Query Filter: C:\Users\Moham\.codeql\packages\codeql\javascript-queries\2.4.3\Expressions\UnknownDirective.ql failed the constraint of kind (was problem).
[2026-08-14 14:45:01] [SPAMMIER] resolve queries> Query Filter: C:\Users\Moham\.codeql\packages\codeql\javascript-queries\2.4.3\Expressions\UnneededDefensiveProgramming.ql failed the constraint of kind (was problem).
[2026-08-14 14:45:01] [SPAMMIER] resolve queries> Query Filter: C:\Users\Moham\.codeql\packages\codeql\javascript-queries\2.4.3\Expressions\WhitespaceContradictsPrecedence.ql failed the constraint of kind (was problem).
[2026-08-14 14:45:01] [SPAMMIER] resolve queries> Query Filter: C:\Users\Moham\.codeql\packages\codeql\javascript-queries\2.4.3\external\DuplicateFunction.ql failed the constraint of kind (was problem).
[2026-08-14 14:45:01] [SPAMMIER] resolve queries> Query Filter: C:\Users\Moham\.codeql\packages\codeql\javascript-queries\2.4.3\external\DuplicateToplevel.ql failed the constraint of kind (was problem).
[2026-08-14 14:45:01] [SPAMMIER] resolve queries> Query Filter: C:\Users\Moham\.codeql\packages\codeql\javascript-queries\2.4.3\external\SimilarFunction.ql failed the constraint of kind (was problem).
[2026-08-14 14:45:01] [SPAMMIER] resolve queries> Query Filter: C:\Users\Moham\.codeql\packages\codeql\javascript-queries\2.4.3\external\SimilarToplevel.ql failed the constraint of kind (was problem).
[2026-08-14 14:45:01] [SPAMMIER] resolve queries> Query Filter: C:\Users\Moham\.codeql\packages\codeql\javascript-queries\2.4.3\filters\ClassifyFiles.ql failed the constraint of kind (was file-classifier).
[2026-08-14 14:45:01] [SPAMMIER] resolve queries> Query Filter: C:\Users\Moham\.codeql\packages\codeql\javascript-queries\2.4.3\JSDoc\BadParamTag.ql failed the constraint of kind (was problem).
[2026-08-14 14:45:01] [SPAMMIER] resolve queries> Query Filter: C:\Users\Moham\.codeql\packages\codeql\javascript-queries\2.4.3\JSDoc\JSDocForNonExistentParameter.ql failed the constraint of kind (was problem).
[2026-08-14 14:45:01] [SPAMMIER] resolve queries> Query Filter: C:\Users\Moham\.codeql\packages\codeql\javascript-queries\2.4.3\JSDoc\UndocumentedParameter.ql failed the constraint of kind (was problem).
[2026-08-14 14:45:01] [SPAMMIER] resolve queries> Query Filter: C:\Users\Moham\.codeql\packages\codeql\javascript-queries\2.4.3\LanguageFeatures\ArgumentsCallerCallee.ql failed the constraint of kind (was problem).
[2026-08-14 14:45:01] [SPAMMIER] resolve queries> Query Filter: C:\Users\Moham\.codeql\packages\codeql\javascript-queries\2.4.3\LanguageFeatures\BadTypeof.ql failed the constraint of kind (was problem).
[2026-08-14 14:45:01] [SPAMMIER] resolve queries> Query Filter: C:\Users\Moham\.codeql\packages\codeql\javascript-queries\2.4.3\LanguageFeatures\ConditionalComments.ql failed the constraint of kind (was problem).
[2026-08-14 14:45:01] [SPAMMIER] resolve queries> Query Filter: C:\Users\Moham\.codeql\packages\codeql\javascript-queries\2.4.3\LanguageFeatures\DebuggerStatement.ql failed the constraint of kind (was problem).
[2026-08-14 14:45:01] [SPAMMIER] resolve queries> Query Filter: C:\Users\Moham\.codeql\packages\codeql\javascript-queries\2.4.3\LanguageFeatures\DeleteVar.ql failed the constraint of kind (was problem).
[2026-08-14 14:45:01] [SPAMMIER] resolve queries> Query Filter: C:\Users\Moham\.codeql\packages\codeql\javascript-queries\2.4.3\LanguageFeatures\EmptyArrayInit.ql failed the constraint of kind (was problem).
[2026-08-14 14:45:01] [SPAMMIER] resolve queries> Query Filter: C:\Users\Moham\.codeql\packages\codeql\javascript-queries\2.4.3\LanguageFeatures\Eval.ql failed the constraint of kind (was problem).
[2026-08-14 14:45:01] [SPAMMIER] resolve queries> Query Filter: C:\Users\Moham\.codeql\packages\codeql\javascript-queries\2.4.3\LanguageFeatures\ExpressionClosures.ql failed the constraint of kind (was problem).
[2026-08-14 14:45:01] [SPAMMIER] resolve queries> Query Filter: C:\Users\Moham\.codeql\packages\codeql\javascript-queries\2.4.3\LanguageFeatures\ForInComprehensionBlocks.ql failed the constraint of kind (was problem).
[2026-08-14 14:45:01] [SPAMMIER] resolve queries> Query Filter: C:\Users\Moham\.codeql\packages\codeql\javascript-queries\2.4.3\LanguageFeatures\IllegalInvocation.ql failed the constraint of kind (was problem).
[2026-08-14 14:45:01] [SPAMMIER] resolve queries> Query Filter: C:\Users\Moham\.codeql\packages\codeql\javascript-queries\2.4.3\LanguageFeatures\InconsistentNew.ql failed the constraint of kind (was problem).
[2026-08-14 14:45:01] [SPAMMIER] resolve queries> Query Filter: C:\Users\Moham\.codeql\packages\codeql\javascript-queries\2.4.3\LanguageFeatures\InvalidPrototype.ql failed the constraint of kind (was problem).
[2026-08-14 14:45:01] [SPAMMIER] resolve queries> Query Filter: C:\Users\Moham\.codeql\packages\codeql\javascript-queries\2.4.3\LanguageFeatures\JumpFromFinally.ql failed the constraint of kind (was problem).
[2026-08-14 14:45:01] [SPAMMIER] resolve queries> Query Filter: C:\Users\Moham\.codeql\packages\codeql\javascript-queries\2.4.3\LanguageFeatures\LengthComparisonOffByOne.ql failed the constraint of kind (was problem).
[2026-08-14 14:45:01] [SPAMMIER] resolve queries> Query Filter: C:\Users\Moham\.codeql\packages\codeql\javascript-queries\2.4.3\LanguageFeatures\NonLinearPattern.ql failed the constraint of kind (was problem).
[2026-08-14 14:45:01] [SPAMMIER] resolve queries> Query Filter: C:\Users\Moham\.codeql\packages\codeql\javascript-queries\2.4.3\LanguageFeatures\PropertyWriteOnPrimitive.ql failed the constraint of kind (was problem).
[2026-08-14 14:45:01] [SPAMMIER] resolve queries> Query Filter: C:\Users\Moham\.codeql\packages\codeql\javascript-queries\2.4.3\LanguageFeatures\SemicolonInsertion.ql failed the constraint of kind (was problem).
[2026-08-14 14:45:01] [SPAMMIER] resolve queries> Query Filter: C:\Users\Moham\.codeql\packages\codeql\javascript-queries\2.4.3\LanguageFeatures\SetterIgnoresParameter.ql failed the constraint of kind (was problem).
[2026-08-14 14:45:01] [SPAMMIER] resolve queries> Query Filter: C:\Users\Moham\.codeql\packages\codeql\javascript-queries\2.4.3\LanguageFeatures\SetterReturn.ql failed the constraint of kind (was problem).
[2026-08-14 14:45:01] [SPAMMIER] resolve queries> Query Filter: C:\Users\Moham\.codeql\packages\codeql\javascript-queries\2.4.3\LanguageFeatures\SpuriousArguments.ql failed the constraint of kind (was problem).
[2026-08-14 14:45:01] [SPAMMIER] resolve queries> Query Filter: C:\Users\Moham\.codeql\packages\codeql\javascript-queries\2.4.3\LanguageFeatures\StrictModeCallStackIntrospection.ql failed the constraint of kind (was problem).
[2026-08-14 14:45:01] [SPAMMIER] resolve queries> Query Filter: C:\Users\Moham\.codeql\packages\codeql\javascript-queries\2.4.3\LanguageFeatures\SyntaxError.ql failed the constraint of kind (was problem).
[2026-08-14 14:45:01] [SPAMMIER] resolve queries> Query Filter: C:\Users\Moham\.codeql\packages\codeql\javascript-queries\2.4.3\LanguageFeatures\TemplateSyntaxInStringLiteral.ql failed the constraint of kind (was problem).
[2026-08-14 14:45:01] [SPAMMIER] resolve queries> Query Filter: C:\Users\Moham\.codeql\packages\codeql\javascript-queries\2.4.3\LanguageFeatures\ThisBeforeSuper.ql failed the constraint of kind (was problem).
[2026-08-14 14:45:01] [SPAMMIER] resolve queries> Query Filter: C:\Users\Moham\.codeql\packages\codeql\javascript-queries\2.4.3\LanguageFeatures\UnusedIndexVariable.ql failed the constraint of kind (was problem).
[2026-08-14 14:45:01] [SPAMMIER] resolve queries> Query Filter: C:\Users\Moham\.codeql\packages\codeql\javascript-queries\2.4.3\LanguageFeatures\WithStatement.ql failed the constraint of kind (was problem).
[2026-08-14 14:45:01] [SPAMMIER] resolve queries> Query Filter: C:\Users\Moham\.codeql\packages\codeql\javascript-queries\2.4.3\LanguageFeatures\WrongExtensionJSON.ql failed the constraint of kind (was problem).
[2026-08-14 14:45:01] [SPAMMIER] resolve queries> Query Filter: C:\Users\Moham\.codeql\packages\codeql\javascript-queries\2.4.3\LanguageFeatures\YieldInNonGenerator.ql failed the constraint of kind (was problem).
[2026-08-14 14:45:01] [SPAMMIER] resolve queries> Query Filter: C:\Users\Moham\.codeql\packages\codeql\javascript-queries\2.4.3\meta\alerts\CallGraph.ql failed the constraint of kind (was problem).
[2026-08-14 14:45:01] [SPAMMIER] resolve queries> Query Filter: C:\Users\Moham\.codeql\packages\codeql\javascript-queries\2.4.3\meta\alerts\ImportGraph.ql failed the constraint of kind (was problem).
[2026-08-14 14:45:01] [SPAMMIER] resolve queries> Query Filter: C:\Users\Moham\.codeql\packages\codeql\javascript-queries\2.4.3\meta\alerts\LibraryInputs.ql failed the constraint of kind (was problem).
[2026-08-14 14:45:01] [SPAMMIER] resolve queries> Query Filter: C:\Users\Moham\.codeql\packages\codeql\javascript-queries\2.4.3\meta\alerts\TaintedNodes.ql failed the constraint of kind (was problem).
[2026-08-14 14:45:01] [SPAMMIER] resolve queries> Query Filter: C:\Users\Moham\.codeql\packages\codeql\javascript-queries\2.4.3\meta\alerts\TaintSinks.ql failed the constraint of kind (was problem).
[2026-08-14 14:45:01] [SPAMMIER] resolve queries> Query Filter: C:\Users\Moham\.codeql\packages\codeql\javascript-queries\2.4.3\meta\alerts\TaintSources.ql failed the constraint of kind (was problem).
[2026-08-14 14:45:01] [SPAMMIER] resolve queries> Query Filter: C:\Users\Moham\.codeql\packages\codeql\javascript-queries\2.4.3\meta\alerts\ThreatModelSources.ql failed the constraint of kind (was problem).
[2026-08-14 14:45:01] [SPAMMIER] resolve queries> Query Filter: C:\Users\Moham\.codeql\packages\codeql\javascript-queries\2.4.3\meta\analysis-quality\CalledFunctionCandidates.ql failed the constraint of kind (was metric).
[2026-08-14 14:45:01] [SPAMMIER] resolve queries> Query Filter: C:\Users\Moham\.codeql\packages\codeql\javascript-queries\2.4.3\meta\analysis-quality\CalledFunctionRatio.ql failed the constraint of kind (was metric).
[2026-08-14 14:45:01] [SPAMMIER] resolve queries> Query Filter: C:\Users\Moham\.codeql\packages\codeql\javascript-queries\2.4.3\meta\analysis-quality\CalledFunctions.ql failed the constraint of kind (was metric).
[2026-08-14 14:45:01] [SPAMMIER] resolve queries> Query Filter: C:\Users\Moham\.codeql\packages\codeql\javascript-queries\2.4.3\meta\analysis-quality\DomValueRefs.ql failed the constraint of kind (was metric).
[2026-08-14 14:45:01] [SPAMMIER] resolve queries> Query Filter: C:\Users\Moham\.codeql\packages\codeql\javascript-queries\2.4.3\meta\analysis-quality\NumModules.ql failed the constraint of kind (was metric).
[2026-08-14 14:45:01] [SPAMMIER] resolve queries> Query Filter: C:\Users\Moham\.codeql\packages\codeql\javascript-queries\2.4.3\meta\analysis-quality\ResolvableCallCandidates.ql failed the constraint of kind (was metric).
[2026-08-14 14:45:01] [SPAMMIER] resolve queries> Query Filter: C:\Users\Moham\.codeql\packages\codeql\javascript-queries\2.4.3\meta\analysis-quality\ResolvableCallRatio.ql failed the constraint of kind (was metric).
[2026-08-14 14:45:01] [SPAMMIER] resolve queries> Query Filter: C:\Users\Moham\.codeql\packages\codeql\javascript-queries\2.4.3\meta\analysis-quality\ResolvableCalls.ql failed the constraint of kind (was metric).
[2026-08-14 14:45:01] [SPAMMIER] resolve queries> Query Filter: C:\Users\Moham\.codeql\packages\codeql\javascript-queries\2.4.3\meta\analysis-quality\ResolvableImports.ql failed the constraint of kind (was metric).
[2026-08-14 14:45:01] [SPAMMIER] resolve queries> Query Filter: C:\Users\Moham\.codeql\packages\codeql\javascript-queries\2.4.3\meta\analysis-quality\RouteHandlers.ql failed the constraint of kind (was metric).
[2026-08-14 14:45:01] [SPAMMIER] resolve queries> Query Filter: C:\Users\Moham\.codeql\packages\codeql\javascript-queries\2.4.3\meta\analysis-quality\SanitizersReachableFromSource.ql failed the constraint of kind (was metric).
[2026-08-14 14:45:01] [SPAMMIER] resolve queries> Query Filter: C:\Users\Moham\.codeql\packages\codeql\javascript-queries\2.4.3\meta\analysis-quality\SinksReachableFromSanitizer.ql failed the constraint of kind (was metric).
[2026-08-14 14:45:01] [SPAMMIER] resolve queries> Query Filter: C:\Users\Moham\.codeql\packages\codeql\javascript-queries\2.4.3\meta\analysis-quality\TaintedNodes.ql failed the constraint of kind (was metric).
[2026-08-14 14:45:01] [SPAMMIER] resolve queries> Query Filter: C:\Users\Moham\.codeql\packages\codeql\javascript-queries\2.4.3\meta\analysis-quality\TaintSinks.ql failed the constraint of kind (was metric).
[2026-08-14 14:45:01] [SPAMMIER] resolve queries> Query Filter: C:\Users\Moham\.codeql\packages\codeql\javascript-queries\2.4.3\meta\analysis-quality\TaintSources.ql failed the constraint of kind (was metric).
[2026-08-14 14:45:01] [SPAMMIER] resolve queries> Query Filter: C:\Users\Moham\.codeql\packages\codeql\javascript-queries\2.4.3\meta\analysis-quality\TaintSteps.ql failed the constraint of kind (was metric).
[2026-08-14 14:45:01] [SPAMMIER] resolve queries> Query Filter: C:\Users\Moham\.codeql\packages\codeql\javascript-queries\2.4.3\meta\analysis-quality\UncalledFunctions.ql failed the constraint of kind (was metric).
[2026-08-14 14:45:01] [SPAMMIER] resolve queries> Query Filter: C:\Users\Moham\.codeql\packages\codeql\javascript-queries\2.4.3\meta\analysis-quality\UnmodelledSteps.ql failed the constraint of kind (was metric).
[2026-08-14 14:45:01] [SPAMMIER] resolve queries> Query Filter: C:\Users\Moham\.codeql\packages\codeql\javascript-queries\2.4.3\meta\analysis-quality\UnpromotedRouteHandlerCandidate.ql failed the constraint of kind (was problem).
[2026-08-14 14:45:01] [SPAMMIER] resolve queries> Query Filter: C:\Users\Moham\.codeql\packages\codeql\javascript-queries\2.4.3\meta\analysis-quality\UnpromotedRouteSetupCandidate.ql failed the constraint of kind (was problem).
[2026-08-14 14:45:01] [SPAMMIER] resolve queries> Query Filter: C:\Users\Moham\.codeql\packages\codeql\javascript-queries\2.4.3\meta\analysis-quality\UnresolvableCalls.ql failed the constraint of kind (was metric).
[2026-08-14 14:45:01] [SPAMMIER] resolve queries> Query Filter: C:\Users\Moham\.codeql\packages\codeql\javascript-queries\2.4.3\meta\analysis-quality\UnresolvableImports.ql failed the constraint of kind (was metric).
[2026-08-14 14:45:01] [SPAMMIER] resolve queries> Query Filter: C:\Users\Moham\.codeql\packages\codeql\javascript-queries\2.4.3\meta\ApiGraphs\ApiGraphEdges.ql failed the constraint of kind (was metric).
[2026-08-14 14:45:01] [SPAMMIER] resolve queries> Query Filter: C:\Users\Moham\.codeql\packages\codeql\javascript-queries\2.4.3\meta\ApiGraphs\ApiGraphNodes.ql failed the constraint of kind (was metric).
[2026-08-14 14:45:01] [SPAMMIER] resolve queries> Query Filter: C:\Users\Moham\.codeql\packages\codeql\javascript-queries\2.4.3\meta\ApiGraphs\ApiGraphPointsToEdges.ql failed the constraint of kind (was metric).
[2026-08-14 14:45:01] [SPAMMIER] resolve queries> Query Filter: C:\Users\Moham\.codeql\packages\codeql\javascript-queries\2.4.3\meta\ApiGraphs\ApiGraphRhsNodes.ql failed the constraint of kind (was metric).
[2026-08-14 14:45:01] [SPAMMIER] resolve queries> Query Filter: C:\Users\Moham\.codeql\packages\codeql\javascript-queries\2.4.3\meta\ApiGraphs\ApiGraphUseNodes.ql failed the constraint of kind (was metric).
[2026-08-14 14:45:01] [SPAMMIER] resolve queries> Query Filter: C:\Users\Moham\.codeql\packages\codeql\javascript-queries\2.4.3\meta\Consistency.ql failed the constraint of kind (was table).
[2026-08-14 14:45:01] [SPAMMIER] resolve queries> Query Filter: C:\Users\Moham\.codeql\packages\codeql\javascript-queries\2.4.3\meta\extraction-metrics\FileData.ql failed the constraint of kind (was table).
[2026-08-14 14:45:01] [SPAMMIER] resolve queries> Query Filter: C:\Users\Moham\.codeql\packages\codeql\javascript-queries\2.4.3\meta\extraction-metrics\MissingMetrics.ql failed the constraint of kind (was problem).
[2026-08-14 14:45:01] [SPAMMIER] resolve queries> Query Filter: C:\Users\Moham\.codeql\packages\codeql\javascript-queries\2.4.3\meta\extraction-metrics\PhaseTimings.ql failed the constraint of kind (was table).
[2026-08-14 14:45:01] [SPAMMIER] resolve queries> Query Filter: C:\Users\Moham\.codeql\packages\codeql\javascript-queries\2.4.3\meta\SSA\DeadDef.ql failed the constraint of kind (was problem).
[2026-08-14 14:45:01] [SPAMMIER] resolve queries> Query Filter: C:\Users\Moham\.codeql\packages\codeql\javascript-queries\2.4.3\meta\SSA\Dominance.ql failed the constraint of kind (was problem).
[2026-08-14 14:45:01] [SPAMMIER] resolve queries> Query Filter: C:\Users\Moham\.codeql\packages\codeql\javascript-queries\2.4.3\meta\SSA\MultipleDefs.ql failed the constraint of kind (was problem).
[2026-08-14 14:45:01] [SPAMMIER] resolve queries> Query Filter: C:\Users\Moham\.codeql\packages\codeql\javascript-queries\2.4.3\meta\SSA\MultipleRefinementInputs.ql failed the constraint of kind (was problem).
[2026-08-14 14:45:01] [SPAMMIER] resolve queries> Query Filter: C:\Users\Moham\.codeql\packages\codeql\javascript-queries\2.4.3\meta\SSA\NoDefs.ql failed the constraint of kind (was problem).
[2026-08-14 14:45:01] [SPAMMIER] resolve queries> Query Filter: C:\Users\Moham\.codeql\packages\codeql\javascript-queries\2.4.3\meta\SSA\NoPhiInputs.ql failed the constraint of kind (was problem).
[2026-08-14 14:45:01] [SPAMMIER] resolve queries> Query Filter: C:\Users\Moham\.codeql\packages\codeql\javascript-queries\2.4.3\meta\SSA\NoRefinementInputs.ql failed the constraint of kind (was problem).
[2026-08-14 14:45:01] [SPAMMIER] resolve queries> Query Filter: C:\Users\Moham\.codeql\packages\codeql\javascript-queries\2.4.3\meta\SSA\SinglePhiInput.ql failed the constraint of kind (was problem).
[2026-08-14 14:45:01] [SPAMMIER] resolve queries> Query Filter: C:\Users\Moham\.codeql\packages\codeql\javascript-queries\2.4.3\Metrics\Dependencies\ExternalDependencies.ql failed the constraint of kind (was treemap).
[2026-08-14 14:45:01] [SPAMMIER] resolve queries> Query Filter: C:\Users\Moham\.codeql\packages\codeql\javascript-queries\2.4.3\Metrics\Dependencies\ExternalDependenciesSourceLinks.ql failed the constraint of kind (was source-link).
[2026-08-14 14:45:01] [SPAMMIER] resolve queries> Query Filter: C:\Users\Moham\.codeql\packages\codeql\javascript-queries\2.4.3\Metrics\FCommentRatio.ql failed the constraint of kind (was treemap).
[2026-08-14 14:45:01] [SPAMMIER] resolve queries> Query Filter: C:\Users\Moham\.codeql\packages\codeql\javascript-queries\2.4.3\Metrics\FCyclomaticComplexity.ql failed the constraint of kind (was treemap).
[2026-08-14 14:45:01] [SPAMMIER] resolve queries> Query Filter: C:\Users\Moham\.codeql\packages\codeql\javascript-queries\2.4.3\Metrics\FFunctions.ql failed the constraint of kind (was treemap).
[2026-08-14 14:45:01] [SPAMMIER] resolve queries> Query Filter: C:\Users\Moham\.codeql\packages\codeql\javascript-queries\2.4.3\Metrics\FLines.ql failed the constraint of kind (was treemap).
[2026-08-14 14:45:01] [SPAMMIER] resolve queries> Query Filter: C:\Users\Moham\.codeql\packages\codeql\javascript-queries\2.4.3\Metrics\FLinesOfCode.ql failed the constraint of kind (was treemap).
[2026-08-14 14:45:01] [SPAMMIER] resolve queries> Query Filter: C:\Users\Moham\.codeql\packages\codeql\javascript-queries\2.4.3\Metrics\FLinesOfComment.ql failed the constraint of kind (was treemap).
[2026-08-14 14:45:01] [SPAMMIER] resolve queries> Query Filter: C:\Users\Moham\.codeql\packages\codeql\javascript-queries\2.4.3\Metrics\FLinesOfDuplicatedCode.ql failed the constraint of kind (was treemap).
[2026-08-14 14:45:01] [SPAMMIER] resolve queries> Query Filter: C:\Users\Moham\.codeql\packages\codeql\javascript-queries\2.4.3\Metrics\FLinesOfSimilarCode.ql failed the constraint of kind (was treemap).
[2026-08-14 14:45:01] [SPAMMIER] resolve queries> Query Filter: C:\Users\Moham\.codeql\packages\codeql\javascript-queries\2.4.3\Metrics\FNumberOfStatements.ql failed the constraint of kind (was treemap).
[2026-08-14 14:45:01] [SPAMMIER] resolve queries> Query Filter: C:\Users\Moham\.codeql\packages\codeql\javascript-queries\2.4.3\Metrics\FNumberOfTests.ql failed the constraint of kind (was treemap).
[2026-08-14 14:45:01] [SPAMMIER] resolve queries> Query Filter: C:\Users\Moham\.codeql\packages\codeql\javascript-queries\2.4.3\Metrics\FunCyclomaticComplexity.ql failed the constraint of kind (was treemap).
[2026-08-14 14:45:01] [SPAMMIER] resolve queries> Query Filter: C:\Users\Moham\.codeql\packages\codeql\javascript-queries\2.4.3\Metrics\FunLinesOfCode.ql failed the constraint of kind (was treemap).
[2026-08-14 14:45:01] [SPAMMIER] resolve queries> Query Filter: C:\Users\Moham\.codeql\packages\codeql\javascript-queries\2.4.3\Metrics\FUseOfES6.ql failed the constraint of kind (was treemap).
[2026-08-14 14:45:01] [SPAMMIER] resolve queries> Query Filter: C:\Users\Moham\.codeql\packages\codeql\javascript-queries\2.4.3\NodeJS\CyclicImport.ql failed the constraint of kind (was problem).
[2026-08-14 14:45:01] [SPAMMIER] resolve queries> Query Filter: C:\Users\Moham\.codeql\packages\codeql\javascript-queries\2.4.3\NodeJS\DubiousImport.ql failed the constraint of kind (was problem).
[2026-08-14 14:45:01] [SPAMMIER] resolve queries> Query Filter: C:\Users\Moham\.codeql\packages\codeql\javascript-queries\2.4.3\NodeJS\InvalidExport.ql failed the constraint of kind (was problem).
[2026-08-14 14:45:01] [SPAMMIER] resolve queries> Query Filter: C:\Users\Moham\.codeql\packages\codeql\javascript-queries\2.4.3\NodeJS\MissingExports.ql failed the constraint of kind (was problem).
[2026-08-14 14:45:01] [SPAMMIER] resolve queries> Query Filter: C:\Users\Moham\.codeql\packages\codeql\javascript-queries\2.4.3\NodeJS\UnresolvableImport.ql failed the constraint of kind (was problem).
[2026-08-14 14:45:01] [SPAMMIER] resolve queries> Query Filter: C:\Users\Moham\.codeql\packages\codeql\javascript-queries\2.4.3\NodeJS\UnusedDependency.ql failed the constraint of kind (was problem).
[2026-08-14 14:45:01] [SPAMMIER] resolve queries> Query Filter: C:\Users\Moham\.codeql\packages\codeql\javascript-queries\2.4.3\Performance\NonLocalForIn.ql failed the constraint of kind (was problem).
[2026-08-14 14:45:01] [SPAMMIER] resolve queries> Query Filter: C:\Users\Moham\.codeql\packages\codeql\javascript-queries\2.4.3\Performance\ReassignParameterAndUseArguments.ql failed the constraint of kind (was problem).
[2026-08-14 14:45:01] [SPAMMIER] resolve queries> Query Filter: C:\Users\Moham\.codeql\packages\codeql\javascript-queries\2.4.3\Quality\UnhandledErrorInStreamPipeline.ql failed the constraint of kind (was problem).
[2026-08-14 14:45:01] [SPAMMIER] resolve queries> Query Filter: C:\Users\Moham\.codeql\packages\codeql\javascript-queries\2.4.3\React\DirectStateMutation.ql failed the constraint of kind (was problem).
[2026-08-14 14:45:01] [SPAMMIER] resolve queries> Query Filter: C:\Users\Moham\.codeql\packages\codeql\javascript-queries\2.4.3\React\InconsistentStateUpdate.ql failed the constraint of kind (was problem).
[2026-08-14 14:45:01] [SPAMMIER] resolve queries> Query Filter: C:\Users\Moham\.codeql\packages\codeql\javascript-queries\2.4.3\React\UnsupportedStateUpdateInLifecycleMethod.ql failed the constraint of kind (was problem).
[2026-08-14 14:45:01] [SPAMMIER] resolve queries> Query Filter: C:\Users\Moham\.codeql\packages\codeql\javascript-queries\2.4.3\React\UnusedOrUndefinedStateProperty.ql failed the constraint of kind (was problem).
[2026-08-14 14:45:01] [SPAMMIER] resolve queries> Query Filter: C:\Users\Moham\.codeql\packages\codeql\javascript-queries\2.4.3\RegExp\BackrefBeforeGroup.ql failed the constraint of kind (was problem).
[2026-08-14 14:45:01] [SPAMMIER] resolve queries> Query Filter: C:\Users\Moham\.codeql\packages\codeql\javascript-queries\2.4.3\RegExp\BackrefIntoNegativeLookahead.ql failed the constraint of kind (was problem).
[2026-08-14 14:45:01] [SPAMMIER] resolve queries> Query Filter: C:\Users\Moham\.codeql\packages\codeql\javascript-queries\2.4.3\RegExp\BackspaceEscape.ql failed the constraint of kind (was problem).
[2026-08-14 14:45:01] [SPAMMIER] resolve queries> Query Filter: C:\Users\Moham\.codeql\packages\codeql\javascript-queries\2.4.3\RegExp\DuplicateCharacterInCharacterClass.ql failed the constraint of kind (was problem).
[2026-08-14 14:45:01] [SPAMMIER] resolve queries> Query Filter: C:\Users\Moham\.codeql\packages\codeql\javascript-queries\2.4.3\RegExp\EmptyCharacterClass.ql failed the constraint of kind (was problem).
[2026-08-14 14:45:01] [SPAMMIER] resolve queries> Query Filter: C:\Users\Moham\.codeql\packages\codeql\javascript-queries\2.4.3\RegExp\MalformedRegExp.ql failed the constraint of kind (was problem).
[2026-08-14 14:45:01] [SPAMMIER] resolve queries> Query Filter: C:\Users\Moham\.codeql\packages\codeql\javascript-queries\2.4.3\RegExp\RegExpAlwaysMatches.ql failed the constraint of kind (was problem).
[2026-08-14 14:45:01] [SPAMMIER] resolve queries> Query Filter: C:\Users\Moham\.codeql\packages\codeql\javascript-queries\2.4.3\RegExp\UnboundBackref.ql failed the constraint of kind (was problem).
[2026-08-14 14:45:01] [SPAMMIER] resolve queries> Query Filter: C:\Users\Moham\.codeql\packages\codeql\javascript-queries\2.4.3\RegExp\UnmatchableCaret.ql failed the constraint of kind (was problem).
[2026-08-14 14:45:01] [SPAMMIER] resolve queries> Query Filter: C:\Users\Moham\.codeql\packages\codeql\javascript-queries\2.4.3\RegExp\UnmatchableDollar.ql failed the constraint of kind (was problem).
[2026-08-14 14:45:01] [SPAMMIER] resolve queries> Query Filter: C:\Users\Moham\.codeql\packages\codeql\javascript-queries\2.4.3\Security\CWE-020\ExternalAPIsUsedWithUntrustedData.ql failed the constraint of kind (was table).
[2026-08-14 14:45:01] [SPAMMIER] resolve queries> Query Filter: C:\Users\Moham\.codeql\packages\codeql\javascript-queries\2.4.3\Security\CWE-020\MissingOriginCheck.ql failed the constraint of kind (was problem).
[2026-08-14 14:45:01] [SPAMMIER] resolve queries> Query Filter: C:\Users\Moham\.codeql\packages\codeql\javascript-queries\2.4.3\Security\CWE-020\MissingRegExpAnchor.ql failed the constraint of kind (was problem).
[2026-08-14 14:45:01] [SPAMMIER] resolve queries> Query Filter: C:\Users\Moham\.codeql\packages\codeql\javascript-queries\2.4.3\Security\CWE-020\UntrustedDataToExternalAPI.ql failed the constraint of kind (was path-problem).
[2026-08-14 14:45:01] [SPAMMIER] resolve queries> Query Filter: C:\Users\Moham\.codeql\packages\codeql\javascript-queries\2.4.3\Security\CWE-078\IndirectCommandInjection.ql failed the constraint of kind (was path-problem).
[2026-08-14 14:45:01] [SPAMMIER] resolve queries> Query Filter: C:\Users\Moham\.codeql\packages\codeql\javascript-queries\2.4.3\Security\CWE-094\UnsafeCodeConstruction.ql failed the constraint of kind (was path-problem).
[2026-08-14 14:45:01] [SPAMMIER] resolve queries> Query Filter: C:\Users\Moham\.codeql\packages\codeql\javascript-queries\2.4.3\Security\CWE-117\LogInjection.ql failed the constraint of kind (was path-problem).
[2026-08-14 14:45:01] [SPAMMIER] resolve queries> Query Filter: C:\Users\Moham\.codeql\packages\codeql\javascript-queries\2.4.3\Security\CWE-1275\SameSiteNoneCookie.ql failed the constraint of kind (was problem).
[2026-08-14 14:45:01] [SPAMMIER] resolve queries> Query Filter: C:\Users\Moham\.codeql\packages\codeql\javascript-queries\2.4.3\Security\CWE-1427\UserPromptInjection.ql failed the constraint of kind (was path-problem).
[2026-08-14 14:45:01] [SPAMMIER] resolve queries> Query Filter: C:\Users\Moham\.codeql\packages\codeql\javascript-queries\2.4.3\Security\CWE-200\FileAccessToHttp.ql failed the constraint of kind (was path-problem).
[2026-08-14 14:45:01] [SPAMMIER] resolve queries> Query Filter: C:\Users\Moham\.codeql\packages\codeql\javascript-queries\2.4.3\Security\CWE-313\PasswordInConfigurationFile.ql failed the constraint of kind (was problem).
[2026-08-14 14:45:01] [SPAMMIER] resolve queries> Query Filter: C:\Users\Moham\.codeql\packages\codeql\javascript-queries\2.4.3\Security\CWE-367\FileSystemRace.ql failed the constraint of kind (was problem).
[2026-08-14 14:45:01] [SPAMMIER] resolve queries> Query Filter: C:\Users\Moham\.codeql\packages\codeql\javascript-queries\2.4.3\Security\CWE-377\InsecureTemporaryFile.ql failed the constraint of kind (was path-problem).
[2026-08-14 14:45:01] [SPAMMIER] resolve queries> Query Filter: C:\Users\Moham\.codeql\packages\codeql\javascript-queries\2.4.3\Security\CWE-384\SessionFixation.ql failed the constraint of kind (was problem).
[2026-08-14 14:45:01] [SPAMMIER] resolve queries> Query Filter: C:\Users\Moham\.codeql\packages\codeql\javascript-queries\2.4.3\Security\CWE-400\RemotePropertyInjection.ql failed the constraint of kind (was path-problem).
[2026-08-14 14:45:01] [SPAMMIER] resolve queries> Query Filter: C:\Users\Moham\.codeql\packages\codeql\javascript-queries\2.4.3\Security\CWE-451\MissingXFrameOptions.ql failed the constraint of kind (was problem).
[2026-08-14 14:45:01] [SPAMMIER] resolve queries> Query Filter: C:\Users\Moham\.codeql\packages\codeql\javascript-queries\2.4.3\Security\CWE-506\HardcodedDataInterpretedAsCode.ql failed the constraint of kind (was path-problem).
[2026-08-14 14:45:01] [SPAMMIER] resolve queries> Query Filter: C:\Users\Moham\.codeql\packages\codeql\javascript-queries\2.4.3\Security\CWE-798\HardcodedCredentials.ql failed the constraint of kind (was path-problem).
[2026-08-14 14:45:01] [SPAMMIER] resolve queries> Query Filter: C:\Users\Moham\.codeql\packages\codeql\javascript-queries\2.4.3\Security\CWE-807\ConditionalBypass.ql failed the constraint of kind (was path-problem).
[2026-08-14 14:45:01] [SPAMMIER] resolve queries> Query Filter: C:\Users\Moham\.codeql\packages\codeql\javascript-queries\2.4.3\Security\CWE-807\DifferentKindsComparisonBypass.ql failed the constraint of kind (was problem).
[2026-08-14 14:45:01] [SPAMMIER] resolve queries> Query Filter: C:\Users\Moham\.codeql\packages\codeql\javascript-queries\2.4.3\Security\CWE-862\EmptyPasswordInConfigurationFile.ql failed the constraint of kind (was problem).
[2026-08-14 14:45:01] [SPAMMIER] resolve queries> Query Filter: C:\Users\Moham\.codeql\packages\codeql\javascript-queries\2.4.3\Security\CWE-912\HttpToFileAccess.ql failed the constraint of kind (was path-problem).
[2026-08-14 14:45:01] [SPAMMIER] resolve queries> Query Filter: C:\Users\Moham\.codeql\packages\codeql\javascript-queries\2.4.3\Security\CWE-918\ClientSideRequestForgery.ql failed the constraint of kind (was path-problem).
[2026-08-14 14:45:01] [SPAMMIER] resolve queries> Query Filter: C:\Users\Moham\.codeql\packages\codeql\javascript-queries\2.4.3\Security\trest\test.ql failed the constraint of kind (not present).
[2026-08-14 14:45:01] [SPAMMIER] resolve queries> Query Filter: C:\Users\Moham\.codeql\packages\codeql\javascript-queries\2.4.3\Statements\DanglingElse.ql failed the constraint of kind (was problem).
[2026-08-14 14:45:01] [SPAMMIER] resolve queries> Query Filter: C:\Users\Moham\.codeql\packages\codeql\javascript-queries\2.4.3\Statements\EphemeralLoop.ql failed the constraint of kind (was problem).
[2026-08-14 14:45:01] [SPAMMIER] resolve queries> Query Filter: C:\Users\Moham\.codeql\packages\codeql\javascript-queries\2.4.3\Statements\IgnoreArrayResult.ql failed the constraint of kind (was problem).
[2026-08-14 14:45:01] [SPAMMIER] resolve queries> Query Filter: C:\Users\Moham\.codeql\packages\codeql\javascript-queries\2.4.3\Statements\ImplicitReturn.ql failed the constraint of kind (was problem).
[2026-08-14 14:45:01] [SPAMMIER] resolve queries> Query Filter: C:\Users\Moham\.codeql\packages\codeql\javascript-queries\2.4.3\Statements\InconsistentLoopOrientation.ql failed the constraint of kind (was problem).
[2026-08-14 14:45:01] [SPAMMIER] resolve queries> Query Filter: C:\Users\Moham\.codeql\packages\codeql\javascript-queries\2.4.3\Statements\InconsistentReturn.ql failed the constraint of kind (was problem).
[2026-08-14 14:45:01] [SPAMMIER] resolve queries> Query Filter: C:\Users\Moham\.codeql\packages\codeql\javascript-queries\2.4.3\Statements\LabelInCase.ql failed the constraint of kind (was problem).
[2026-08-14 14:45:01] [SPAMMIER] resolve queries> Query Filter: C:\Users\Moham\.codeql\packages\codeql\javascript-queries\2.4.3\Statements\LoopIterationSkippedDueToShifting.ql failed the constraint of kind (was problem).
[2026-08-14 14:45:01] [SPAMMIER] resolve queries> Query Filter: C:\Users\Moham\.codeql\packages\codeql\javascript-queries\2.4.3\Statements\MisleadingIndentationAfterControlStmt.ql failed the constraint of kind (was problem).
[2026-08-14 14:45:01] [SPAMMIER] resolve queries> Query Filter: C:\Users\Moham\.codeql\packages\codeql\javascript-queries\2.4.3\Statements\NestedLoopsSameVariable.ql failed the constraint of kind (was problem).
[2026-08-14 14:45:01] [SPAMMIER] resolve queries> Query Filter: C:\Users\Moham\.codeql\packages\codeql\javascript-queries\2.4.3\Statements\ReturnAssignsLocal.ql failed the constraint of kind (was problem).
[2026-08-14 14:45:01] [SPAMMIER] resolve queries> Query Filter: C:\Users\Moham\.codeql\packages\codeql\javascript-queries\2.4.3\Statements\ReturnOutsideFunction.ql failed the constraint of kind (was problem).
[2026-08-14 14:45:01] [SPAMMIER] resolve queries> Query Filter: C:\Users\Moham\.codeql\packages\codeql\javascript-queries\2.4.3\Statements\SuspiciousUnusedLoopIterationVariable.ql failed the constraint of kind (was problem).
[2026-08-14 14:45:01] [SPAMMIER] resolve queries> Query Filter: C:\Users\Moham\.codeql\packages\codeql\javascript-queries\2.4.3\Statements\UnreachableStatement.ql failed the constraint of kind (was problem).
[2026-08-14 14:45:01] [SPAMMIER] resolve queries> Query Filter: C:\Users\Moham\.codeql\packages\codeql\javascript-queries\2.4.3\Statements\UselessComparisonTest.ql failed the constraint of kind (was problem).
[2026-08-14 14:45:01] [SPAMMIER] resolve queries> Query Filter: C:\Users\Moham\.codeql\packages\codeql\javascript-queries\2.4.3\Statements\UselessConditional.ql failed the constraint of kind (was problem).
[2026-08-14 14:45:01] [SPAMMIER] resolve queries> Query Filter: C:\Users\Moham\.codeql\packages\codeql\javascript-queries\2.4.3\Statements\UseOfReturnlessFunction.ql failed the constraint of kind (was problem).
[2026-08-14 14:45:01] [SPAMMIER] resolve queries> Query Filter: C:\Users\Moham\.codeql\packages\codeql\javascript-queries\2.4.3\Summary\LinesOfCode.ql failed the constraint of kind (was metric).
[2026-08-14 14:45:01] [SPAMMIER] resolve queries> Query Filter: C:\Users\Moham\.codeql\packages\codeql\javascript-queries\2.4.3\Summary\LinesOfUserCode.ql failed the constraint of kind (was metric).
[2026-08-14 14:45:01] [SPAMMIER] resolve queries> Query Filter: C:\Users\Moham\.codeql\packages\codeql\javascript-queries\2.4.3\Summary\TaintSinks.ql failed the constraint of kind (was problem).
[2026-08-14 14:45:01] [SPAMMIER] resolve queries> Query Filter: C:\Users\Moham\.codeql\packages\codeql\javascript-queries\2.4.3\Summary\TaintSources.ql failed the constraint of kind (was problem).
[2026-08-14 14:45:01] [SPAMMIER] resolve queries> Query Filter: C:\Users\Moham\.codeql\packages\codeql\javascript-queries\2.4.3\Vue\ArrowMethodOnVueInstance.ql failed the constraint of kind (was problem).
[2026-08-14 14:45:01] [SPAMMIER] resolve queries> Resolution instruction: include.
[2026-08-14 14:45:01] [SPAMMY] resolve queries> Query Filter: Including by constraints kind=metric; tags contain=summary.
[2026-08-14 14:45:01] [SPAMMIER] resolve queries> Query Filter: C:\Users\Moham\.codeql\packages\codeql\javascript-queries\2.4.3\AlertSuppression.ql failed the constraint of kind (was alert-suppression).
[2026-08-14 14:45:01] [SPAMMIER] resolve queries> Query Filter: C:\Users\Moham\.codeql\packages\codeql\javascript-queries\2.4.3\AngularJS\DeadAngularJSEventListener.ql failed the constraint of kind (was problem).
[2026-08-14 14:45:01] [SPAMMIER] resolve queries> Query Filter: C:\Users\Moham\.codeql\packages\codeql\javascript-queries\2.4.3\AngularJS\DependencyMismatch.ql failed the constraint of kind (was problem).
[2026-08-14 14:45:01] [SPAMMIER] resolve queries> Query Filter: C:\Users\Moham\.codeql\packages\codeql\javascript-queries\2.4.3\AngularJS\DuplicateDependency.ql failed the constraint of kind (was problem).
[2026-08-14 14:45:01] [SPAMMIER] resolve queries> Query Filter: C:\Users\Moham\.codeql\packages\codeql\javascript-queries\2.4.3\AngularJS\IncompatibleService.ql failed the constraint of kind (was problem).
[2026-08-14 14:45:01] [SPAMMIER] resolve queries> Query Filter: C:\Users\Moham\.codeql\packages\codeql\javascript-queries\2.4.3\AngularJS\MissingExplicitInjection.ql failed the constraint of kind (was problem).
[2026-08-14 14:45:01] [SPAMMIER] resolve queries> Query Filter: C:\Users\Moham\.codeql\packages\codeql\javascript-queries\2.4.3\AngularJS\RepeatedInjection.ql failed the constraint of kind (was problem).
[2026-08-14 14:45:01] [SPAMMIER] resolve queries> Query Filter: C:\Users\Moham\.codeql\packages\codeql\javascript-queries\2.4.3\AngularJS\UnusedAngularDependency.ql failed the constraint of kind (was problem).
[2026-08-14 14:45:01] [SPAMMIER] resolve queries> Query Filter: C:\Users\Moham\.codeql\packages\codeql\javascript-queries\2.4.3\AngularJS\UseNgSrc.ql failed the constraint of kind (was problem).
[2026-08-14 14:45:01] [SPAMMIER] resolve queries> Query Filter: C:\Users\Moham\.codeql\packages\codeql\javascript-queries\2.4.3\Comments\CommentedOutCode.ql failed the constraint of kind (was problem).
[2026-08-14 14:45:01] [SPAMMIER] resolve queries> Query Filter: C:\Users\Moham\.codeql\packages\codeql\javascript-queries\2.4.3\Comments\FCommentedOutCode.ql failed the constraint of kind (was treemap).
[2026-08-14 14:45:01] [SPAMMIER] resolve queries> Query Filter: C:\Users\Moham\.codeql\packages\codeql\javascript-queries\2.4.3\Comments\TodoComments.ql failed the constraint of kind (was problem).
[2026-08-14 14:45:01] [SPAMMIER] resolve queries> Query Filter: C:\Users\Moham\.codeql\packages\codeql\javascript-queries\2.4.3\Declarations\ArgumentsRedefined.ql failed the constraint of kind (was problem).
[2026-08-14 14:45:01] [SPAMMIER] resolve queries> Query Filter: C:\Users\Moham\.codeql\packages\codeql\javascript-queries\2.4.3\Declarations\AssignmentToConst.ql failed the constraint of kind (was problem).
[2026-08-14 14:45:01] [SPAMMIER] resolve queries> Query Filter: C:\Users\Moham\.codeql\packages\codeql\javascript-queries\2.4.3\Declarations\ClobberingVarInit.ql failed the constraint of kind (was problem).
[2026-08-14 14:45:01] [SPAMMIER] resolve queries> Query Filter: C:\Users\Moham\.codeql\packages\codeql\javascript-queries\2.4.3\Declarations\ConflictingFunctions.ql failed the constraint of kind (was problem).
[2026-08-14 14:45:01] [SPAMMIER] resolve queries> Query Filter: C:\Users\Moham\.codeql\packages\codeql\javascript-queries\2.4.3\Declarations\DeadStoreOfGlobal.ql failed the constraint of kind (was problem).
[2026-08-14 14:45:01] [SPAMMIER] resolve queries> Query Filter: C:\Users\Moham\.codeql\packages\codeql\javascript-queries\2.4.3\Declarations\DeadStoreOfLocal.ql failed the constraint of kind (was problem).
[2026-08-14 14:45:01] [SPAMMIER] resolve queries> Query Filter: C:\Users\Moham\.codeql\packages\codeql\javascript-queries\2.4.3\Declarations\DeadStoreOfProperty.ql failed the constraint of kind (was problem).
[2026-08-14 14:45:01] [SPAMMIER] resolve queries> Query Filter: C:\Users\Moham\.codeql\packages\codeql\javascript-queries\2.4.3\Declarations\DeclBeforeUse.ql failed the constraint of kind (was problem).
[2026-08-14 14:45:01] [SPAMMIER] resolve queries> Query Filter: C:\Users\Moham\.codeql\packages\codeql\javascript-queries\2.4.3\Declarations\DefaultArgumentReferencesNestedFunction.ql failed the constraint of kind (was problem).
[2026-08-14 14:45:01] [SPAMMIER] resolve queries> Query Filter: C:\Users\Moham\.codeql\packages\codeql\javascript-queries\2.4.3\Declarations\DuplicateVarDecl.ql failed the constraint of kind (was problem).
[2026-08-14 14:45:01] [SPAMMIER] resolve queries> Query Filter: C:\Users\Moham\.codeql\packages\codeql\javascript-queries\2.4.3\Declarations\IneffectiveParameterType.ql failed the constraint of kind (was problem).
[2026-08-14 14:45:01] [SPAMMIER] resolve queries> Query Filter: C:\Users\Moham\.codeql\packages\codeql\javascript-queries\2.4.3\Declarations\MissingThisQualifier.ql failed the constraint of kind (was problem).
[2026-08-14 14:45:01] [SPAMMIER] resolve queries> Query Filter: C:\Users\Moham\.codeql\packages\codeql\javascript-queries\2.4.3\Declarations\MissingVarDecl.ql failed the constraint of kind (was problem).
[2026-08-14 14:45:01] [SPAMMIER] resolve queries> Query Filter: C:\Users\Moham\.codeql\packages\codeql\javascript-queries\2.4.3\Declarations\MixedStaticInstanceThisAccess.ql failed the constraint of kind (was problem).
[2026-08-14 14:45:01] [SPAMMIER] resolve queries> Query Filter: C:\Users\Moham\.codeql\packages\codeql\javascript-queries\2.4.3\Declarations\RedeclaredVariable.ql failed the constraint of kind (was problem).
[2026-08-14 14:45:01] [SPAMMIER] resolve queries> Query Filter: C:\Users\Moham\.codeql\packages\codeql\javascript-queries\2.4.3\Declarations\SuspiciousMethodNameDeclaration.ql failed the constraint of kind (was problem).
[2026-08-14 14:45:01] [SPAMMIER] resolve queries> Query Filter: C:\Users\Moham\.codeql\packages\codeql\javascript-queries\2.4.3\Declarations\TemporalDeadZone.ql failed the constraint of kind (was problem).
[2026-08-14 14:45:01] [SPAMMIER] resolve queries> Query Filter: C:\Users\Moham\.codeql\packages\codeql\javascript-queries\2.4.3\Declarations\TooManyParameters.ql failed the constraint of kind (was problem).
[2026-08-14 14:45:01] [SPAMMIER] resolve queries> Query Filter: C:\Users\Moham\.codeql\packages\codeql\javascript-queries\2.4.3\Declarations\UniqueParameterNames.ql failed the constraint of kind (was problem).
[2026-08-14 14:45:01] [SPAMMIER] resolve queries> Query Filter: C:\Users\Moham\.codeql\packages\codeql\javascript-queries\2.4.3\Declarations\UniquePropertyNames.ql failed the constraint of kind (was problem).
[2026-08-14 14:45:01] [SPAMMIER] resolve queries> Query Filter: C:\Users\Moham\.codeql\packages\codeql\javascript-queries\2.4.3\Declarations\UnreachableMethodOverloads.ql failed the constraint of kind (was problem).
[2026-08-14 14:45:01] [SPAMMIER] resolve queries> Query Filter: C:\Users\Moham\.codeql\packages\codeql\javascript-queries\2.4.3\Declarations\UnstableCyclicImport.ql failed the constraint of kind (was problem).
[2026-08-14 14:45:01] [SPAMMIER] resolve queries> Query Filter: C:\Users\Moham\.codeql\packages\codeql\javascript-queries\2.4.3\Declarations\UnusedParameter.ql failed the constraint of kind (was problem).
[2026-08-14 14:45:01] [SPAMMIER] resolve queries> Query Filter: C:\Users\Moham\.codeql\packages\codeql\javascript-queries\2.4.3\Declarations\UnusedProperty.ql failed the constraint of kind (was problem).
[2026-08-14 14:45:01] [SPAMMIER] resolve queries> Query Filter: C:\Users\Moham\.codeql\packages\codeql\javascript-queries\2.4.3\Declarations\UnusedVariable.ql failed the constraint of kind (was problem).
[2026-08-14 14:45:01] [SPAMMIER] resolve queries> Query Filter: C:\Users\Moham\.codeql\packages\codeql\javascript-queries\2.4.3\definitions.ql failed the constraint of kind (was definitions).
[2026-08-14 14:45:01] [SPAMMIER] resolve queries> Query Filter: C:\Users\Moham\.codeql\packages\codeql\javascript-queries\2.4.3\DOM\Alert.ql failed the constraint of kind (was problem).
[2026-08-14 14:45:01] [SPAMMIER] resolve queries> Query Filter: C:\Users\Moham\.codeql\packages\codeql\javascript-queries\2.4.3\DOM\AmbiguousIdAttribute.ql failed the constraint of kind (was problem).
[2026-08-14 14:45:01] [SPAMMIER] resolve queries> Query Filter: C:\Users\Moham\.codeql\packages\codeql\javascript-queries\2.4.3\DOM\ConflictingAttributes.ql failed the constraint of kind (was problem).
[2026-08-14 14:45:01] [SPAMMIER] resolve queries> Query Filter: C:\Users\Moham\.codeql\packages\codeql\javascript-queries\2.4.3\DOM\DuplicateAttributes.ql failed the constraint of kind (was problem).
[2026-08-14 14:45:01] [SPAMMIER] resolve queries> Query Filter: C:\Users\Moham\.codeql\packages\codeql\javascript-queries\2.4.3\DOM\MalformedIdAttribute.ql failed the constraint of kind (was problem).
[2026-08-14 14:45:01] [SPAMMIER] resolve queries> Query Filter: C:\Users\Moham\.codeql\packages\codeql\javascript-queries\2.4.3\DOM\PseudoEval.ql failed the constraint of kind (was problem).
[2026-08-14 14:45:01] [SPAMMIER] resolve queries> Query Filter: C:\Users\Moham\.codeql\packages\codeql\javascript-queries\2.4.3\DOM\TargetBlank.ql failed the constraint of kind (was problem).
[2026-08-14 14:45:01] [SPAMMIER] resolve queries> Query Filter: C:\Users\Moham\.codeql\packages\codeql\javascript-queries\2.4.3\Electron\EnablingNodeIntegration.ql failed the constraint of kind (was problem).
[2026-08-14 14:45:01] [SPAMMIER] resolve queries> Query Filter: C:\Users\Moham\.codeql\packages\codeql\javascript-queries\2.4.3\experimental\heuristics\ql\src\Security\CWE-020\UntrustedDataToExternalAPI.ql failed the constraint of kind (was path-problem).
[2026-08-14 14:45:01] [SPAMMIER] resolve queries> Query Filter: C:\Users\Moham\.codeql\packages\codeql\javascript-queries\2.4.3\experimental\heuristics\ql\src\Security\CWE-117\LogInjection.ql failed the constraint of kind (was path-problem).
[2026-08-14 14:45:01] [SPAMMIER] resolve queries> Query Filter: C:\Users\Moham\.codeql\packages\codeql\javascript-queries\2.4.3\experimental\heuristics\ql\src\Security\CWE-400\RemotePropertyInjection.ql failed the constraint of kind (was path-problem).
[2026-08-14 14:45:01] [SPAMMIER] resolve queries> Query Filter: C:\Users\Moham\.codeql\packages\codeql\javascript-queries\2.4.3\experimental\heuristics\ql\src\Security\CWE-807\ConditionalBypass.ql failed the constraint of kind (was path-problem).
[2026-08-14 14:45:01] [SPAMMIER] resolve queries> Query Filter: C:\Users\Moham\.codeql\packages\codeql\javascript-queries\2.4.3\experimental\Security\CWE-099\EnvValueAndKeyInjection.ql failed the constraint of kind (was path-problem).
[2026-08-14 14:45:01] [SPAMMIER] resolve queries> Query Filter: C:\Users\Moham\.codeql\packages\codeql\javascript-queries\2.4.3\experimental\Security\CWE-099\EnvValueInjection.ql failed the constraint of kind (was path-problem).
[2026-08-14 14:45:01] [SPAMMIER] resolve queries> Query Filter: C:\Users\Moham\.codeql\packages\codeql\javascript-queries\2.4.3\experimental\Security\CWE-340\TokenBuiltFromUUID.ql failed the constraint of kind (was path-problem).
[2026-08-14 14:45:01] [SPAMMIER] resolve queries> Query Filter: C:\Users\Moham\.codeql\packages\codeql\javascript-queries\2.4.3\experimental\Security\CWE-918\SSRF.ql failed the constraint of kind (was path-problem).
[2026-08-14 14:45:01] [SPAMMIER] resolve queries> Query Filter: C:\Users\Moham\.codeql\packages\codeql\javascript-queries\2.4.3\experimental\Security\CWE-918\SsrfIpv6TransitionIncompleteGuard.ql failed the constraint of kind (was problem).
[2026-08-14 14:45:01] [SPAMMIER] resolve queries> Query Filter: C:\Users\Moham\.codeql\packages\codeql\javascript-queries\2.4.3\experimental\StandardLibrary\MultipleArgumentsToSetConstructor.ql failed the constraint of kind (was problem).
[2026-08-14 14:45:01] [SPAMMIER] resolve queries> Query Filter: C:\Users\Moham\.codeql\packages\codeql\javascript-queries\2.4.3\Expressions\BitwiseSignCheck.ql failed the constraint of kind (was problem).
[2026-08-14 14:45:01] [SPAMMIER] resolve queries> Query Filter: C:\Users\Moham\.codeql\packages\codeql\javascript-queries\2.4.3\Expressions\CompareIdenticalValues.ql failed the constraint of kind (was problem).
[2026-08-14 14:45:01] [SPAMMIER] resolve queries> Query Filter: C:\Users\Moham\.codeql\packages\codeql\javascript-queries\2.4.3\Expressions\ComparisonWithNaN.ql failed the constraint of kind (was problem).
[2026-08-14 14:45:01] [SPAMMIER] resolve queries> Query Filter: C:\Users\Moham\.codeql\packages\codeql\javascript-queries\2.4.3\Expressions\DuplicateCondition.ql failed the constraint of kind (was problem).
[2026-08-14 14:45:01] [SPAMMIER] resolve queries> Query Filter: C:\Users\Moham\.codeql\packages\codeql\javascript-queries\2.4.3\Expressions\DuplicateProperty.ql failed the constraint of kind (was problem).
[2026-08-14 14:45:01] [SPAMMIER] resolve queries> Query Filter: C:\Users\Moham\.codeql\packages\codeql\javascript-queries\2.4.3\Expressions\DuplicateSwitchCase.ql failed the constraint of kind (was problem).
[2026-08-14 14:45:01] [SPAMMIER] resolve queries> Query Filter: C:\Users\Moham\.codeql\packages\codeql\javascript-queries\2.4.3\Expressions\ExprHasNoEffect.ql failed the constraint of kind (was problem).
[2026-08-14 14:45:01] [SPAMMIER] resolve queries> Query Filter: C:\Users\Moham\.codeql\packages\codeql\javascript-queries\2.4.3\Expressions\HeterogeneousComparison.ql failed the constraint of kind (was problem).
[2026-08-14 14:45:01] [SPAMMIER] resolve queries> Query Filter: C:\Users\Moham\.codeql\packages\codeql\javascript-queries\2.4.3\Expressions\ImplicitOperandConversion.ql failed the constraint of kind (was problem).
[2026-08-14 14:45:01] [SPAMMIER] resolve queries> Query Filter: C:\Users\Moham\.codeql\packages\codeql\javascript-queries\2.4.3\Expressions\MissingAwait.ql failed the constraint of kind (was problem).
[2026-08-14 14:45:01] [SPAMMIER] resolve queries> Query Filter: C:\Users\Moham\.codeql\packages\codeql\javascript-queries\2.4.3\Expressions\MissingDotLengthInComparison.ql failed the constraint of kind (was problem).
[2026-08-14 14:45:01] [SPAMMIER] resolve queries> Query Filter: C:\Users\Moham\.codeql\packages\codeql\javascript-queries\2.4.3\Expressions\MissingSpaceInAppend.ql failed the constraint of kind (was problem).
[2026-08-14 14:45:01] [SPAMMIER] resolve queries> Query Filter: C:\Users\Moham\.codeql\packages\codeql\javascript-queries\2.4.3\Expressions\MisspelledIdentifier.ql failed the constraint of kind (was problem).
[2026-08-14 14:45:01] [SPAMMIER] resolve queries> Query Filter: C:\Users\Moham\.codeql\packages\codeql\javascript-queries\2.4.3\Expressions\MisspelledVariableName.ql failed the constraint of kind (was problem).
[2026-08-14 14:45:01] [SPAMMIER] resolve queries> Query Filter: C:\Users\Moham\.codeql\packages\codeql\javascript-queries\2.4.3\Expressions\RedundantExpression.ql failed the constraint of kind (was problem).
[2026-08-14 14:45:01] [SPAMMIER] resolve queries> Query Filter: C:\Users\Moham\.codeql\packages\codeql\javascript-queries\2.4.3\Expressions\SelfAssignment.ql failed the constraint of kind (was problem).
[2026-08-14 14:45:01] [SPAMMIER] resolve queries> Query Filter: C:\Users\Moham\.codeql\packages\codeql\javascript-queries\2.4.3\Expressions\ShiftOutOfRange.ql failed the constraint of kind (was problem).
[2026-08-14 14:45:01] [SPAMMIER] resolve queries> Query Filter: C:\Users\Moham\.codeql\packages\codeql\javascript-queries\2.4.3\Expressions\StringInsteadOfRegex.ql failed the constraint of kind (was problem).
[2026-08-14 14:45:01] [SPAMMIER] resolve queries> Query Filter: C:\Users\Moham\.codeql\packages\codeql\javascript-queries\2.4.3\Expressions\SuspiciousInvocation.ql failed the constraint of kind (was problem).
[2026-08-14 14:45:01] [SPAMMIER] resolve queries> Query Filter: C:\Users\Moham\.codeql\packages\codeql\javascript-queries\2.4.3\Expressions\SuspiciousPropAccess.ql failed the constraint of kind (was problem).
[2026-08-14 14:45:01] [SPAMMIER] resolve queries> Query Filter: C:\Users\Moham\.codeql\packages\codeql\javascript-queries\2.4.3\Expressions\UnboundEventHandlerReceiver.ql failed the constraint of kind (was problem).
[2026-08-14 14:45:01] [SPAMMIER] resolve queries> Query Filter: C:\Users\Moham\.codeql\packages\codeql\javascript-queries\2.4.3\Expressions\UnclearOperatorPrecedence.ql failed the constraint of kind (was problem).
[2026-08-14 14:45:01] [SPAMMIER] resolve queries> Query Filter: C:\Users\Moham\.codeql\packages\codeql\javascript-queries\2.4.3\Expressions\UnknownDirective.ql failed the constraint of kind (was problem).
[2026-08-14 14:45:01] [SPAMMIER] resolve queries> Query Filter: C:\Users\Moham\.codeql\packages\codeql\javascript-queries\2.4.3\Expressions\UnneededDefensiveProgramming.ql failed the constraint of kind (was problem).
[2026-08-14 14:45:01] [SPAMMIER] resolve queries> Query Filter: C:\Users\Moham\.codeql\packages\codeql\javascript-queries\2.4.3\Expressions\WhitespaceContradictsPrecedence.ql failed the constraint of kind (was problem).
[2026-08-14 14:45:01] [SPAMMIER] resolve queries> Query Filter: C:\Users\Moham\.codeql\packages\codeql\javascript-queries\2.4.3\external\DuplicateFunction.ql failed the constraint of kind (was problem).
[2026-08-14 14:45:01] [SPAMMIER] resolve queries> Query Filter: C:\Users\Moham\.codeql\packages\codeql\javascript-queries\2.4.3\external\DuplicateToplevel.ql failed the constraint of kind (was problem).
[2026-08-14 14:45:01] [SPAMMIER] resolve queries> Query Filter: C:\Users\Moham\.codeql\packages\codeql\javascript-queries\2.4.3\LanguageFeatures\DebuggerStatement.ql failed the constraint of kind (was problem).
[2026-08-14 14:45:01] [SPAMMIER] resolve queries> Query Filter: C:\Users\Moham\.codeql\packages\codeql\javascript-queries\2.4.3\LanguageFeatures\DeleteVar.ql failed the constraint of kind (was problem).
[2026-08-14 14:45:01] [SPAMMIER] resolve queries> Query Filter: C:\Users\Moham\.codeql\packages\codeql\javascript-queries\2.4.3\LanguageFeatures\EmptyArrayInit.ql failed the constraint of kind (was problem).
[2026-08-14 14:45:01] [SPAMMIER] resolve queries> Query Filter: C:\Users\Moham\.codeql\packages\codeql\javascript-queries\2.4.3\LanguageFeatures\Eval.ql failed the constraint of kind (was problem).
[2026-08-14 14:45:01] [SPAMMIER] resolve queries> Query Filter: C:\Users\Moham\.codeql\packages\codeql\javascript-queries\2.4.3\LanguageFeatures\ExpressionClosures.ql failed the constraint of kind (was problem).
[2026-08-14 14:45:01] [SPAMMIER] resolve queries> Query Filter: C:\Users\Moham\.codeql\packages\codeql\javascript-queries\2.4.3\LanguageFeatures\ForInComprehensionBlocks.ql failed the constraint of kind (was problem).
[2026-08-14 14:45:01] [SPAMMIER] resolve queries> Query Filter: C:\Users\Moham\.codeql\packages\codeql\javascript-queries\2.4.3\LanguageFeatures\IllegalInvocation.ql failed the constraint of kind (was problem).
[2026-08-14 14:45:01] [SPAMMIER] resolve queries> Query Filter: C:\Users\Moham\.codeql\packages\codeql\javascript-queries\2.4.3\LanguageFeatures\InconsistentNew.ql failed the constraint of kind (was problem).
[2026-08-14 14:45:01] [SPAMMIER] resolve queries> Query Filter: C:\Users\Moham\.codeql\packages\codeql\javascript-queries\2.4.3\LanguageFeatures\InvalidPrototype.ql failed the constraint of kind (was problem).
[2026-08-14 14:45:01] [SPAMMIER] resolve queries> Query Filter: C:\Users\Moham\.codeql\packages\codeql\javascript-queries\2.4.3\LanguageFeatures\JumpFromFinally.ql failed the constraint of kind (was problem).
[2026-08-14 14:45:01] [SPAMMIER] resolve queries> Query Filter: C:\Users\Moham\.codeql\packages\codeql\javascript-queries\2.4.3\LanguageFeatures\LengthComparisonOffByOne.ql failed the constraint of kind (was problem).
[2026-08-14 14:45:01] [SPAMMIER] resolve queries> Query Filter: C:\Users\Moham\.codeql\packages\codeql\javascript-queries\2.4.3\LanguageFeatures\NonLinearPattern.ql failed the constraint of kind (was problem).
[2026-08-14 14:45:01] [SPAMMIER] resolve queries> Query Filter: C:\Users\Moham\.codeql\packages\codeql\javascript-queries\2.4.3\LanguageFeatures\PropertyWriteOnPrimitive.ql failed the constraint of kind (was problem).
[2026-08-14 14:45:01] [SPAMMIER] resolve queries> Query Filter: C:\Users\Moham\.codeql\packages\codeql\javascript-queries\2.4.3\LanguageFeatures\SemicolonInsertion.ql failed the constraint of kind (was problem).
[2026-08-14 14:45:01] [SPAMMIER] resolve queries> Query Filter: C:\Users\Moham\.codeql\packages\codeql\javascript-queries\2.4.3\LanguageFeatures\SetterIgnoresParameter.ql failed the constraint of kind (was problem).
[2026-08-14 14:45:01] [SPAMMIER] resolve queries> Query Filter: C:\Users\Moham\.codeql\packages\codeql\javascript-queries\2.4.3\LanguageFeatures\SetterReturn.ql failed the constraint of kind (was problem).
[2026-08-14 14:45:01] [SPAMMIER] resolve queries> Query Filter: C:\Users\Moham\.codeql\packages\codeql\javascript-queries\2.4.3\LanguageFeatures\SpuriousArguments.ql failed the constraint of kind (was problem).
[2026-08-14 14:45:01] [SPAMMIER] resolve queries> Query Filter: C:\Users\Moham\.codeql\packages\codeql\javascript-queries\2.4.3\LanguageFeatures\StrictModeCallStackIntrospection.ql failed the constraint of kind (was problem).
[2026-08-14 14:45:01] [SPAMMIER] resolve queries> Query Filter: C:\Users\Moham\.codeql\packages\codeql\javascript-queries\2.4.3\LanguageFeatures\SyntaxError.ql failed the constraint of kind (was problem).
[2026-08-14 14:45:01] [SPAMMIER] resolve queries> Query Filter: C:\Users\Moham\.codeql\packages\codeql\javascript-queries\2.4.3\LanguageFeatures\TemplateSyntaxInStringLiteral.ql failed the constraint of kind (was problem).
[2026-08-14 14:45:01] [SPAMMIER] resolve queries> Query Filter: C:\Users\Moham\.codeql\packages\codeql\javascript-queries\2.4.3\LanguageFeatures\ThisBeforeSuper.ql failed the constraint of kind (was problem).
[2026-08-14 14:45:01] [SPAMMIER] resolve queries> Query Filter: C:\Users\Moham\.codeql\packages\codeql\javascript-queries\2.4.3\LanguageFeatures\UnusedIndexVariable.ql failed the constraint of kind (was problem).
[2026-08-14 14:45:01] [SPAMMIER] resolve queries> Query Filter: C:\Users\Moham\.codeql\packages\codeql\javascript-queries\2.4.3\LanguageFeatures\WithStatement.ql failed the constraint of kind (was problem).
[2026-08-14 14:45:01] [SPAMMIER] resolve queries> Query Filter: C:\Users\Moham\.codeql\packages\codeql\javascript-queries\2.4.3\LanguageFeatures\WrongExtensionJSON.ql failed the constraint of kind (was problem).
[2026-08-14 14:45:01] [SPAMMIER] resolve queries> Query Filter: C:\Users\Moham\.codeql\packages\codeql\javascript-queries\2.4.3\LanguageFeatures\YieldInNonGenerator.ql failed the constraint of kind (was problem).
[2026-08-14 14:45:01] [SPAMMIER] resolve queries> Query Filter: C:\Users\Moham\.codeql\packages\codeql\javascript-queries\2.4.3\meta\alerts\CallGraph.ql failed the constraint of kind (was problem).
[2026-08-14 14:45:01] [SPAMMIER] resolve queries> Query Filter: C:\Users\Moham\.codeql\packages\codeql\javascript-queries\2.4.3\meta\alerts\ImportGraph.ql failed the constraint of kind (was problem).
[2026-08-14 14:45:01] [SPAMMIER] resolve queries> Query Filter: C:\Users\Moham\.codeql\packages\codeql\javascript-queries\2.4.3\meta\alerts\LibraryInputs.ql failed the constraint of kind (was problem).
[2026-08-14 14:45:01] [SPAMMIER] resolve queries> Query Filter: C:\Users\Moham\.codeql\packages\codeql\javascript-queries\2.4.3\meta\alerts\TaintedNodes.ql failed the constraint of kind (was problem).
[2026-08-14 14:45:01] [SPAMMIER] resolve queries> Query Filter: C:\Users\Moham\.codeql\packages\codeql\javascript-queries\2.4.3\meta\alerts\TaintSinks.ql failed the constraint of kind (was problem).
[2026-08-14 14:45:01] [SPAMMIER] resolve queries> Query Filter: C:\Users\Moham\.codeql\packages\codeql\javascript-queries\2.4.3\meta\alerts\TaintSources.ql failed the constraint of kind (was problem).
[2026-08-14 14:45:01] [SPAMMIER] resolve queries> Query Filter: C:\Users\Moham\.codeql\packages\codeql\javascript-queries\2.4.3\meta\alerts\ThreatModelSources.ql failed the constraint of kind (was problem).
[2026-08-14 14:45:01] [SPAMMIER] resolve queries> Query Filter: C:\Users\Moham\.codeql\packages\codeql\javascript-queries\2.4.3\meta\analysis-quality\CalledFunctionCandidates.ql failed 'tags contain` constraint [meta]
[2026-08-14 14:45:01] [SPAMMIER] resolve queries> Query Filter: C:\Users\Moham\.codeql\packages\codeql\javascript-queries\2.4.3\meta\analysis-quality\CalledFunctionRatio.ql failed 'tags contain` constraint [meta]
[2026-08-14 14:45:01] [SPAMMIER] resolve queries> Query Filter: C:\Users\Moham\.codeql\packages\codeql\javascript-queries\2.4.3\meta\analysis-quality\CalledFunctions.ql failed 'tags contain` constraint [meta]
[2026-08-14 14:45:01] [SPAMMIER] resolve queries> Query Filter: C:\Users\Moham\.codeql\packages\codeql\javascript-queries\2.4.3\meta\analysis-quality\DomValueRefs.ql failed 'tags contain` constraint [meta]
[2026-08-14 14:45:01] [SPAMMIER] resolve queries> Query Filter: C:\Users\Moham\.codeql\packages\codeql\javascript-queries\2.4.3\meta\analysis-quality\NumModules.ql failed 'tags contain` constraint [meta]
[2026-08-14 14:45:01] [SPAMMIER] resolve queries> Query Filter: C:\Users\Moham\.codeql\packages\codeql\javascript-queries\2.4.3\meta\analysis-quality\ResolvableCallCandidates.ql failed 'tags contain` constraint [meta]
[2026-08-14 14:45:01] [SPAMMIER] resolve queries> Query Filter: C:\Users\Moham\.codeql\packages\codeql\javascript-queries\2.4.3\meta\analysis-quality\ResolvableCallRatio.ql failed 'tags contain` constraint [meta]
[2026-08-14 14:45:01] [SPAMMIER] resolve queries> Query Filter: C:\Users\Moham\.codeql\packages\codeql\javascript-queries\2.4.3\meta\analysis-quality\ResolvableCalls.ql failed 'tags contain` constraint [meta]
[2026-08-14 14:45:01] [SPAMMIER] resolve queries> Query Filter: C:\Users\Moham\.codeql\packages\codeql\javascript-queries\2.4.3\meta\analysis-quality\ResolvableImports.ql failed 'tags contain` constraint [meta]
[2026-08-14 14:45:01] [SPAMMIER] resolve queries> Query Filter: C:\Users\Moham\.codeql\packages\codeql\javascript-queries\2.4.3\meta\analysis-quality\RouteHandlers.ql failed 'tags contain` constraint [meta]
[2026-08-14 14:45:01] [SPAMMIER] resolve queries> Query Filter: C:\Users\Moham\.codeql\packages\codeql\javascript-queries\2.4.3\meta\analysis-quality\SanitizersReachableFromSource.ql failed 'tags contain` constraint [meta]
[2026-08-14 14:45:01] [SPAMMIER] resolve queries> Query Filter: C:\Users\Moham\.codeql\packages\codeql\javascript-queries\2.4.3\meta\analysis-quality\SinksReachableFromSanitizer.ql failed 'tags contain` constraint [meta]
[2026-08-14 14:45:01] [SPAMMIER] resolve queries> Query Filter: C:\Users\Moham\.codeql\packages\codeql\javascript-queries\2.4.3\meta\analysis-quality\TaintedNodes.ql failed 'tags contain` constraint [meta]
[2026-08-14 14:45:01] [SPAMMIER] resolve queries> Query Filter: C:\Users\Moham\.codeql\packages\codeql\javascript-queries\2.4.3\meta\analysis-quality\TaintSinks.ql failed 'tags contain` constraint [meta]
[2026-08-14 14:45:01] [SPAMMIER] resolve queries> Query Filter: C:\Users\Moham\.codeql\packages\codeql\javascript-queries\2.4.3\meta\analysis-quality\TaintSources.ql failed 'tags contain` constraint [meta]
[2026-08-14 14:45:01] [SPAMMIER] resolve queries> Query Filter: C:\Users\Moham\.codeql\packages\codeql\javascript-queries\2.4.3\meta\analysis-quality\TaintSteps.ql failed 'tags contain` constraint [meta]
[2026-08-14 14:45:01] [SPAMMIER] resolve queries> Query Filter: C:\Users\Moham\.codeql\packages\codeql\javascript-queries\2.4.3\meta\analysis-quality\UncalledFunctions.ql failed 'tags contain` constraint [meta]
[2026-08-14 14:45:01] [SPAMMIER] resolve queries> Query Filter: C:\Users\Moham\.codeql\packages\codeql\javascript-queries\2.4.3\meta\analysis-quality\UnmodelledSteps.ql failed 'tags contain` constraint [meta]
[2026-08-14 14:45:01] [SPAMMIER] resolve queries> Query Filter: C:\Users\Moham\.codeql\packages\codeql\javascript-queries\2.4.3\meta\analysis-quality\UnpromotedRouteHandlerCandidate.ql failed the constraint of kind (was problem).
[2026-08-14 14:45:01] [SPAMMIER] resolve queries> Query Filter: C:\Users\Moham\.codeql\packages\codeql\javascript-queries\2.4.3\meta\analysis-quality\UnpromotedRouteSetupCandidate.ql failed the constraint of kind (was problem).
[2026-08-14 14:45:01] [SPAMMIER] resolve queries> Query Filter: C:\Users\Moham\.codeql\packages\codeql\javascript-queries\2.4.3\meta\analysis-quality\UnresolvableCalls.ql failed 'tags contain` constraint [meta]
[2026-08-14 14:45:01] [SPAMMIER] resolve queries> Query Filter: C:\Users\Moham\.codeql\packages\codeql\javascript-queries\2.4.3\meta\analysis-quality\UnresolvableImports.ql failed 'tags contain` constraint [meta]
[2026-08-14 14:45:01] [SPAMMIER] resolve queries> Query Filter: C:\Users\Moham\.codeql\packages\codeql\javascript-queries\2.4.3\meta\ApiGraphs\ApiGraphEdges.ql failed 'tags contain` constraint [meta]
[2026-08-14 14:45:01] [SPAMMIER] resolve queries> Query Filter: C:\Users\Moham\.codeql\packages\codeql\javascript-queries\2.4.3\meta\ApiGraphs\ApiGraphNodes.ql failed 'tags contain` constraint [meta]
[2026-08-14 14:45:01] [SPAMMIER] resolve queries> Query Filter: C:\Users\Moham\.codeql\packages\codeql\javascript-queries\2.4.3\meta\ApiGraphs\ApiGraphPointsToEdges.ql failed 'tags contain` constraint [meta]
[2026-08-14 14:45:01] [SPAMMIER] resolve queries> Query Filter: C:\Users\Moham\.codeql\packages\codeql\javascript-queries\2.4.3\meta\ApiGraphs\ApiGraphRhsNodes.ql failed 'tags contain` constraint [meta]
[2026-08-14 14:45:01] [SPAMMIER] resolve queries> Query Filter: C:\Users\Moham\.codeql\packages\codeql\javascript-queries\2.4.3\meta\ApiGraphs\ApiGraphUseNodes.ql failed 'tags contain` constraint [meta]
[2026-08-14 14:45:01] [SPAMMIER] resolve queries> Query Filter: C:\Users\Moham\.codeql\packages\codeql\javascript-queries\2.4.3\meta\Consistency.ql failed the constraint of kind (was table).
[2026-08-14 14:45:01] [SPAMMIER] resolve queries> Query Filter: C:\Users\Moham\.codeql\packages\codeql\javascript-queries\2.4.3\meta\extraction-metrics\FileData.ql failed the constraint of kind (was table).
[2026-08-14 14:45:01] [SPAMMIER] resolve queries> Query Filter: C:\Users\Moham\.codeql\packages\codeql\javascript-queries\2.4.3\meta\extraction-metrics\MissingMetrics.ql failed the constraint of kind (was problem).
[2026-08-14 14:45:01] [SPAMMIER] resolve queries> Query Filter: C:\Users\Moham\.codeql\packages\codeql\javascript-queries\2.4.3\meta\extraction-metrics\PhaseTimings.ql failed the constraint of kind (was table).
[2026-08-14 14:45:01] [SPAMMIER] resolve queries> Query Filter: C:\Users\Moham\.codeql\packages\codeql\javascript-queries\2.4.3\meta\SSA\DeadDef.ql failed the constraint of kind (was problem).
[2026-08-14 14:45:01] [SPAMMIER] resolve queries> Query Filter: C:\Users\Moham\.codeql\packages\codeql\javascript-queries\2.4.3\meta\SSA\Dominance.ql failed the constraint of kind (was problem).
[2026-08-14 14:45:01] [SPAMMIER] resolve queries> Query Filter: C:\Users\Moham\.codeql\packages\codeql\javascript-queries\2.4.3\meta\SSA\MultipleDefs.ql failed the constraint of kind (was problem).
[2026-08-14 14:45:01] [SPAMMIER] resolve queries> Query Filter: C:\Users\Moham\.codeql\packages\codeql\javascript-queries\2.4.3\meta\SSA\MultipleRefinementInputs.ql failed the constraint of kind (was problem).
[2026-08-14 14:45:01] [SPAMMIER] resolve queries> Query Filter: C:\Users\Moham\.codeql\packages\codeql\javascript-queries\2.4.3\meta\SSA\NoDefs.ql failed the constraint of kind (was problem).
[2026-08-14 14:45:01] [SPAMMIER] resolve queries> Query Filter: C:\Users\Moham\.codeql\packages\codeql\javascript-queries\2.4.3\meta\SSA\NoPhiInputs.ql failed the constraint of kind (was problem).
[2026-08-14 14:45:01] [SPAMMIER] resolve queries> Query Filter: C:\Users\Moham\.codeql\packages\codeql\javascript-queries\2.4.3\meta\SSA\NoRefinementInputs.ql failed the constraint of kind (was problem).
[2026-08-14 14:45:01] [SPAMMIER] resolve queries> Query Filter: C:\Users\Moham\.codeql\packages\codeql\javascript-queries\2.4.3\meta\SSA\SinglePhiInput.ql failed the constraint of kind (was problem).
[2026-08-14 14:45:01] [SPAMMIER] resolve queries> Query Filter: C:\Users\Moham\.codeql\packages\codeql\javascript-queries\2.4.3\Metrics\Dependencies\ExternalDependencies.ql failed the constraint of kind (was treemap).
[2026-08-14 14:45:01] [SPAMMIER] resolve queries> Query Filter: C:\Users\Moham\.codeql\packages\codeql\javascript-queries\2.4.3\Metrics\Dependencies\ExternalDependenciesSourceLinks.ql failed the constraint of kind (was source-link).
[2026-08-14 14:45:01] [SPAMMIER] resolve queries> Query Filter: C:\Users\Moham\.codeql\packages\codeql\javascript-queries\2.4.3\Metrics\FCommentRatio.ql failed the constraint of kind (was treemap).
[2026-08-14 14:45:01] [SPAMMIER] resolve queries> Query Filter: C:\Users\Moham\.codeql\packages\codeql\javascript-queries\2.4.3\Metrics\FCyclomaticComplexity.ql failed the constraint of kind (was treemap).
[2026-08-14 14:45:01] [SPAMMIER] resolve queries> Query Filter: C:\Users\Moham\.codeql\packages\codeql\javascript-queries\2.4.3\Metrics\FFunctions.ql failed the constraint of kind (was treemap).
[2026-08-14 14:45:01] [SPAMMIER] resolve queries> Query Filter: C:\Users\Moham\.codeql\packages\codeql\javascript-queries\2.4.3\Metrics\FLines.ql failed the constraint of kind (was treemap).
[2026-08-14 14:45:01] [SPAMMIER] resolve queries> Query Filter: C:\Users\Moham\.codeql\packages\codeql\javascript-queries\2.4.3\Metrics\FLinesOfCode.ql failed the constraint of kind (was treemap).
[2026-08-14 14:45:01] [SPAMMIER] resolve queries> Query Filter: C:\Users\Moham\.codeql\packages\codeql\javascript-queries\2.4.3\Metrics\FLinesOfComment.ql failed the constraint of kind (was treemap).
[2026-08-14 14:45:01] [SPAMMIER] resolve queries> Query Filter: C:\Users\Moham\.codeql\packages\codeql\javascript-queries\2.4.3\Metrics\FLinesOfDuplicatedCode.ql failed the constraint of kind (was treemap).
[2026-08-14 14:45:01] [SPAMMIER] resolve queries> Query Filter: C:\Users\Moham\.codeql\packages\codeql\javascript-queries\2.4.3\Metrics\FLinesOfSimilarCode.ql failed the constraint of kind (was treemap).
[2026-08-14 14:45:01] [SPAMMIER] resolve queries> Query Filter: C:\Users\Moham\.codeql\packages\codeql\javascript-queries\2.4.3\Metrics\FNumberOfStatements.ql failed the constraint of kind (was treemap).
[2026-08-14 14:45:01] [SPAMMIER] resolve queries> Query Filter: C:\Users\Moham\.codeql\packages\codeql\javascript-queries\2.4.3\Metrics\FNumberOfTests.ql failed the constraint of kind (was treemap).
[2026-08-14 14:45:01] [SPAMMIER] resolve queries> Query Filter: C:\Users\Moham\.codeql\packages\codeql\javascript-queries\2.4.3\Metrics\FunCyclomaticComplexity.ql failed the constraint of kind (was treemap).
[2026-08-14 14:45:01] [SPAMMIER] resolve queries> Query Filter: C:\Users\Moham\.codeql\packages\codeql\javascript-queries\2.4.3\Metrics\FunLinesOfCode.ql failed the constraint of kind (was treemap).
[2026-08-14 14:45:01] [SPAMMIER] resolve queries> Query Filter: C:\Users\Moham\.codeql\packages\codeql\javascript-queries\2.4.3\Metrics\FUseOfES6.ql failed the constraint of kind (was treemap).
[2026-08-14 14:45:01] [SPAMMIER] resolve queries> Query Filter: C:\Users\Moham\.codeql\packages\codeql\javascript-queries\2.4.3\NodeJS\CyclicImport.ql failed the constraint of kind (was problem).
[2026-08-14 14:45:01] [SPAMMIER] resolve queries> Query Filter: C:\Users\Moham\.codeql\packages\codeql\javascript-queries\2.4.3\NodeJS\DubiousImport.ql failed the constraint of kind (was problem).
[2026-08-14 14:45:01] [SPAMMIER] resolve queries> Query Filter: C:\Users\Moham\.codeql\packages\codeql\javascript-queries\2.4.3\NodeJS\InvalidExport.ql failed the constraint of kind (was problem).
[2026-08-14 14:45:01] [SPAMMIER] resolve queries> Query Filter: C:\Users\Moham\.codeql\packages\codeql\javascript-queries\2.4.3\NodeJS\MissingExports.ql failed the constraint of kind (was problem).
[2026-08-14 14:45:01] [SPAMMIER] resolve queries> Query Filter: C:\Users\Moham\.codeql\packages\codeql\javascript-queries\2.4.3\NodeJS\UnresolvableImport.ql failed the constraint of kind (was problem).
[2026-08-14 14:45:01] [SPAMMIER] resolve queries> Query Filter: C:\Users\Moham\.codeql\packages\codeql\javascript-queries\2.4.3\NodeJS\UnusedDependency.ql failed the constraint of kind (was problem).
[2026-08-14 14:45:01] [SPAMMIER] resolve queries> Query Filter: C:\Users\Moham\.codeql\packages\codeql\javascript-queries\2.4.3\Performance\NonLocalForIn.ql failed the constraint of kind (was problem).
[2026-08-14 14:45:01] [SPAMMIER] resolve queries> Query Filter: C:\Users\Moham\.codeql\packages\codeql\javascript-queries\2.4.3\Performance\ReassignParameterAndUseArguments.ql failed the constraint of kind (was problem).
[2026-08-14 14:45:01] [SPAMMIER] resolve queries> Query Filter: C:\Users\Moham\.codeql\packages\codeql\javascript-queries\2.4.3\Quality\UnhandledErrorInStreamPipeline.ql failed the constraint of kind (was problem).
[2026-08-14 14:45:01] [SPAMMIER] resolve queries> Query Filter: C:\Users\Moham\.codeql\packages\codeql\javascript-queries\2.4.3\React\DirectStateMutation.ql failed the constraint of kind (was problem).
[2026-08-14 14:45:01] [SPAMMIER] resolve queries> Query Filter: C:\Users\Moham\.codeql\packages\codeql\javascript-queries\2.4.3\React\InconsistentStateUpdate.ql failed the constraint of kind (was problem).
[2026-08-14 14:45:01] [SPAMMIER] resolve queries> Query Filter: C:\Users\Moham\.codeql\packages\codeql\javascript-queries\2.4.3\React\UnsupportedStateUpdateInLifecycleMethod.ql failed the constraint of kind (was problem).
[2026-08-14 14:45:01] [SPAMMIER] resolve queries> Query Filter: C:\Users\Moham\.codeql\packages\codeql\javascript-queries\2.4.3\React\UnusedOrUndefinedStateProperty.ql failed the constraint of kind (was problem).
[2026-08-14 14:45:01] [SPAMMIER] resolve queries> Query Filter: C:\Users\Moham\.codeql\packages\codeql\javascript-queries\2.4.3\RegExp\BackrefBeforeGroup.ql failed the constraint of kind (was problem).
[2026-08-14 14:45:01] [SPAMMIER] resolve queries> Query Filter: C:\Users\Moham\.codeql\packages\codeql\javascript-queries\2.4.3\RegExp\BackrefIntoNegativeLookahead.ql failed the constraint of kind (was problem).
[2026-08-14 14:45:01] [SPAMMIER] resolve queries> Query Filter: C:\Users\Moham\.codeql\packages\codeql\javascript-queries\2.4.3\RegExp\BackspaceEscape.ql failed the constraint of kind (was problem).
[2026-08-14 14:45:01] [SPAMMIER] resolve queries> Query Filter: C:\Users\Moham\.codeql\packages\codeql\javascript-queries\2.4.3\RegExp\DuplicateCharacterInCharacterClass.ql failed the constraint of kind (was problem).
[2026-08-14 14:45:01] [SPAMMIER] resolve queries> Query Filter: C:\Users\Moham\.codeql\packages\codeql\javascript-queries\2.4.3\RegExp\EmptyCharacterClass.ql failed the constraint of kind (was problem).
[2026-08-14 14:45:01] [SPAMMIER] resolve queries> Query Filter: C:\Users\Moham\.codeql\packages\codeql\javascript-queries\2.4.3\RegExp\MalformedRegExp.ql failed the constraint of kind (was problem).
[2026-08-14 14:45:01] [SPAMMIER] resolve queries> Query Filter: C:\Users\Moham\.codeql\packages\codeql\javascript-queries\2.4.3\RegExp\RegExpAlwaysMatches.ql failed the constraint of kind (was problem).
[2026-08-14 14:45:01] [SPAMMIER] resolve queries> Query Filter: C:\Users\Moham\.codeql\packages\codeql\javascript-queries\2.4.3\RegExp\UnboundBackref.ql failed the constraint of kind (was problem).
[2026-08-14 14:45:01] [SPAMMIER] resolve queries> Query Filter: C:\Users\Moham\.codeql\packages\codeql\javascript-queries\2.4.3\RegExp\UnmatchableCaret.ql failed the constraint of kind (was problem).
[2026-08-14 14:45:01] [SPAMMIER] resolve queries> Query Filter: C:\Users\Moham\.codeql\packages\codeql\javascript-queries\2.4.3\RegExp\UnmatchableDollar.ql failed the constraint of kind (was problem).
[2026-08-14 14:45:01] [SPAMMIER] resolve queries> Query Filter: C:\Users\Moham\.codeql\packages\codeql\javascript-queries\2.4.3\Security\CWE-020\ExternalAPIsUsedWithUntrustedData.ql failed the constraint of kind (was table).
[2026-08-14 14:45:01] [SPAMMIER] resolve queries> Query Filter: C:\Users\Moham\.codeql\packages\codeql\javascript-queries\2.4.3\Security\CWE-020\MissingOriginCheck.ql failed the constraint of kind (was problem).
[2026-08-14 14:45:01] [SPAMMIER] resolve queries> Query Filter: C:\Users\Moham\.codeql\packages\codeql\javascript-queries\2.4.3\Security\CWE-020\MissingRegExpAnchor.ql failed the constraint of kind (was problem).
[2026-08-14 14:45:01] [SPAMMIER] resolve queries> Query Filter: C:\Users\Moham\.codeql\packages\codeql\javascript-queries\2.4.3\Security\CWE-020\UntrustedDataToExternalAPI.ql failed the constraint of kind (was path-problem).
[2026-08-14 14:45:01] [SPAMMIER] resolve queries> Query Filter: C:\Users\Moham\.codeql\packages\codeql\javascript-queries\2.4.3\Security\CWE-078\IndirectCommandInjection.ql failed the constraint of kind (was path-problem).
[2026-08-14 14:45:01] [SPAMMIER] resolve queries> Query Filter: C:\Users\Moham\.codeql\packages\codeql\javascript-queries\2.4.3\Security\CWE-094\UnsafeCodeConstruction.ql failed the constraint of kind (was path-problem).
[2026-08-14 14:45:01] [SPAMMIER] resolve queries> Query Filter: C:\Users\Moham\.codeql\packages\codeql\javascript-queries\2.4.3\Security\CWE-117\LogInjection.ql failed the constraint of kind (was path-problem).
[2026-08-14 14:45:01] [SPAMMIER] resolve queries> Query Filter: C:\Users\Moham\.codeql\packages\codeql\javascript-queries\2.4.3\Security\CWE-1275\SameSiteNoneCookie.ql failed the constraint of kind (was problem).
[2026-08-14 14:45:01] [SPAMMIER] resolve queries> Query Filter: C:\Users\Moham\.codeql\packages\codeql\javascript-queries\2.4.3\Security\CWE-1427\UserPromptInjection.ql failed the constraint of kind (was path-problem).
[2026-08-14 14:45:01] [SPAMMIER] resolve queries> Query Filter: C:\Users\Moham\.codeql\packages\codeql\javascript-queries\2.4.3\Security\CWE-200\FileAccessToHttp.ql failed the constraint of kind (was path-problem).
[2026-08-14 14:45:01] [SPAMMIER] resolve queries> Query Filter: C:\Users\Moham\.codeql\packages\codeql\javascript-queries\2.4.3\Security\CWE-313\PasswordInConfigurationFile.ql failed the constraint of kind (was problem).
[2026-08-14 14:45:01] [SPAMMIER] resolve queries> Query Filter: C:\Users\Moham\.codeql\packages\codeql\javascript-queries\2.4.3\Security\CWE-367\FileSystemRace.ql failed the constraint of kind (was problem).
[2026-08-14 14:45:01] [SPAMMIER] resolve queries> Query Filter: C:\Users\Moham\.codeql\packages\codeql\javascript-queries\2.4.3\Security\CWE-377\InsecureTemporaryFile.ql failed the constraint of kind (was path-problem).
[2026-08-14 14:45:01] [SPAMMIER] resolve queries> Query Filter: C:\Users\Moham\.codeql\packages\codeql\javascript-queries\2.4.3\Security\CWE-384\SessionFixation.ql failed the constraint of kind (was problem).
[2026-08-14 14:45:01] [SPAMMIER] resolve queries> Query Filter: C:\Users\Moham\.codeql\packages\codeql\javascript-queries\2.4.3\Security\CWE-400\RemotePropertyInjection.ql failed the constraint of kind (was path-problem).
[2026-08-14 14:45:01] [SPAMMIER] resolve queries> Query Filter: C:\Users\Moham\.codeql\packages\codeql\javascript-queries\2.4.3\Security\CWE-451\MissingXFrameOptions.ql failed the constraint of kind (was problem).
[2026-08-14 14:45:01] [SPAMMIER] resolve queries> Query Filter: C:\Users\Moham\.codeql\packages\codeql\javascript-queries\2.4.3\Security\CWE-506\HardcodedDataInterpretedAsCode.ql failed the constraint of kind (was path-problem).
[2026-08-14 14:45:01] [SPAMMIER] resolve queries> Query Filter: C:\Users\Moham\.codeql\packages\codeql\javascript-queries\2.4.3\Security\CWE-798\HardcodedCredentials.ql failed the constraint of kind (was path-problem).
[2026-08-14 14:45:01] [SPAMMIER] resolve queries> Query Filter: C:\Users\Moham\.codeql\packages\codeql\javascript-queries\2.4.3\Security\CWE-807\ConditionalBypass.ql failed the constraint of kind (was path-problem).
[2026-08-14 14:45:01] [SPAMMIER] resolve queries> Query Filter: C:\Users\Moham\.codeql\packages\codeql\javascript-queries\2.4.3\Security\CWE-807\DifferentKindsComparisonBypass.ql failed the constraint of kind (was problem).
[2026-08-14 14:45:01] [SPAMMIER] resolve queries> Query Filter: C:\Users\Moham\.codeql\packages\codeql\javascript-queries\2.4.3\Security\CWE-862\EmptyPasswordInConfigurationFile.ql failed the constraint of kind (was problem).
[2026-08-14 14:45:01] [SPAMMIER] resolve queries> Query Filter: C:\Users\Moham\.codeql\packages\codeql\javascript-queries\2.4.3\Security\CWE-912\HttpToFileAccess.ql failed the constraint of kind (was path-problem).
[2026-08-14 14:45:01] [SPAMMIER] resolve queries> Query Filter: C:\Users\Moham\.codeql\packages\codeql\javascript-queries\2.4.3\Security\CWE-918\ClientSideRequestForgery.ql failed the constraint of kind (was path-problem).
[2026-08-14 14:45:01] [SPAMMIER] resolve queries> Query Filter: C:\Users\Moham\.codeql\packages\codeql\javascript-queries\2.4.3\Security\trest\test.ql failed the constraint of kind (not present).
[2026-08-14 14:45:01] [SPAMMIER] resolve queries> Query Filter: C:\Users\Moham\.codeql\packages\codeql\javascript-queries\2.4.3\Statements\DanglingElse.ql failed the constraint of kind (was problem).
[2026-08-14 14:45:01] [SPAMMIER] resolve queries> Query Filter: C:\Users\Moham\.codeql\packages\codeql\javascript-queries\2.4.3\Statements\EphemeralLoop.ql failed the constraint of kind (was problem).
[2026-08-14 14:45:01] [SPAMMIER] resolve queries> Query Filter: C:\Users\Moham\.codeql\packages\codeql\javascript-queries\2.4.3\Statements\IgnoreArrayResult.ql failed the constraint of kind (was problem).
[2026-08-14 14:45:01] [SPAMMIER] resolve queries> Query Filter: C:\Users\Moham\.codeql\packages\codeql\javascript-queries\2.4.3\Statements\ImplicitReturn.ql failed the constraint of kind (was problem).
[2026-08-14 14:45:01] [SPAMMIER] resolve queries> Query Filter: C:\Users\Moham\.codeql\packages\codeql\javascript-queries\2.4.3\Statements\InconsistentLoopOrientation.ql failed the constraint of kind (was problem).
[2026-08-14 14:45:01] [SPAMMIER] resolve queries> Query Filter: C:\Users\Moham\.codeql\packages\codeql\javascript-queries\2.4.3\Statements\InconsistentReturn.ql failed the constraint of kind (was problem).
[2026-08-14 14:45:01] [SPAMMIER] resolve queries> Query Filter: C:\Users\Moham\.codeql\packages\codeql\javascript-queries\2.4.3\Statements\LabelInCase.ql failed the constraint of kind (was problem).
[2026-08-14 14:45:01] [SPAMMIER] resolve queries> Query Filter: C:\Users\Moham\.codeql\packages\codeql\javascript-queries\2.4.3\Statements\LoopIterationSkippedDueToShifting.ql failed the constraint of kind (was problem).
[2026-08-14 14:45:01] [SPAMMIER] resolve queries> Query Filter: C:\Users\Moham\.codeql\packages\codeql\javascript-queries\2.4.3\Statements\MisleadingIndentationAfterControlStmt.ql failed the constraint of kind (was problem).
[2026-08-14 14:45:01] [SPAMMIER] resolve queries> Query Filter: C:\Users\Moham\.codeql\packages\codeql\javascript-queries\2.4.3\Statements\NestedLoopsSameVariable.ql failed the constraint of kind (was problem).
[2026-08-14 14:45:01] [SPAMMIER] resolve queries> Query Filter: C:\Users\Moham\.codeql\packages\codeql\javascript-queries\2.4.3\Statements\ReturnAssignsLocal.ql failed the constraint of kind (was problem).
[2026-08-14 14:45:01] [SPAMMIER] resolve queries> Query Filter: C:\Users\Moham\.codeql\packages\codeql\javascript-queries\2.4.3\Statements\ReturnOutsideFunction.ql failed the constraint of kind (was problem).
[2026-08-14 14:45:01] [SPAMMIER] resolve queries> Query Filter: C:\Users\Moham\.codeql\packages\codeql\javascript-queries\2.4.3\Statements\SuspiciousUnusedLoopIterationVariable.ql failed the constraint of kind (was problem).
[2026-08-14 14:45:01] [SPAMMIER] resolve queries> Query Filter: C:\Users\Moham\.codeql\packages\codeql\javascript-queries\2.4.3\Statements\UnreachableStatement.ql failed the constraint of kind (was problem).
[2026-08-14 14:45:01] [SPAMMIER] resolve queries> Query Filter: C:\Users\Moham\.codeql\packages\codeql\javascript-queries\2.4.3\Statements\UselessComparisonTest.ql failed the constraint of kind (was problem).
[2026-08-14 14:45:01] [SPAMMIER] resolve queries> Query Filter: C:\Users\Moham\.codeql\packages\codeql\javascript-queries\2.4.3\Statements\UselessConditional.ql failed the constraint of kind (was problem).
[2026-08-14 14:45:01] [SPAMMIER] resolve queries> Query Filter: C:\Users\Moham\.codeql\packages\codeql\javascript-queries\2.4.3\Statements\UseOfReturnlessFunction.ql failed the constraint of kind (was problem).
[2026-08-14 14:45:01] [SPAMMY] resolve queries> Query Filter: Including C:\Users\Moham\.codeql\packages\codeql\javascript-queries\2.4.3\Summary\LinesOfCode.ql.
[2026-08-14 14:45:01] [SPAMMY] resolve queries> Query Filter: Including C:\Users\Moham\.codeql\packages\codeql\javascript-queries\2.4.3\Summary\LinesOfUserCode.ql.
[2026-08-14 14:45:01] [SPAMMIER] resolve queries> Query Filter: C:\Users\Moham\.codeql\packages\codeql\javascript-queries\2.4.3\Summary\TaintSinks.ql failed the constraint of kind (was problem).
[2026-08-14 14:45:01] [SPAMMIER] resolve queries> Query Filter: C:\Users\Moham\.codeql\packages\codeql\javascript-queries\2.4.3\Summary\TaintSources.ql failed the constraint of kind (was problem).
[2026-08-14 14:45:01] [SPAMMIER] resolve queries> Query Filter: C:\Users\Moham\.codeql\packages\codeql\javascript-queries\2.4.3\Vue\ArrowMethodOnVueInstance.ql failed the constraint of kind (was problem).
[2026-08-14 14:45:01] [SPAMMIER] resolve queries> Resolution instruction: exclude.
[2026-08-14 14:45:01] [SPAMMY] resolve queries> Query Filter: Excluding by constraints deprecated=//.
[2026-08-14 14:45:01] [SPAMMIER] resolve queries> Query Filter: C:\Users\Moham\.codeql\packages\codeql\javascript-queries\2.4.3\AngularJS\DisablingSce.ql failed the constraint of deprecated (not present).
[2026-08-14 14:45:01] [SPAMMIER] resolve queries> Query Filter: C:\Users\Moham\.codeql\packages\codeql\javascript-queries\2.4.3\AngularJS\DoubleCompilation.ql failed the constraint of deprecated (not present).
[2026-08-14 14:45:01] [SPAMMIER] resolve queries> Query Filter: C:\Users\Moham\.codeql\packages\codeql\javascript-queries\2.4.3\AngularJS\InsecureUrlWhitelist.ql failed the constraint of deprecated (not present).
[2026-08-14 14:45:01] [SPAMMIER] resolve queries> Query Filter: C:\Users\Moham\.codeql\packages\codeql\javascript-queries\2.4.3\Electron\AllowRunningInsecureContent.ql failed the constraint of deprecated (not present).
[2026-08-14 14:45:01] [SPAMMIER] resolve queries> Query Filter: C:\Users\Moham\.codeql\packages\codeql\javascript-queries\2.4.3\Electron\DisablingWebSecurity.ql failed the constraint of deprecated (not present).
[2026-08-14 14:45:01] [SPAMMIER] resolve queries> Query Filter: C:\Users\Moham\.codeql\packages\codeql\javascript-queries\2.4.3\experimental\heuristics\ql\src\Security\CWE-078\CommandInjection.ql failed the constraint of deprecated (not present).
[2026-08-14 14:45:01] [SPAMMIER] resolve queries> Query Filter: C:\Users\Moham\.codeql\packages\codeql\javascript-queries\2.4.3\experimental\heuristics\ql\src\Security\CWE-079\Xss.ql failed the constraint of deprecated (not present).
[2026-08-14 14:45:01] [SPAMMIER] resolve queries> Query Filter: C:\Users\Moham\.codeql\packages\codeql\javascript-queries\2.4.3\experimental\heuristics\ql\src\Security\CWE-089\SqlInjection.ql failed the constraint of deprecated (not present).
[2026-08-14 14:45:01] [SPAMMIER] resolve queries> Query Filter: C:\Users\Moham\.codeql\packages\codeql\javascript-queries\2.4.3\experimental\heuristics\ql\src\Security\CWE-094\CodeInjection.ql failed the constraint of deprecated (not present).
[2026-08-14 14:45:01] [SPAMMIER] resolve queries> Query Filter: C:\Users\Moham\.codeql\packages\codeql\javascript-queries\2.4.3\experimental\heuristics\ql\src\Security\CWE-134\TaintedFormatString.ql failed the constraint of deprecated (not present).
[2026-08-14 14:45:01] [SPAMMIER] resolve queries> Query Filter: C:\Users\Moham\.codeql\packages\codeql\javascript-queries\2.4.3\experimental\heuristics\ql\src\Security\CWE-346\CorsMisconfigurationForCredentials.ql failed the constraint of deprecated (not present).
[2026-08-14 14:45:01] [SPAMMIER] resolve queries> Query Filter: C:\Users\Moham\.codeql\packages\codeql\javascript-queries\2.4.3\experimental\heuristics\ql\src\Security\CWE-502\UnsafeDeserialization.ql failed the constraint of deprecated (not present).
[2026-08-14 14:45:01] [SPAMMIER] resolve queries> Query Filter: C:\Users\Moham\.codeql\packages\codeql\javascript-queries\2.4.3\experimental\heuristics\ql\src\Security\CWE-611\Xxe.ql failed the constraint of deprecated (not present).
[2026-08-14 14:45:01] [SPAMMIER] resolve queries> Query Filter: C:\Users\Moham\.codeql\packages\codeql\javascript-queries\2.4.3\experimental\heuristics\ql\src\Security\CWE-643\XpathInjection.ql failed the constraint of deprecated (not present).
[2026-08-14 14:45:01] [SPAMMIER] resolve queries> Query Filter: C:\Users\Moham\.codeql\packages\codeql\javascript-queries\2.4.3\experimental\heuristics\ql\src\Security\CWE-730\RegExpInjection.ql failed the constraint of deprecated (not present).
[2026-08-14 14:45:01] [SPAMMIER] resolve queries> Query Filter: C:\Users\Moham\.codeql\packages\codeql\javascript-queries\2.4.3\experimental\heuristics\ql\src\Security\CWE-770\ResourceExhaustion.ql failed the constraint of deprecated (not present).
[2026-08-14 14:45:01] [SPAMMIER] resolve queries> Query Filter: C:\Users\Moham\.codeql\packages\codeql\javascript-queries\2.4.3\experimental\heuristics\ql\src\Security\CWE-776\XmlBomb.ql failed the constraint of deprecated (not present).
[2026-08-14 14:45:01] [SPAMMIER] resolve queries> Query Filter: C:\Users\Moham\.codeql\packages\codeql\javascript-queries\2.4.3\experimental\heuristics\ql\src\Security\CWE-915\PrototypePollutingAssignment.ql failed the constraint of deprecated (not present).
[2026-08-14 14:45:01] [SPAMMIER] resolve queries> Query Filter: C:\Users\Moham\.codeql\packages\codeql\javascript-queries\2.4.3\experimental\Security\CWE-094-dataURL\CodeInjection.ql failed the constraint of deprecated (not present).
[2026-08-14 14:45:01] [SPAMMIER] resolve queries> Query Filter: C:\Users\Moham\.codeql\packages\codeql\javascript-queries\2.4.3\experimental\Security\CWE-347\decodeJwtWithoutVerification.ql failed the constraint of deprecated (not present).
[2026-08-14 14:45:01] [SPAMMIER] resolve queries> Query Filter: C:\Users\Moham\.codeql\packages\codeql\javascript-queries\2.4.3\experimental\Security\CWE-347\decodeJwtWithoutVerificationLocalSource.ql failed the constraint of deprecated (not present).
[2026-08-14 14:45:01] [SPAMMIER] resolve queries> Query Filter: C:\Users\Moham\.codeql\packages\codeql\javascript-queries\2.4.3\experimental\Security\CWE-444\InsecureHttpParser.ql failed the constraint of deprecated (not present).
[2026-08-14 14:45:01] [SPAMMIER] resolve queries> Query Filter: C:\Users\Moham\.codeql\packages\codeql\javascript-queries\2.4.3\experimental\Security\CWE-522-DecompressionBombs\DecompressionBombs.ql failed the constraint of deprecated (not present).
[2026-08-14 14:45:01] [SPAMMIER] resolve queries> Query Filter: C:\Users\Moham\.codeql\packages\codeql\javascript-queries\2.4.3\Performance\PolynomialReDoS.ql failed the constraint of deprecated (not present).
[2026-08-14 14:45:01] [SPAMMIER] resolve queries> Query Filter: C:\Users\Moham\.codeql\packages\codeql\javascript-queries\2.4.3\Performance\ReDoS.ql failed the constraint of deprecated (not present).
[2026-08-14 14:45:01] [SPAMMIER] resolve queries> Query Filter: C:\Users\Moham\.codeql\packages\codeql\javascript-queries\2.4.3\RegExp\IdentityReplacement.ql failed the constraint of deprecated (not present).
[2026-08-14 14:45:01] [SPAMMIER] resolve queries> Query Filter: C:\Users\Moham\.codeql\packages\codeql\javascript-queries\2.4.3\Security\CWE-020\IncompleteHostnameRegExp.ql failed the constraint of deprecated (not present).
[2026-08-14 14:45:01] [SPAMMIER] resolve queries> Query Filter: C:\Users\Moham\.codeql\packages\codeql\javascript-queries\2.4.3\Security\CWE-020\IncompleteUrlSchemeCheck.ql failed the constraint of deprecated (not present).
[2026-08-14 14:45:01] [SPAMMIER] resolve queries> Query Filter: C:\Users\Moham\.codeql\packages\codeql\javascript-queries\2.4.3\Security\CWE-020\IncompleteUrlSubstringSanitization.ql failed the constraint of deprecated (not present).
[2026-08-14 14:45:01] [SPAMMIER] resolve queries> Query Filter: C:\Users\Moham\.codeql\packages\codeql\javascript-queries\2.4.3\Security\CWE-020\IncorrectSuffixCheck.ql failed the constraint of deprecated (not present).
[2026-08-14 14:45:01] [SPAMMIER] resolve queries> Query Filter: C:\Users\Moham\.codeql\packages\codeql\javascript-queries\2.4.3\Security\CWE-020\OverlyLargeRange.ql failed the constraint of deprecated (not present).
[2026-08-14 14:45:01] [SPAMMIER] resolve queries> Query Filter: C:\Users\Moham\.codeql\packages\codeql\javascript-queries\2.4.3\Security\CWE-020\UselessRegExpCharacterEscape.ql failed the constraint of deprecated (not present).
[2026-08-14 14:45:01] [SPAMMIER] resolve queries> Query Filter: C:\Users\Moham\.codeql\packages\codeql\javascript-queries\2.4.3\Security\CWE-022\TaintedPath.ql failed the constraint of deprecated (not present).
[2026-08-14 14:45:01] [SPAMMIER] resolve queries> Query Filter: C:\Users\Moham\.codeql\packages\codeql\javascript-queries\2.4.3\Security\CWE-022\ZipSlip.ql failed the constraint of deprecated (not present).
[2026-08-14 14:45:01] [SPAMMIER] resolve queries> Query Filter: C:\Users\Moham\.codeql\packages\codeql\javascript-queries\2.4.3\Security\CWE-073\TemplateObjectInjection.ql failed the constraint of deprecated (not present).
[2026-08-14 14:45:01] [SPAMMIER] resolve queries> Query Filter: C:\Users\Moham\.codeql\packages\codeql\javascript-queries\2.4.3\Security\CWE-078\CommandInjection.ql failed the constraint of deprecated (not present).
[2026-08-14 14:45:01] [SPAMMIER] resolve queries> Query Filter: C:\Users\Moham\.codeql\packages\codeql\javascript-queries\2.4.3\Security\CWE-078\SecondOrderCommandInjection.ql failed the constraint of deprecated (not present).
[2026-08-14 14:45:01] [SPAMMIER] resolve queries> Query Filter: C:\Users\Moham\.codeql\packages\codeql\javascript-queries\2.4.3\Security\CWE-078\ShellCommandInjectionFromEnvironment.ql failed the constraint of deprecated (not present).
[2026-08-14 14:45:01] [SPAMMIER] resolve queries> Query Filter: C:\Users\Moham\.codeql\packages\codeql\javascript-queries\2.4.3\Security\CWE-078\UnsafeShellCommandConstruction.ql failed the constraint of deprecated (not present).
[2026-08-14 14:45:01] [SPAMMIER] resolve queries> Query Filter: C:\Users\Moham\.codeql\packages\codeql\javascript-queries\2.4.3\Security\CWE-078\UselessUseOfCat.ql failed the constraint of deprecated (not present).
[2026-08-14 14:45:01] [SPAMMIER] resolve queries> Query Filter: C:\Users\Moham\.codeql\packages\codeql\javascript-queries\2.4.3\Security\CWE-079\ExceptionXss.ql failed the constraint of deprecated (not present).
[2026-08-14 14:45:01] [SPAMMIER] resolve queries> Query Filter: C:\Users\Moham\.codeql\packages\codeql\javascript-queries\2.4.3\Security\CWE-079\ReflectedXss.ql failed the constraint of deprecated (not present).
[2026-08-14 14:45:01] [SPAMMIER] resolve queries> Query Filter: C:\Users\Moham\.codeql\packages\codeql\javascript-queries\2.4.3\Security\CWE-079\StoredXss.ql failed the constraint of deprecated (not present).
[2026-08-14 14:45:01] [SPAMMIER] resolve queries> Query Filter: C:\Users\Moham\.codeql\packages\codeql\javascript-queries\2.4.3\Security\CWE-079\UnsafeHtmlConstruction.ql failed the constraint of deprecated (not present).
[2026-08-14 14:45:01] [SPAMMIER] resolve queries> Query Filter: C:\Users\Moham\.codeql\packages\codeql\javascript-queries\2.4.3\Security\CWE-079\UnsafeJQueryPlugin.ql failed the constraint of deprecated (not present).
[2026-08-14 14:45:01] [SPAMMIER] resolve queries> Query Filter: C:\Users\Moham\.codeql\packages\codeql\javascript-queries\2.4.3\Security\CWE-079\Xss.ql failed the constraint of deprecated (not present).
[2026-08-14 14:45:01] [SPAMMIER] resolve queries> Query Filter: C:\Users\Moham\.codeql\packages\codeql\javascript-queries\2.4.3\Security\CWE-079\XssThroughDom.ql failed the constraint of deprecated (not present).
[2026-08-14 14:45:01] [SPAMMIER] resolve queries> Query Filter: C:\Users\Moham\.codeql\packages\codeql\javascript-queries\2.4.3\Security\CWE-089\SqlInjection.ql failed the constraint of deprecated (not present).
[2026-08-14 14:45:01] [SPAMMIER] resolve queries> Query Filter: C:\Users\Moham\.codeql\packages\codeql\javascript-queries\2.4.3\Security\CWE-094\CodeInjection.ql failed the constraint of deprecated (not present).
[2026-08-14 14:45:01] [SPAMMY] resolve queries> Query Filter: Excluding C:\Users\Moham\.codeql\packages\codeql\javascript-queries\2.4.3\experimental\heuristics\ql\src\Security\CWE-770\ResourceExhaustion.ql.
[2026-08-14 14:45:01] [SPAMMY] resolve queries> Query Filter: Excluding C:\Users\Moham\.codeql\packages\codeql\javascript-queries\2.4.3\experimental\heuristics\ql\src\Security\CWE-776\XmlBomb.ql.
[2026-08-14 14:45:01] [SPAMMY] resolve queries> Query Filter: Excluding C:\Users\Moham\.codeql\packages\codeql\javascript-queries\2.4.3\experimental\heuristics\ql\src\Security\CWE-915\PrototypePollutingAssignment.ql.
[2026-08-14 14:45:01] [SPAMMY] resolve queries> Query Filter: Excluding C:\Users\Moham\.codeql\packages\codeql\javascript-queries\2.4.3\experimental\Security\CWE-094-dataURL\CodeInjection.ql.
[2026-08-14 14:45:01] [SPAMMY] resolve queries> Query Filter: Excluding C:\Users\Moham\.codeql\packages\codeql\javascript-queries\2.4.3\experimental\Security\CWE-347\decodeJwtWithoutVerification.ql.
[2026-08-14 14:45:01] [SPAMMY] resolve queries> Query Filter: Excluding C:\Users\Moham\.codeql\packages\codeql\javascript-queries\2.4.3\experimental\Security\CWE-347\decodeJwtWithoutVerificationLocalSource.ql.
[2026-08-14 14:45:01] [SPAMMY] resolve queries> Query Filter: Excluding C:\Users\Moham\.codeql\packages\codeql\javascript-queries\2.4.3\experimental\Security\CWE-444\InsecureHttpParser.ql.
[2026-08-14 14:45:01] [SPAMMY] resolve queries> Query Filter: Excluding C:\Users\Moham\.codeql\packages\codeql\javascript-queries\2.4.3\experimental\Security\CWE-522-DecompressionBombs\DecompressionBombs.ql.
[2026-08-14 14:45:01] [SPAMMIER] resolve queries> Query Filter: C:\Users\Moham\.codeql\packages\codeql\javascript-queries\2.4.3\Performance\PolynomialReDoS.ql failed the constraint of query path (was Performance/PolynomialReDoS.ql).
[2026-08-14 14:45:01] [SPAMMIER] resolve queries> Query Filter: C:\Users\Moham\.codeql\packages\codeql\javascript-queries\2.4.3\Performance\ReDoS.ql failed the constraint of query path (was Performance/ReDoS.ql).
[2026-08-14 14:45:01] [SPAMMIER] resolve queries> Query Filter: C:\Users\Moham\.codeql\packages\codeql\javascript-queries\2.4.3\RegExp\IdentityReplacement.ql failed the constraint of query path (was RegExp/IdentityReplacement.ql).
[2026-08-14 14:45:01] [SPAMMIER] resolve queries> Query Filter: C:\Users\Moham\.codeql\packages\codeql\javascript-queries\2.4.3\Security\CWE-020\IncompleteHostnameRegExp.ql failed the constraint of query path (was Security/CWE-020/IncompleteHostnameRegExp.ql).
[2026-08-14 14:45:01] [SPAMMIER] resolve queries> Query Filter: C:\Users\Moham\.codeql\packages\codeql\javascript-queries\2.4.3\Security\CWE-020\IncompleteUrlSchemeCheck.ql failed the constraint of query path (was Security/CWE-020/IncompleteUrlSchemeCheck.ql).
[2026-08-14 14:45:01] [SPAMMIER] resolve queries> Query Filter: C:\Users\Moham\.codeql\packages\codeql\javascript-queries\2.4.3\Security\CWE-020\IncompleteUrlSubstringSanitization.ql failed the constraint of query path (was Security/CWE-020/IncompleteUrlSubstringSanitization.ql).
[2026-08-14 14:45:01] [SPAMMIER] resolve queries> Query Filter: C:\Users\Moham\.codeql\packages\codeql\javascript-queries\2.4.3\Security\CWE-020\IncorrectSuffixCheck.ql failed the constraint of query path (was Security/CWE-020/IncorrectSuffixCheck.ql).
[2026-08-14 14:45:01] [SPAMMIER] resolve queries> Query Filter: C:\Users\Moham\.codeql\packages\codeql\javascript-queries\2.4.3\Security\CWE-020\OverlyLargeRange.ql failed the constraint of query path (was Security/CWE-020/OverlyLargeRange.ql).
[2026-08-14 14:45:01] [SPAMMIER] resolve queries> Query Filter: C:\Users\Moham\.codeql\packages\codeql\javascript-queries\2.4.3\Security\CWE-020\UselessRegExpCharacterEscape.ql failed the constraint of query path (was Security/CWE-020/UselessRegExpCharacterEscape.ql).
[2026-08-14 14:45:01] [SPAMMIER] resolve queries> Query Filter: C:\Users\Moham\.codeql\packages\codeql\javascript-queries\2.4.3\Security\CWE-022\TaintedPath.ql failed the constraint of query path (was Security/CWE-022/TaintedPath.ql).
[2026-08-14 14:45:01] [SPAMMIER] resolve queries> Query Filter: C:\Users\Moham\.codeql\packages\codeql\javascript-queries\2.4.3\Security\CWE-022\ZipSlip.ql failed the constraint of query path (was Security/CWE-022/ZipSlip.ql).
[2026-08-14 14:45:01] [SPAMMIER] resolve queries> Query Filter: C:\Users\Moham\.codeql\packages\codeql\javascript-queries\2.4.3\Security\CWE-073\TemplateObjectInjection.ql failed the constraint of query path (was Security/CWE-073/TemplateObjectInjection.ql).
[2026-08-14 14:45:01] [SPAMMIER] resolve queries> Query Filter: C:\Users\Moham\.codeql\packages\codeql\javascript-queries\2.4.3\Security\CWE-078\CommandInjection.ql failed the constraint of query path (was Security/CWE-078/CommandInjection.ql).
[2026-08-14 14:45:01] [SPAMMIER] resolve queries> Query Filter: C:\Users\Moham\.codeql\packages\codeql\javascript-queries\2.4.3\Security\CWE-078\SecondOrderCommandInjection.ql failed the constraint of query path (was Security/CWE-078/SecondOrderCommandInjection.ql).
[2026-08-14 14:45:01] [SPAMMIER] resolve queries> Query Filter: C:\Users\Moham\.codeql\packages\codeql\javascript-queries\2.4.3\Security\CWE-078\ShellCommandInjectionFromEnvironment.ql failed the constraint of query path (was Security/CWE-078/ShellCommandInjectionFromEnvironment.ql).
[2026-08-14 14:45:01] [SPAMMIER] resolve queries> Query Filter: C:\Users\Moham\.codeql\packages\codeql\javascript-queries\2.4.3\Security\CWE-078\UnsafeShellCommandConstruction.ql failed the constraint of query path (was Security/CWE-078/UnsafeShellCommandConstruction.ql).
[2026-08-14 14:45:01] [SPAMMIER] resolve queries> Query Filter: C:\Users\Moham\.codeql\packages\codeql\javascript-queries\2.4.3\Security\CWE-078\UselessUseOfCat.ql failed the constraint of query path (was Security/CWE-078/UselessUseOfCat.ql).
[2026-08-14 14:45:01] [SPAMMIER] resolve queries> Query Filter: C:\Users\Moham\.codeql\packages\codeql\javascript-queries\2.4.3\Security\CWE-079\ExceptionXss.ql failed the constraint of query path (was Security/CWE-079/ExceptionXss.ql).
[2026-08-14 14:45:01] [SPAMMIER] resolve queries> Query Filter: C:\Users\Moham\.codeql\packages\codeql\javascript-queries\2.4.3\Security\CWE-079\ReflectedXss.ql failed the constraint of query path (was Security/CWE-079/ReflectedXss.ql).
[2026-08-14 14:45:01] [SPAMMIER] resolve queries> Query Filter: C:\Users\Moham\.codeql\packages\codeql\javascript-queries\2.4.3\Security\CWE-079\StoredXss.ql failed the constraint of query path (was Security/CWE-079/StoredXss.ql).
[2026-08-14 14:45:01] [SPAMMIER] resolve queries> Query Filter: C:\Users\Moham\.codeql\packages\codeql\javascript-queries\2.4.3\Security\CWE-079\UnsafeHtmlConstruction.ql failed the constraint of query path (was Security/CWE-079/UnsafeHtmlConstruction.ql).
[2026-08-14 14:45:01] [SPAMMIER] resolve queries> Query Filter: C:\Users\Moham\.codeql\packages\codeql\javascript-queries\2.4.3\Security\CWE-079\UnsafeJQueryPlugin.ql failed the constraint of query path (was Security/CWE-079/UnsafeJQueryPlugin.ql).
[2026-08-14 14:45:01] [SPAMMIER] resolve queries> Query Filter: C:\Users\Moham\.codeql\packages\codeql\javascript-queries\2.4.3\Security\CWE-079\Xss.ql failed the constraint of query path (was Security/CWE-079/Xss.ql).
[2026-08-14 14:45:01] [SPAMMIER] resolve queries> Query Filter: C:\Users\Moham\.codeql\packages\codeql\javascript-queries\2.4.3\Security\CWE-079\XssThroughDom.ql failed the constraint of query path (was Security/CWE-079/XssThroughDom.ql).
[2026-08-14 14:45:01] [SPAMMIER] resolve queries> Query Filter: C:\Users\Moham\.codeql\packages\codeql\javascript-queries\2.4.3\Security\CWE-089\SqlInjection.ql failed the constraint of query path (was Security/CWE-089/SqlInjection.ql).
[2026-08-14 14:45:01] [SPAMMIER] resolve queries> Query Filter: C:\Users\Moham\.codeql\packages\codeql\javascript-queries\2.4.3\Security\CWE-094\CodeInjection.ql failed the constraint of query path (was Security/CWE-094/CodeInjection.ql).
[2026-08-14 14:45:01] [SPAMMIER] resolve queries> Query Filter: C:\Users\Moham\.codeql\packages\codeql\javascript-queries\2.4.3\Security\CWE-094\ImproperCodeSanitization.ql failed the constraint of query path (was Security/CWE-094/ImproperCodeSanitization.ql).
[2026-08-14 14:45:01] [SPAMMIER] resolve queries> Query Filter: C:\Users\Moham\.codeql\packages\codeql\javascript-queries\2.4.3\Security\CWE-094\UnsafeDynamicMethodAccess.ql failed the constraint of query path (was Security/CWE-094/UnsafeDynamicMethodAccess.ql).
[2026-08-14 14:45:01] [SPAMMIER] resolve queries> Query Filter: C:\Users\Moham\.codeql\packages\codeql\javascript-queries\2.4.3\Security\CWE-1004\ClientExposedCookie.ql failed the constraint of query path (was Security/CWE-1004/ClientExposedCookie.ql).
[2026-08-14 14:45:01] [SPAMMIER] resolve queries> Query Filter: C:\Users\Moham\.codeql\packages\codeql\javascript-queries\2.4.3\Security\CWE-116\BadTagFilter.ql failed the constraint of query path (was Security/CWE-116/BadTagFilter.ql).
[2026-08-14 14:45:01] [SPAMMIER] resolve queries> Query Filter: C:\Users\Moham\.codeql\packages\codeql\javascript-queries\2.4.3\Security\CWE-116\DoubleEscaping.ql failed the constraint of query path (was Security/CWE-116/DoubleEscaping.ql).
[2026-08-14 14:45:01] [SPAMMIER] resolve queries> Query Filter: C:\Users\Moham\.codeql\packages\codeql\javascript-queries\2.4.3\Security\CWE-116\IncompleteHtmlAttributeSanitization.ql failed the constraint of query path (was Security/CWE-116/IncompleteHtmlAttributeSanitization.ql).
[2026-08-14 14:45:01] [SPAMMIER] resolve queries> Query Filter: C:\Users\Moham\.codeql\packages\codeql\javascript-queries\2.4.3\Security\CWE-116\IncompleteMultiCharacterSanitization.ql failed the constraint of query path (was Security/CWE-116/IncompleteMultiCharacterSanitization.ql).
[2026-08-14 14:45:01] [SPAMMIER] resolve queries> Query Filter: C:\Users\Moham\.codeql\packages\codeql\javascript-queries\2.4.3\Security\CWE-116\IncompleteSanitization.ql failed the constraint of query path (was Security/CWE-116/IncompleteSanitization.ql).
[2026-08-14 14:45:01] [SPAMMIER] resolve queries> Query Filter: C:\Users\Moham\.codeql\packages\codeql\javascript-queries\2.4.3\Security\CWE-116\UnsafeHtmlExpansion.ql failed the constraint of query path (was Security/CWE-116/UnsafeHtmlExpansion.ql).
[2026-08-14 14:45:01] [SPAMMIER] resolve queries> Query Filter: C:\Users\Moham\.codeql\packages\codeql\javascript-queries\2.4.3\Security\CWE-134\TaintedFormatString.ql failed the constraint of query path (was Security/CWE-134/TaintedFormatString.ql).
[2026-08-14 14:45:01] [SPAMMIER] resolve queries> Query Filter: C:\Users\Moham\.codeql\packages\codeql\javascript-queries\2.4.3\Security\CWE-1427\SystemPromptInjection.ql failed the constraint of query path (was Security/CWE-1427/SystemPromptInjection.ql).
[2026-08-14 14:45:01] [SPAMMIER] resolve queries> Query Filter: C:\Users\Moham\.codeql\packages\codeql\javascript-queries\2.4.3\Security\CWE-178\CaseSensitiveMiddlewarePath.ql failed the constraint of query path (was Security/CWE-178/CaseSensitiveMiddlewarePath.ql).
[2026-08-14 14:45:01] [SPAMMIER] resolve queries> Query Filter: C:\Users\Moham\.codeql\packages\codeql\javascript-queries\2.4.3\Security\CWE-200\PrivateFileExposure.ql failed the constraint of query path (was Security/CWE-200/PrivateFileExposure.ql).
[2026-08-14 14:45:01] [SPAMMIER] resolve queries> Query Filter: C:\Users\Moham\.codeql\packages\codeql\javascript-queries\2.4.3\Security\CWE-201\PostMessageStar.ql failed the constraint of query path (was Security/CWE-201/PostMessageStar.ql).
[2026-08-14 14:45:01] [SPAMMIER] resolve queries> Query Filter: C:\Users\Moham\.codeql\packages\codeql\javascript-queries\2.4.3\Security\CWE-209\StackTraceExposure.ql failed the constraint of query path (was Security/CWE-209/StackTraceExposure.ql).
[2026-08-14 14:45:01] [SPAMMIER] resolve queries> Query Filter: C:\Users\Moham\.codeql\packages\codeql\javascript-queries\2.4.3\Security\CWE-295\DisablingCertificateValidation.ql failed the constraint of query path (was Security/CWE-295/DisablingCertificateValidation.ql).
[2026-08-14 14:45:01] [SPAMMIER] resolve queries> Query Filter: C:\Users\Moham\.codeql\packages\codeql\javascript-queries\2.4.3\Security\CWE-300\InsecureDependencyResolution.ql failed the constraint of query path (was Security/CWE-300/InsecureDependencyResolution.ql).
[2026-08-14 14:45:01] [SPAMMIER] resolve queries> Query Filter: C:\Users\Moham\.codeql\packages\codeql\javascript-queries\2.4.3\Security\CWE-312\BuildArtifactLeak.ql failed the constraint of query path (was Security/CWE-312/BuildArtifactLeak.ql).
[2026-08-14 14:45:01] [SPAMMIER] resolve queries> Query Filter: C:\Users\Moham\.codeql\packages\codeql\javascript-queries\2.4.3\Security\CWE-312\CleartextLogging.ql failed the constraint of query path (was Security/CWE-312/CleartextLogging.ql).
[2026-08-14 14:45:01] [SPAMMIER] resolve queries> Query Filter: C:\Users\Moham\.codeql\packages\codeql\javascript-queries\2.4.3\Security\CWE-312\CleartextStorage.ql failed the constraint of query path (was Security/CWE-312/CleartextStorage.ql).
[2026-08-14 14:45:01] [SPAMMIER] resolve queries> Query Filter: C:\Users\Moham\.codeql\packages\codeql\javascript-queries\2.4.3\Security\CWE-326\InsufficientKeySize.ql failed the constraint of query path (was Security/CWE-326/InsufficientKeySize.ql).
[2026-08-14 14:45:01] [SPAMMIER] resolve queries> Query Filter: C:\Users\Moham\.codeql\packages\codeql\javascript-queries\2.4.3\Security\CWE-327\BadRandomness.ql failed the constraint of query path (was Security/CWE-327/BadRandomness.ql).
[2026-08-14 14:45:01] [SPAMMIER] resolve queries> Query Filter: C:\Users\Moham\.codeql\packages\codeql\javascript-queries\2.4.3\Security\CWE-327\BrokenCryptoAlgorithm.ql failed the constraint of query path (was Security/CWE-327/BrokenCryptoAlgorithm.ql).
[2026-08-14 14:45:01] [SPAMMIER] resolve queries> Query Filter: C:\Users\Moham\.codeql\packages\codeql\javascript-queries\2.4.3\Security\CWE-338\InsecureRandomness.ql failed the constraint of query path (was Security/CWE-338/InsecureRandomness.ql).
[2026-08-14 14:45:01] [SPAMMIER] resolve queries> Query Filter: C:\Users\Moham\.codeql\packages\codeql\javascript-queries\2.4.3\Security\CWE-346\CorsMisconfigurationForCredentials.ql failed the constraint of query path (was Security/CWE-346/CorsMisconfigurationForCredentials.ql).
[2026-08-14 14:45:01] [SPAMMIER] resolve queries> Query Filter: C:\Users\Moham\.codeql\packages\codeql\javascript-queries\2.4.3\Security\CWE-347\MissingJWTKeyVerification.ql failed the constraint of query path (was Security/CWE-347/MissingJWTKeyVerification.ql).
[2026-08-14 14:45:01] [SPAMMIER] resolve queries> Query Filter: C:\Users\Moham\.codeql\packages\codeql\javascript-queries\2.4.3\Security\CWE-352\MissingCsrfMiddleware.ql failed the constraint of query path (was Security/CWE-352/MissingCsrfMiddleware.ql).
[2026-08-14 14:45:01] [SPAMMIER] resolve queries> Query Filter: C:\Users\Moham\.codeql\packages\codeql\javascript-queries\2.4.3\Security\CWE-400\DeepObjectResourceExhaustion.ql failed the constraint of query path (was Security/CWE-400/DeepObjectResourceExhaustion.ql).
[2026-08-14 14:45:01] [SPAMMIER] resolve queries> Query Filter: C:\Users\Moham\.codeql\packages\codeql\javascript-queries\2.4.3\Security\CWE-502\UnsafeDeserialization.ql failed the constraint of query path (was Security/CWE-502/UnsafeDeserialization.ql).
[2026-08-14 14:45:01] [SPAMMIER] resolve queries> Query Filter: C:\Users\Moham\.codeql\packages\codeql\javascript-queries\2.4.3\Security\CWE-598\SensitiveGetQuery.ql failed the constraint of query path (was Security/CWE-598/SensitiveGetQuery.ql).
[2026-08-14 14:45:01] [SPAMMIER] resolve queries> Query Filter: C:\Users\Moham\.codeql\packages\codeql\javascript-queries\2.4.3\Security\CWE-601\ClientSideUrlRedirect.ql failed the constraint of query path (was Security/CWE-601/ClientSideUrlRedirect.ql).
[2026-08-14 14:45:01] [SPAMMIER] resolve queries> Query Filter: C:\Users\Moham\.codeql\packages\codeql\javascript-queries\2.4.3\Security\CWE-601\ServerSideUrlRedirect.ql failed the constraint of query path (was Security/CWE-601/ServerSideUrlRedirect.ql).
[2026-08-14 14:45:01] [SPAMMIER] resolve queries> Query Filter: C:\Users\Moham\.codeql\packages\codeql\javascript-queries\2.4.3\Security\CWE-611\Xxe.ql failed the constraint of query path (was Security/CWE-611/Xxe.ql).
[2026-08-14 14:45:01] [SPAMMIER] resolve queries> Query Filter: C:\Users\Moham\.codeql\packages\codeql\javascript-queries\2.4.3\Security\CWE-614\ClearTextCookie.ql failed the constraint of query path (was Security/CWE-614/ClearTextCookie.ql).
[2026-08-14 14:45:01] [SPAMMIER] resolve queries> Query Filter: C:\Users\Moham\.codeql\packages\codeql\javascript-queries\2.4.3\Security\CWE-640\HostHeaderPoisoningInEmailGeneration.ql failed the constraint of query path (was Security/CWE-640/HostHeaderPoisoningInEmailGeneration.ql).
[2026-08-14 14:45:01] [SPAMMIER] resolve queries> Query Filter: C:\Users\Moham\.codeql\packages\codeql\javascript-queries\2.4.3\Security\CWE-643\XpathInjection.ql failed the constraint of query path (was Security/CWE-643/XpathInjection.ql).
[2026-08-14 14:45:01] [SPAMMIER] resolve queries> Query Filter: C:\Users\Moham\.codeql\packages\codeql\javascript-queries\2.4.3\Security\CWE-693\InsecureHelmet.ql failed the constraint of query path (was Security/CWE-693/InsecureHelmet.ql).
[2026-08-14 14:45:01] [SPAMMIER] resolve queries> Query Filter: C:\Users\Moham\.codeql\packages\codeql\javascript-queries\2.4.3\Security\CWE-730\RegExpInjection.ql failed the constraint of query path (was Security/CWE-730/RegExpInjection.ql).
[2026-08-14 14:45:01] [SPAMMIER] resolve queries> Query Filter: C:\Users\Moham\.codeql\packages\codeql\javascript-queries\2.4.3\Security\CWE-730\ServerCrash.ql failed the constraint of query path (was Security/CWE-730/ServerCrash.ql).
[2026-08-14 14:45:01] [SPAMMIER] resolve queries> Query Filter: C:\Users\Moham\.codeql\packages\codeql\javascript-queries\2.4.3\Security\CWE-754\UnvalidatedDynamicMethodCall.ql failed the constraint of query path (was Security/CWE-754/UnvalidatedDynamicMethodCall.ql).
[2026-08-14 14:45:01] [SPAMMIER] resolve queries> Query Filter: C:\Users\Moham\.codeql\packages\codeql\javascript-queries\2.4.3\Security\CWE-770\MissingRateLimiting.ql failed the constraint of query path (was Security/CWE-770/MissingRateLimiting.ql).
[2026-08-14 14:45:01] [SPAMMIER] resolve queries> Query Filter: C:\Users\Moham\.codeql\packages\codeql\javascript-queries\2.4.3\Security\CWE-770\ResourceExhaustion.ql failed the constraint of query path (was Security/CWE-770/ResourceExhaustion.ql).
[2026-08-14 14:45:01] [SPAMMIER] resolve queries> Query Filter: C:\Users\Moham\.codeql\packages\codeql\javascript-queries\2.4.3\Security\CWE-776\XmlBomb.ql failed the constraint of query path (was Security/CWE-776/XmlBomb.ql).
[2026-08-14 14:45:01] [SPAMMIER] resolve queries> Query Filter: C:\Users\Moham\.codeql\packages\codeql\javascript-queries\2.4.3\Security\CWE-829\InsecureDownload.ql failed the constraint of query path (was Security/CWE-829/InsecureDownload.ql).
[2026-08-14 14:45:01] [SPAMMIER] resolve queries> Query Filter: C:\Users\Moham\.codeql\packages\codeql\javascript-queries\2.4.3\Security\CWE-830\FunctionalityFromUntrustedDomain.ql failed the constraint of query path (was Security/CWE-830/FunctionalityFromUntrustedDomain.ql).
[2026-08-14 14:45:01] [SPAMMIER] resolve queries> Query Filter: C:\Users\Moham\.codeql\packages\codeql\javascript-queries\2.4.3\Security\CWE-830\FunctionalityFromUntrustedSource.ql failed the constraint of query path (was Security/CWE-830/FunctionalityFromUntrustedSource.ql).
[2026-08-14 14:45:01] [SPAMMIER] resolve queries> Query Filter: C:\Users\Moham\.codeql\packages\codeql\javascript-queries\2.4.3\Security\CWE-834\LoopBoundInjection.ql failed the constraint of query path (was Security/CWE-834/LoopBoundInjection.ql).
[2026-08-14 14:45:01] [SPAMMIER] resolve queries> Query Filter: C:\Users\Moham\.codeql\packages\codeql\javascript-queries\2.4.3\Security\CWE-843\TypeConfusionThroughParameterTampering.ql failed the constraint of query path (was Security/CWE-843/TypeConfusionThroughParameterTampering.ql).
[2026-08-14 14:45:01] [SPAMMIER] resolve queries> Query Filter: C:\Users\Moham\.codeql\packages\codeql\javascript-queries\2.4.3\Security\CWE-915\PrototypePollutingAssignment.ql failed the constraint of query path (was Security/CWE-915/PrototypePollutingAssignment.ql).
[2026-08-14 14:45:01] [SPAMMIER] resolve queries> Query Filter: C:\Users\Moham\.codeql\packages\codeql\javascript-queries\2.4.3\Security\CWE-915\PrototypePollutingFunction.ql failed the constraint of query path (was Security/CWE-915/PrototypePollutingFunction.ql).
[2026-08-14 14:45:01] [SPAMMIER] resolve queries> Query Filter: C:\Users\Moham\.codeql\packages\codeql\javascript-queries\2.4.3\Security\CWE-915\PrototypePollutingMergeCall.ql failed the constraint of query path (was Security/CWE-915/PrototypePollutingMergeCall.ql).
[2026-08-14 14:45:01] [SPAMMIER] resolve queries> Query Filter: C:\Users\Moham\.codeql\packages\codeql\javascript-queries\2.4.3\Security\CWE-916\InsufficientPasswordHash.ql failed the constraint of query path (was Security/CWE-916/InsufficientPasswordHash.ql).
[2026-08-14 14:45:01] [SPAMMIER] resolve queries> Query Filter: C:\Users\Moham\.codeql\packages\codeql\javascript-queries\2.4.3\Security\CWE-918\RequestForgery.ql failed the constraint of query path (was Security/CWE-918/RequestForgery.ql).
[2026-08-14 14:45:01] [SPAMMIER] resolve queries> Query Filter: C:\Users\Moham\.codeql\packages\codeql\javascript-queries\2.4.3\Security\CWE-942\CorsPermissiveConfiguration.ql failed the constraint of query path (was Security/CWE-942/CorsPermissiveConfiguration.ql).
[2026-08-14 14:45:01] [SPAMMIER] resolve queries> Query Filter: C:\Users\Moham\.codeql\packages\codeql\javascript-queries\2.4.3\Diagnostics\ExtractedFiles.ql failed the constraint of query path (was Diagnostics/ExtractedFiles.ql).
[2026-08-14 14:45:01] [SPAMMIER] resolve queries> Query Filter: C:\Users\Moham\.codeql\packages\codeql\javascript-queries\2.4.3\Diagnostics\ExtractionErrors.ql failed the constraint of query path (was Diagnostics/ExtractionErrors.ql).
[2026-08-14 14:45:01] [SPAMMIER] resolve queries> Query Filter: C:\Users\Moham\.codeql\packages\codeql\javascript-queries\2.4.3\Summary\LinesOfCode.ql failed the constraint of query path (was Summary/LinesOfCode.ql).
[2026-08-14 14:45:01] [SPAMMIER] resolve queries> Query Filter: C:\Users\Moham\.codeql\packages\codeql\javascript-queries\2.4.3\Summary\LinesOfUserCode.ql failed the constraint of query path (was Summary/LinesOfUserCode.ql).
[2026-08-14 14:45:01] [SPAMMIER] resolve queries> Resolution instruction: exclude.
[2026-08-14 14:45:01] [SPAMMY] resolve queries> Query Filter: Excluding by constraints tags contain=modeleditor|modelgenerator.
[2026-08-14 14:45:01] [SPAMMIER] resolve queries> Query Filter: C:\Users\Moham\.codeql\packages\codeql\javascript-queries\2.4.3\AngularJS\DisablingSce.ql failed 'tags contain` constraint [security, maintainability, frameworks/angularjs, external/cwe/cwe-116]
[2026-08-14 14:45:01] [SPAMMIER] resolve queries> Query Filter: C:\Users\Moham\.codeql\packages\codeql\javascript-queries\2.4.3\AngularJS\DoubleCompilation.ql failed 'tags contain` constraint [reliability, frameworks/angularjs, security, external/cwe/cwe-1176]
[2026-08-14 14:45:01] [SPAMMIER] resolve queries> Query Filter: C:\Users\Moham\.codeql\packages\codeql\javascript-queries\2.4.3\AngularJS\InsecureUrlWhitelist.ql failed 'tags contain` constraint [security, frameworks/angularjs, external/cwe/cwe-183, external/cwe/cwe-625]
[2026-08-14 14:45:01] [SPAMMIER] resolve queries> Query Filter: C:\Users\Moham\.codeql\packages\codeql\javascript-queries\2.4.3\Electron\AllowRunningInsecureContent.ql failed 'tags contain` constraint [security, frameworks/electron, external/cwe/cwe-494]
[2026-08-14 14:45:01] [SPAMMIER] resolve queries> Query Filter: C:\Users\Moham\.codeql\packages\codeql\javascript-queries\2.4.3\Electron\DisablingWebSecurity.ql failed 'tags contain` constraint [security, frameworks/electron, external/cwe/cwe-079]
[2026-08-14 14:45:01] [SPAMMIER] resolve queries> Query Filter: C:\Users\Moham\.codeql\packages\codeql\javascript-queries\2.4.3\Performance\PolynomialReDoS.ql failed 'tags contain` constraint [security, external/cwe/cwe-1333, external/cwe/cwe-730, external/cwe/cwe-400]
[2026-08-14 14:45:01] [SPAMMIER] resolve queries> Query Filter: C:\Users\Moham\.codeql\packages\codeql\javascript-queries\2.4.3\Performance\ReDoS.ql failed 'tags contain` constraint [security, external/cwe/cwe-1333, external/cwe/cwe-730, external/cwe/cwe-400]
[2026-08-14 14:45:01] [SPAMMIER] resolve queries> Query Filter: C:\Users\Moham\.codeql\packages\codeql\javascript-queries\2.4.3\RegExp\IdentityReplacement.ql failed 'tags contain` constraint [correctness, security, external/cwe/cwe-116]
[2026-08-14 14:45:01] [SPAMMIER] resolve queries> Query Filter: C:\Users\Moham\.codeql\packages\codeql\javascript-queries\2.4.3\Security\CWE-020\IncompleteHostnameRegExp.ql failed 'tags contain` constraint [correctness, security, external/cwe/cwe-020]
[2026-08-14 14:45:01] [SPAMMIER] resolve queries> Query Filter: C:\Users\Moham\.codeql\packages\codeql\javascript-queries\2.4.3\Security\CWE-020\IncompleteUrlSchemeCheck.ql failed 'tags contain` constraint [security, correctness, external/cwe/cwe-020, external/cwe/cwe-184]
[2026-08-14 14:45:01] [SPAMMIER] resolve queries> Query Filter: C:\Users\Moham\.codeql\packages\codeql\javascript-queries\2.4.3\Security\CWE-020\IncompleteUrlSubstringSanitization.ql failed 'tags contain` constraint [correctness, security, external/cwe/cwe-020]
[2026-08-14 14:45:01] [SPAMMIER] resolve queries> Query Filter: C:\Users\Moham\.codeql\packages\codeql\javascript-queries\2.4.3\Security\CWE-020\IncorrectSuffixCheck.ql failed 'tags contain` constraint [security, correctness, external/cwe/cwe-020]
[2026-08-14 14:45:01] [SPAMMIER] resolve queries> Query Filter: C:\Users\Moham\.codeql\packages\codeql\javascript-queries\2.4.3\Security\CWE-020\OverlyLargeRange.ql failed 'tags contain` constraint [correctness, security, external/cwe/cwe-020]
[2026-08-14 14:45:01] [SPAMMIER] resolve queries> Query Filter: C:\Users\Moham\.codeql\packages\codeql\javascript-queries\2.4.3\Security\CWE-020\UselessRegExpCharacterEscape.ql failed 'tags contain` constraint [correctness, security, external/cwe/cwe-020]
[2026-08-14 14:45:01] [SPAMMIER] resolve queries> Query Filter: C:\Users\Moham\.codeql\packages\codeql\javascript-queries\2.4.3\Security\CWE-022\TaintedPath.ql failed 'tags contain` constraint [security, external/cwe/cwe-022, external/cwe/cwe-023, external/cwe/cwe-036, external/cwe/cwe-073, external/cwe/cwe-099]
[2026-08-14 14:45:01] [SPAMMIER] resolve queries> Query Filter: C:\Users\Moham\.codeql\packages\codeql\javascript-queries\2.4.3\Security\CWE-022\ZipSlip.ql failed 'tags contain` constraint [security, external/cwe/cwe-022]
[2026-08-14 14:45:01] [SPAMMIER] resolve queries> Query Filter: C:\Users\Moham\.codeql\packages\codeql\javascript-queries\2.4.3\Security\CWE-073\TemplateObjectInjection.ql failed 'tags contain` constraint [security, external/cwe/cwe-073, external/cwe/cwe-094]
[2026-08-14 14:45:01] [SPAMMIER] resolve queries> Query Filter: C:\Users\Moham\.codeql\packages\codeql\javascript-queries\2.4.3\Security\CWE-078\CommandInjection.ql failed 'tags contain` constraint [correctness, security, external/cwe/cwe-078, external/cwe/cwe-088]
[2026-08-14 14:45:01] [SPAMMIER] resolve queries> Query Filter: C:\Users\Moham\.codeql\packages\codeql\javascript-queries\2.4.3\Security\CWE-078\SecondOrderCommandInjection.ql failed 'tags contain` constraint [correctness, security, external/cwe/cwe-078, external/cwe/cwe-088]
[2026-08-14 14:45:01] [SPAMMIER] resolve queries> Query Filter: C:\Users\Moham\.codeql\packages\codeql\javascript-queries\2.4.3\Security\CWE-078\ShellCommandInjectionFromEnvironment.ql failed 'tags contain` constraint [correctness, security, external/cwe/cwe-078, external/cwe/cwe-088]
[2026-08-14 14:45:01] [SPAMMIER] resolve queries> Query Filter: C:\Users\Moham\.codeql\packages\codeql\javascript-queries\2.4.3\Security\CWE-078\UnsafeShellCommandConstruction.ql failed 'tags contain` constraint [correctness, security, external/cwe/cwe-078, external/cwe/cwe-088]
[2026-08-14 14:45:01] [SPAMMIER] resolve queries> Query Filter: C:\Users\Moham\.codeql\packages\codeql\javascript-queries\2.4.3\Security\CWE-078\UselessUseOfCat.ql failed 'tags contain` constraint [correctness, security, maintainability, external/cwe/cwe-078]
[2026-08-14 14:45:01] [SPAMMIER] resolve queries> Query Filter: C:\Users\Moham\.codeql\packages\codeql\javascript-queries\2.4.3\Security\CWE-079\ExceptionXss.ql failed 'tags contain` constraint [security, external/cwe/cwe-079, external/cwe/cwe-116]
[2026-08-14 14:45:01] [SPAMMIER] resolve queries> Query Filter: C:\Users\Moham\.codeql\packages\codeql\javascript-queries\2.4.3\Security\CWE-079\ReflectedXss.ql failed 'tags contain` constraint [security, external/cwe/cwe-079, external/cwe/cwe-116]
[2026-08-14 14:45:01] [SPAMMIER] resolve queries> Query Filter: C:\Users\Moham\.codeql\packages\codeql\javascript-queries\2.4.3\Security\CWE-079\StoredXss.ql failed 'tags contain` constraint [security, external/cwe/cwe-079, external/cwe/cwe-116]
[2026-08-14 14:45:01] [SPAMMIER] resolve queries> Query Filter: C:\Users\Moham\.codeql\packages\codeql\javascript-queries\2.4.3\Security\CWE-079\UnsafeHtmlConstruction.ql failed 'tags contain` constraint [security, external/cwe/cwe-079, external/cwe/cwe-116]
[2026-08-14 14:45:01] [SPAMMIER] resolve queries> Query Filter: C:\Users\Moham\.codeql\packages\codeql\javascript-queries\2.4.3\Security\CWE-079\UnsafeJQueryPlugin.ql failed 'tags contain` constraint [security, external/cwe/cwe-079, external/cwe/cwe-116, frameworks/jquery]
[2026-08-14 14:45:01] [SPAMMIER] resolve queries> Query Filter: C:\Users\Moham\.codeql\packages\codeql\javascript-queries\2.4.3\Security\CWE-079\Xss.ql failed 'tags contain` constraint [security, external/cwe/cwe-079, external/cwe/cwe-116]
[2026-08-14 14:45:01] [SPAMMIER] resolve queries> Query Filter: C:\Users\Moham\.codeql\packages\codeql\javascript-queries\2.4.3\Security\CWE-079\XssThroughDom.ql failed 'tags contain` constraint [security, external/cwe/cwe-079, external/cwe/cwe-116]
[2026-08-14 14:45:01] [SPAMMIER] resolve queries> Query Filter: C:\Users\Moham\.codeql\packages\codeql\javascript-queries\2.4.3\Security\CWE-089\SqlInjection.ql failed 'tags contain` constraint [security, external/cwe/cwe-089, external/cwe/cwe-090, external/cwe/cwe-943]
[2026-08-14 14:45:01] [SPAMMIER] resolve queries> Query Filter: C:\Users\Moham\.codeql\packages\codeql\javascript-queries\2.4.3\Security\CWE-094\CodeInjection.ql failed 'tags contain` constraint [security, external/cwe/cwe-094, external/cwe/cwe-095, external/cwe/cwe-079, external/cwe/cwe-116]
[2026-08-14 14:45:01] [SPAMMIER] resolve queries> Query Filter: C:\Users\Moham\.codeql\packages\codeql\javascript-queries\2.4.3\Security\CWE-094\ImproperCodeSanitization.ql failed 'tags contain` constraint [security, external/cwe/cwe-094, external/cwe/cwe-079, external/cwe/cwe-116]
[2026-08-14 14:45:01] [SPAMMIER] resolve queries> Query Filter: C:\Users\Moham\.codeql\packages\codeql\javascript-queries\2.4.3\Security\CWE-094\UnsafeDynamicMethodAccess.ql failed 'tags contain` constraint [security, external/cwe/cwe-094]
[2026-08-14 14:45:01] [SPAMMIER] resolve queries> Query Filter: C:\Users\Moham\.codeql\packages\codeql\javascript-queries\2.4.3\Security\CWE-1004\ClientExposedCookie.ql failed 'tags contain` constraint [security, external/cwe/cwe-1004]
[2026-08-14 14:45:01] [SPAMMIER] resolve queries> Query Filter: C:\Users\Moham\.codeql\packages\codeql\javascript-queries\2.4.3\Security\CWE-116\BadTagFilter.ql failed 'tags contain` constraint [correctness, security, external/cwe/cwe-020, external/cwe/cwe-080, external/cwe/cwe-116, external/cwe/cwe-184, external/cwe/cwe-185, external/cwe/cwe-186]
[2026-08-14 14:45:01] [SPAMMIER] resolve queries> Query Filter: C:\Users\Moham\.codeql\packages\codeql\javascript-queries\2.4.3\Security\CWE-116\DoubleEscaping.ql failed 'tags contain` constraint [correctness, security, external/cwe/cwe-116, external/cwe/cwe-020]
[2026-08-14 14:45:01] [SPAMMIER] resolve queries> Query Filter: C:\Users\Moham\.codeql\packages\codeql\javascript-queries\2.4.3\Security\CWE-116\IncompleteHtmlAttributeSanitization.ql failed 'tags contain` constraint [security, external/cwe/cwe-079, external/cwe/cwe-116, external/cwe/cwe-020]
[2026-08-14 14:45:01] [SPAMMIER] resolve queries> Query Filter: C:\Users\Moham\.codeql\packages\codeql\javascript-queries\2.4.3\Security\CWE-116\IncompleteMultiCharacterSanitization.ql failed 'tags contain` constraint [correctness, security, external/cwe/cwe-020, external/cwe/cwe-080, external/cwe/cwe-116]
[2026-08-14 14:45:01] [SPAMMIER] resolve queries> Query Filter: C:\Users\Moham\.codeql\packages\codeql\javascript-queries\2.4.3\Security\CWE-116\IncompleteSanitization.ql failed 'tags contain` constraint [correctness, security, external/cwe/cwe-020, external/cwe/cwe-080, external/cwe/cwe-116]
[2026-08-14 14:45:01] [SPAMMIER] resolve queries> Query Filter: C:\Users\Moham\.codeql\packages\codeql\javascript-queries\2.4.3\Security\CWE-116\UnsafeHtmlExpansion.ql failed 'tags contain` constraint [correctness, security, external/cwe/cwe-079, external/cwe/cwe-116]
[2026-08-14 14:45:01] [SPAMMIER] resolve queries> Query Filter: C:\Users\Moham\.codeql\packages\codeql\javascript-queries\2.4.3\Security\CWE-134\TaintedFormatString.ql failed 'tags contain` constraint [security, external/cwe/cwe-134]
[2026-08-14 14:45:01] [SPAMMIER] resolve queries> Query Filter: C:\Users\Moham\.codeql\packages\codeql\javascript-queries\2.4.3\Security\CWE-1427\SystemPromptInjection.ql failed 'tags contain` constraint [security, external/cwe/cwe-1427]
[2026-08-14 14:45:01] [SPAMMIER] resolve queries> Query Filter: C:\Users\Moham\.codeql\packages\codeql\javascript-queries\2.4.3\Security\CWE-178\CaseSensitiveMiddlewarePath.ql failed 'tags contain` constraint [security, external/cwe/cwe-178]
[2026-08-14 14:45:01] [SPAMMIER] resolve queries> Query Filter: C:\Users\Moham\.codeql\packages\codeql\javascript-queries\2.4.3\Security\CWE-200\PrivateFileExposure.ql failed 'tags contain` constraint [security, external/cwe/cwe-200, external/cwe/cwe-219, external/cwe/cwe-548]
[2026-08-14 14:45:01] [SPAMMIER] resolve queries> Query Filter: C:\Users\Moham\.codeql\packages\codeql\javascript-queries\2.4.3\Security\CWE-201\PostMessageStar.ql failed 'tags contain` constraint [security, external/cwe/cwe-201, external/cwe/cwe-359]
[2026-08-14 14:45:01] [SPAMMIER] resolve queries> Query Filter: C:\Users\Moham\.codeql\packages\codeql\javascript-queries\2.4.3\Security\CWE-209\StackTraceExposure.ql failed 'tags contain` constraint [security, external/cwe/cwe-209, external/cwe/cwe-497]
[2026-08-14 14:45:01] [SPAMMIER] resolve queries> Query Filter: C:\Users\Moham\.codeql\packages\codeql\javascript-queries\2.4.3\Security\CWE-295\DisablingCertificateValidation.ql failed 'tags contain` constraint [security, external/cwe/cwe-295, external/cwe/cwe-297]
[2026-08-14 14:45:01] [SPAMMIER] resolve queries> Query Filter: C:\Users\Moham\.codeql\packages\codeql\javascript-queries\2.4.3\Security\CWE-300\InsecureDependencyResolution.ql failed 'tags contain` constraint [security, external/cwe/cwe-300, external/cwe/cwe-319, external/cwe/cwe-494, external/cwe/cwe-829]
[2026-08-14 14:45:01] [SPAMMIER] resolve queries> Query Filter: C:\Users\Moham\.codeql\packages\codeql\javascript-queries\2.4.3\Security\CWE-312\BuildArtifactLeak.ql failed 'tags contain` constraint [security, external/cwe/cwe-312, external/cwe/cwe-315, external/cwe/cwe-359]
[2026-08-14 14:45:01] [SPAMMIER] resolve queries> Query Filter: C:\Users\Moham\.codeql\packages\codeql\javascript-queries\2.4.3\Security\CWE-312\CleartextLogging.ql failed 'tags contain` constraint [security, external/cwe/cwe-312, external/cwe/cwe-359, external/cwe/cwe-532]
[2026-08-14 14:45:01] [SPAMMIER] resolve queries> Query Filter: C:\Users\Moham\.codeql\packages\codeql\javascript-queries\2.4.3\Security\CWE-312\CleartextStorage.ql failed 'tags contain` constraint [security, external/cwe/cwe-312, external/cwe/cwe-315, external/cwe/cwe-359]
[2026-08-14 14:45:01] [SPAMMIER] resolve queries> Query Filter: C:\Users\Moham\.codeql\packages\codeql\javascript-queries\2.4.3\Security\CWE-326\InsufficientKeySize.ql failed 'tags contain` constraint [security, external/cwe/cwe-326]
[2026-08-14 14:45:01] [SPAMMIER] resolve queries> Query Filter: C:\Users\Moham\.codeql\packages\codeql\javascript-queries\2.4.3\Security\CWE-327\BadRandomness.ql failed 'tags contain` constraint [security, external/cwe/cwe-327]
[2026-08-14 14:45:01] [SPAMMIER] resolve queries> Query Filter: C:\Users\Moham\.codeql\packages\codeql\javascript-queries\2.4.3\Security\CWE-327\BrokenCryptoAlgorithm.ql failed 'tags contain` constraint [security, external/cwe/cwe-327, external/cwe/cwe-328]
[2026-08-14 14:45:01] [SPAMMIER] resolve queries> Query Filter: C:\Users\Moham\.codeql\packages\codeql\javascript-queries\2.4.3\Security\CWE-338\InsecureRandomness.ql failed 'tags contain` constraint [security, external/cwe/cwe-338]
[2026-08-14 14:45:01] [SPAMMIER] resolve queries> Query Filter: C:\Users\Moham\.codeql\packages\codeql\javascript-queries\2.4.3\Security\CWE-346\CorsMisconfigurationForCredentials.ql failed 'tags contain` constraint [security, external/cwe/cwe-346, external/cwe/cwe-639, external/cwe/cwe-942]
[2026-08-14 14:45:01] [SPAMMIER] resolve queries> Query Filter: C:\Users\Moham\.codeql\packages\codeql\javascript-queries\2.4.3\Security\CWE-347\MissingJWTKeyVerification.ql failed 'tags contain` constraint [security, external/cwe/cwe-347]
[2026-08-14 14:45:01] [SPAMMIER] resolve queries> Query Filter: C:\Users\Moham\.codeql\packages\codeql\javascript-queries\2.4.3\Security\CWE-352\MissingCsrfMiddleware.ql failed 'tags contain` constraint [security, external/cwe/cwe-352]
[2026-08-14 14:45:01] [SPAMMIER] resolve queries> Query Filter: C:\Users\Moham\.codeql\packages\codeql\javascript-queries\2.4.3\Security\CWE-400\DeepObjectResourceExhaustion.ql failed 'tags contain` constraint [security, external/cwe/cwe-400]
[2026-08-14 14:45:01] [SPAMMIER] resolve queries> Query Filter: C:\Users\Moham\.codeql\packages\codeql\javascript-queries\2.4.3\Security\CWE-502\UnsafeDeserialization.ql failed 'tags contain` constraint [security, external/cwe/cwe-502]
[2026-08-14 14:45:01] [SPAMMIER] resolve queries> Query Filter: C:\Users\Moham\.codeql\packages\codeql\javascript-queries\2.4.3\Security\CWE-598\SensitiveGetQuery.ql failed 'tags contain` constraint [security, external/cwe/cwe-598]
[2026-08-14 14:45:01] [SPAMMIER] resolve queries> Query Filter: C:\Users\Moham\.codeql\packages\codeql\javascript-queries\2.4.3\Security\CWE-601\ClientSideUrlRedirect.ql failed 'tags contain` constraint [security, external/cwe/cwe-079, external/cwe/cwe-116, external/cwe/cwe-601]
[2026-08-14 14:45:01] [SPAMMIER] resolve queries> Query Filter: C:\Users\Moham\.codeql\packages\codeql\javascript-queries\2.4.3\Security\CWE-601\ServerSideUrlRedirect.ql failed 'tags contain` constraint [security, external/cwe/cwe-601]
[2026-08-14 14:45:01] [SPAMMIER] resolve queries> Query Filter: C:\Users\Moham\.codeql\packages\codeql\javascript-queries\2.4.3\Security\CWE-611\Xxe.ql failed 'tags contain` constraint [security, external/cwe/cwe-611, external/cwe/cwe-827]
[2026-08-14 14:45:01] [SPAMMIER] resolve queries> Query Filter: C:\Users\Moham\.codeql\packages\codeql\javascript-queries\2.4.3\Security\CWE-614\ClearTextCookie.ql failed 'tags contain` constraint [security, external/cwe/cwe-614, external/cwe/cwe-311, external/cwe/cwe-312, external/cwe/cwe-319]
[2026-08-14 14:45:01] [SPAMMIER] resolve queries> Query Filter: C:\Users\Moham\.codeql\packages\codeql\javascript-queries\2.4.3\Security\CWE-640\HostHeaderPoisoningInEmailGeneration.ql failed 'tags contain` constraint [security, external/cwe/cwe-640]
[2026-08-14 14:45:01] [SPAMMIER] resolve queries> Query Filter: C:\Users\Moham\.codeql\packages\codeql\javascript-queries\2.4.3\Security\CWE-643\XpathInjection.ql failed 'tags contain` constraint [security, external/cwe/cwe-643]
[2026-08-14 14:45:01] [SPAMMIER] resolve queries> Query Filter: C:\Users\Moham\.codeql\packages\codeql\javascript-queries\2.4.3\Security\CWE-693\InsecureHelmet.ql failed 'tags contain` constraint [security, external/cwe/cwe-693, external/cwe/cwe-1021]
[2026-08-14 14:45:01] [SPAMMIER] resolve queries> Query Filter: C:\Users\Moham\.codeql\packages\codeql\javascript-queries\2.4.3\Security\CWE-730\RegExpInjection.ql failed 'tags contain` constraint [security, external/cwe/cwe-730, external/cwe/cwe-400]
[2026-08-14 14:45:01] [SPAMMIER] resolve queries> Query Filter: C:\Users\Moham\.codeql\packages\codeql\javascript-queries\2.4.3\Security\CWE-730\ServerCrash.ql failed 'tags contain` constraint [security, external/cwe/cwe-248, external/cwe/cwe-730]
[2026-08-14 14:45:01] [SPAMMIER] resolve queries> Query Filter: C:\Users\Moham\.codeql\packages\codeql\javascript-queries\2.4.3\Security\CWE-754\UnvalidatedDynamicMethodCall.ql failed 'tags contain` constraint [security, external/cwe/cwe-754]
[2026-08-14 14:45:01] [SPAMMIER] resolve queries> Query Filter: C:\Users\Moham\.codeql\packages\codeql\javascript-queries\2.4.3\Security\CWE-770\MissingRateLimiting.ql failed 'tags contain` constraint [security, external/cwe/cwe-770, external/cwe/cwe-307, external/cwe/cwe-400]
[2026-08-14 14:45:01] [SPAMMIER] resolve queries> Query Filter: C:\Users\Moham\.codeql\packages\codeql\javascript-queries\2.4.3\Security\CWE-770\ResourceExhaustion.ql failed 'tags contain` constraint [security, external/cwe/cwe-400, external/cwe/cwe-770]
[2026-08-14 14:45:01] [SPAMMIER] resolve queries> Query Filter: C:\Users\Moham\.codeql\packages\codeql\javascript-queries\2.4.3\Security\CWE-776\XmlBomb.ql failed 'tags contain` constraint [security, external/cwe/cwe-776, external/cwe/cwe-400]
[2026-08-14 14:45:01] [SPAMMIER] resolve queries> Query Filter: C:\Users\Moham\.codeql\packages\codeql\javascript-queries\2.4.3\Security\CWE-829\InsecureDownload.ql failed 'tags contain` constraint [security, external/cwe/cwe-829]
[2026-08-14 14:45:01] [SPAMMIER] resolve queries> Query Filter: C:\Users\Moham\.codeql\packages\codeql\javascript-queries\2.4.3\Security\CWE-830\FunctionalityFromUntrustedDomain.ql failed 'tags contain` constraint [security, external/cwe/cwe-830]
[2026-08-14 14:45:01] [SPAMMIER] resolve queries> Query Filter: C:\Users\Moham\.codeql\packages\codeql\javascript-queries\2.4.3\Security\CWE-830\FunctionalityFromUntrustedSource.ql failed 'tags contain` constraint [security, external/cwe/cwe-830]
[2026-08-14 14:45:01] [SPAMMIER] resolve queries> Query Filter: C:\Users\Moham\.codeql\packages\codeql\javascript-queries\2.4.3\Security\CWE-834\LoopBoundInjection.ql failed 'tags contain` constraint [security, external/cwe/cwe-834, external/cwe/cwe-730]
[2026-08-14 14:45:01] [SPAMMIER] resolve queries> Query Filter: C:\Users\Moham\.codeql\packages\codeql\javascript-queries\2.4.3\Security\CWE-843\TypeConfusionThroughParameterTampering.ql failed 'tags contain` constraint [security, external/cwe/cwe-843]
[2026-08-14 14:45:01] [SPAMMIER] resolve queries> Query Filter: C:\Users\Moham\.codeql\packages\codeql\javascript-queries\2.4.3\Security\CWE-915\PrototypePollutingAssignment.ql failed 'tags contain` constraint [security, external/cwe/cwe-078, external/cwe/cwe-079, external/cwe/cwe-094, external/cwe/cwe-400, external/cwe/cwe-471, external/cwe/cwe-915]
[2026-08-14 14:45:01] [SPAMMIER] resolve queries> Query Filter: C:\Users\Moham\.codeql\packages\codeql\javascript-queries\2.4.3\Security\CWE-915\PrototypePollutingFunction.ql failed 'tags contain` constraint [security, external/cwe/cwe-078, external/cwe/cwe-079, external/cwe/cwe-094, external/cwe/cwe-400, external/cwe/cwe-471, external/cwe/cwe-915]
[2026-08-14 14:45:01] [SPAMMIER] resolve queries> Query Filter: C:\Users\Moham\.codeql\packages\codeql\javascript-queries\2.4.3\Security\CWE-915\PrototypePollutingMergeCall.ql failed 'tags contain` constraint [security, external/cwe/cwe-078, external/cwe/cwe-079, external/cwe/cwe-094, external/cwe/cwe-400, external/cwe/cwe-471, external/cwe/cwe-915]
[2026-08-14 14:45:01] [SPAMMIER] resolve queries> Query Filter: C:\Users\Moham\.codeql\packages\codeql\javascript-queries\2.4.3\Security\CWE-916\InsufficientPasswordHash.ql failed 'tags contain` constraint [security, external/cwe/cwe-916]
[2026-08-14 14:45:01] [SPAMMIER] resolve queries> Query Filter: C:\Users\Moham\.codeql\packages\codeql\javascript-queries\2.4.3\Security\CWE-918\RequestForgery.ql failed 'tags contain` constraint [security, external/cwe/cwe-918]
[2026-08-14 14:45:01] [SPAMMIER] resolve queries> Query Filter: C:\Users\Moham\.codeql\packages\codeql\javascript-queries\2.4.3\Security\CWE-942\CorsPermissiveConfiguration.ql failed 'tags contain` constraint [security, external/cwe/cwe-942]
[2026-08-14 14:45:01] [SPAMMIER] resolve queries> Query Filter: C:\Users\Moham\.codeql\packages\codeql\javascript-queries\2.4.3\Diagnostics\ExtractedFiles.ql failed 'tags contain` constraint [successfully-extracted-files]
[2026-08-14 14:45:01] [SPAMMIER] resolve queries> Query Filter: C:\Users\Moham\.codeql\packages\codeql\javascript-queries\2.4.3\Diagnostics\ExtractionErrors.ql failed 'tags contain` constraint []
[2026-08-14 14:45:01] [SPAMMIER] resolve queries> Query Filter: C:\Users\Moham\.codeql\packages\codeql\javascript-queries\2.4.3\Summary\LinesOfCode.ql failed 'tags contain` constraint [summary, telemetry]
[2026-08-14 14:45:01] [SPAMMIER] resolve queries> Query Filter: C:\Users\Moham\.codeql\packages\codeql\javascript-queries\2.4.3\Summary\LinesOfUserCode.ql failed 'tags contain` constraint [summary, lines-of-code, debug]
[2026-08-14 14:45:01] [SPAMMY] resolve queries> Applying nested suite file 'C:\Users\Moham\.codeql\packages\codeql\javascript-queries\2.4.3\.codeql\libraries\codeql\suite-helpers\1.0.55\code-scanning-selectors.yml'.
[2026-08-14 14:45:01] [SPAMMY] resolve queries> Query Filter: Implicitly including C:\Users\Moham\.codeql\packages\codeql\javascript-queries\2.4.3\AngularJS\DisablingSce.ql.
[2026-08-14 14:45:01] [SPAMMY] resolve queries> Query Filter: Implicitly including C:\Users\Moham\.codeql\packages\codeql\javascript-queries\2.4.3\AngularJS\DoubleCompilation.ql.
[2026-08-14 14:45:01] [SPAMMY] resolve queries> Query Filter: Implicitly including C:\Users\Moham\.codeql\packages\codeql\javascript-queries\2.4.3\AngularJS\InsecureUrlWhitelist.ql.
[2026-08-14 14:45:01] [SPAMMY] resolve queries> Query Filter: Implicitly including C:\Users\Moham\.codeql\packages\codeql\javascript-queries\2.4.3\Electron\AllowRunningInsecureContent.ql.
[2026-08-14 14:45:01] [SPAMMY] resolve queries> Query Filter: Implicitly including C:\Users\Moham\.codeql\packages\codeql\javascript-queries\2.4.3\Electron\DisablingWebSecurity.ql.
[2026-08-14 14:45:01] [SPAMMY] resolve queries> Query Filter: Implicitly including C:\Users\Moham\.codeql\packages\codeql\javascript-queries\2.4.3\Performance\PolynomialReDoS.ql.
[2026-08-14 14:45:01] [SPAMMY] resolve queries> Query Filter: Implicitly including C:\Users\Moham\.codeql\packages\codeql\javascript-queries\2.4.3\Performance\ReDoS.ql.
[2026-08-14 14:45:01] [SPAMMY] resolve queries> Query Filter: Implicitly including C:\Users\Moham\.codeql\packages\codeql\javascript-queries\2.4.3\RegExp\IdentityReplacement.ql.
[2026-08-14 14:45:01] [SPAMMY] resolve queries> Query Filter: Implicitly including C:\Users\Moham\.codeql\packages\codeql\javascript-queries\2.4.3\Security\CWE-020\IncompleteHostnameRegExp.ql.
[2026-08-14 14:45:01] [SPAMMY] resolve queries> Query Filter: Implicitly including C:\Users\Moham\.codeql\packages\codeql\javascript-queries\2.4.3\Security\CWE-020\IncompleteUrlSchemeCheck.ql.
[2026-08-14 14:45:01] [SPAMMY] resolve queries> Query Filter: Implicitly including C:\Users\Moham\.codeql\packages\codeql\javascript-queries\2.4.3\Security\CWE-020\IncompleteUrlSubstringSanitization.ql.
[2026-08-14 14:45:01] [SPAMMY] resolve queries> Query Filter: Implicitly including C:\Users\Moham\.codeql\packages\codeql\javascript-queries\2.4.3\Security\CWE-020\IncorrectSuffixCheck.ql.
[2026-08-14 14:45:01] [SPAMMY] resolve queries> Query Filter: Implicitly including C:\Users\Moham\.codeql\packages\codeql\javascript-queries\2.4.3\Security\CWE-020\OverlyLargeRange.ql.
[2026-08-14 14:45:01] [SPAMMY] resolve queries> Query Filter: Implicitly including C:\Users\Moham\.codeql\packages\codeql\javascript-queries\2.4.3\Security\CWE-020\UselessRegExpCharacterEscape.ql.
[2026-08-14 14:45:01] [SPAMMY] resolve queries> Query Filter: Implicitly including C:\Users\Moham\.codeql\packages\codeql\javascript-queries\2.4.3\Security\CWE-022\TaintedPath.ql.
[2026-08-14 14:45:01] [SPAMMY] resolve queries> Query Filter: Implicitly including C:\Users\Moham\.codeql\packages\codeql\javascript-queries\2.4.3\Security\CWE-022\ZipSlip.ql.
[2026-08-14 14:45:01] [SPAMMY] resolve queries> Query Filter: Implicitly including C:\Users\Moham\.codeql\packages\codeql\javascript-queries\2.4.3\Security\CWE-073\TemplateObjectInjection.ql.
[2026-08-14 14:45:01] [SPAMMY] resolve queries> Query Filter: Implicitly including C:\Users\Moham\.codeql\packages\codeql\javascript-queries\2.4.3\Security\CWE-078\CommandInjection.ql.
[2026-08-14 14:45:01] [SPAMMY] resolve queries> Query Filter: Implicitly including C:\Users\Moham\.codeql\packages\codeql\javascript-queries\2.4.3\Security\CWE-078\SecondOrderCommandInjection.ql.
[2026-08-14 14:45:01] [SPAMMY] resolve queries> Query Filter: Implicitly including C:\Users\Moham\.codeql\packages\codeql\javascript-queries\2.4.3\Security\CWE-078\ShellCommandInjectionFromEnvironment.ql.
[2026-08-14 14:45:01] [SPAMMY] resolve queries> Query Filter: Implicitly including C:\Users\Moham\.codeql\packages\codeql\javascript-queries\2.4.3\Security\CWE-078\UnsafeShellCommandConstruction.ql.
[2026-08-14 14:45:01] [SPAMMY] resolve queries> Query Filter: Implicitly including C:\Users\Moham\.codeql\packages\codeql\javascript-queries\2.4.3\Security\CWE-078\UselessUseOfCat.ql.
[2026-08-14 14:45:01] [SPAMMY] resolve queries> Query Filter: Implicitly including C:\Users\Moham\.codeql\packages\codeql\javascript-queries\2.4.3\Security\CWE-079\ExceptionXss.ql.
[2026-08-14 14:45:01] [SPAMMY] resolve queries> Query Filter: Implicitly including C:\Users\Moham\.codeql\packages\codeql\javascript-queries\2.4.3\Security\CWE-079\ReflectedXss.ql.
[2026-08-14 14:45:01] [SPAMMY] resolve queries> Query Filter: Implicitly including C:\Users\Moham\.codeql\packages\codeql\javascript-queries\2.4.3\Security\CWE-079\StoredXss.ql.
[2026-08-14 14:45:01] [SPAMMY] resolve queries> Query Filter: Implicitly including C:\Users\Moham\.codeql\packages\codeql\javascript-queries\2.4.3\Security\CWE-079\UnsafeHtmlConstruction.ql.
[2026-08-14 14:45:01] [SPAMMY] resolve queries> Query Filter: Implicitly including C:\Users\Moham\.codeql\packages\codeql\javascript-queries\2.4.3\Security\CWE-079\UnsafeJQueryPlugin.ql.
[2026-08-14 14:45:01] [SPAMMY] resolve queries> Query Filter: Implicitly including C:\Users\Moham\.codeql\packages\codeql\javascript-queries\2.4.3\Security\CWE-079\Xss.ql.
[2026-08-14 14:45:01] [SPAMMY] resolve queries> Query Filter: Implicitly including C:\Users\Moham\.codeql\packages\codeql\javascript-queries\2.4.3\Security\CWE-079\XssThroughDom.ql.
[2026-08-14 14:45:01] [SPAMMY] resolve queries> Query Filter: Implicitly including C:\Users\Moham\.codeql\packages\codeql\javascript-queries\2.4.3\Security\CWE-089\SqlInjection.ql.
[2026-08-14 14:45:01] [SPAMMY] resolve queries> Query Filter: Implicitly including C:\Users\Moham\.codeql\packages\codeql\javascript-queries\2.4.3\Security\CWE-094\CodeInjection.ql.
[2026-08-14 14:45:01] [SPAMMY] resolve queries> Query Filter: Implicitly including C:\Users\Moham\.codeql\packages\codeql\javascript-queries\2.4.3\Security\CWE-094\ImproperCodeSanitization.ql.
[2026-08-14 14:45:01] [SPAMMY] resolve queries> Query Filter: Implicitly including C:\Users\Moham\.codeql\packages\codeql\javascript-queries\2.4.3\Security\CWE-094\UnsafeDynamicMethodAccess.ql.
[2026-08-14 14:45:01] [SPAMMY] resolve queries> Query Filter: Implicitly including C:\Users\Moham\.codeql\packages\codeql\javascript-queries\2.4.3\Security\CWE-1004\ClientExposedCookie.ql.
[2026-08-14 14:45:01] [SPAMMY] resolve queries> Query Filter: Implicitly including C:\Users\Moham\.codeql\packages\codeql\javascript-queries\2.4.3\Security\CWE-116\BadTagFilter.ql.
[2026-08-14 14:45:01] [SPAMMY] resolve queries> Query Filter: Implicitly including C:\Users\Moham\.codeql\packages\codeql\javascript-queries\2.4.3\Security\CWE-116\DoubleEscaping.ql.
[2026-08-14 14:45:01] [SPAMMY] resolve queries> Query Filter: Implicitly including C:\Users\Moham\.codeql\packages\codeql\javascript-queries\2.4.3\Security\CWE-116\IncompleteHtmlAttributeSanitization.ql.
[2026-08-14 14:45:01] [SPAMMY] resolve queries> Query Filter: Implicitly including C:\Users\Moham\.codeql\packages\codeql\javascript-queries\2.4.3\Security\CWE-116\IncompleteMultiCharacterSanitization.ql.
[2026-08-14 14:45:01] [SPAMMY] resolve queries> Query Filter: Implicitly including C:\Users\Moham\.codeql\packages\codeql\javascript-queries\2.4.3\Security\CWE-116\IncompleteSanitization.ql.
[2026-08-14 14:45:01] [SPAMMY] resolve queries> Query Filter: Implicitly including C:\Users\Moham\.codeql\packages\codeql\javascript-queries\2.4.3\Security\CWE-116\UnsafeHtmlExpansion.ql.
[2026-08-14 14:45:01] [SPAMMY] resolve queries> Query Filter: Implicitly including C:\Users\Moham\.codeql\packages\codeql\javascript-queries\2.4.3\Security\CWE-134\TaintedFormatString.ql.
[2026-08-14 14:45:01] [SPAMMY] resolve queries> Query Filter: Implicitly including C:\Users\Moham\.codeql\packages\codeql\javascript-queries\2.4.3\Security\CWE-1427\SystemPromptInjection.ql.
[2026-08-14 14:45:01] [SPAMMY] resolve queries> Query Filter: Implicitly including C:\Users\Moham\.codeql\packages\codeql\javascript-queries\2.4.3\Security\CWE-178\CaseSensitiveMiddlewarePath.ql.
[2026-08-14 14:45:01] [SPAMMY] resolve queries> Query Filter: Implicitly including C:\Users\Moham\.codeql\packages\codeql\javascript-queries\2.4.3\Security\CWE-200\PrivateFileExposure.ql.
[2026-08-14 14:45:01] [SPAMMY] resolve queries> Query Filter: Implicitly including C:\Users\Moham\.codeql\packages\codeql\javascript-queries\2.4.3\Security\CWE-201\PostMessageStar.ql.
[2026-08-14 14:45:01] [SPAMMY] resolve queries> Query Filter: Implicitly including C:\Users\Moham\.codeql\packages\codeql\javascript-queries\2.4.3\Security\CWE-209\StackTraceExposure.ql.
[2026-08-14 14:45:01] [SPAMMY] resolve queries> Query Filter: Implicitly including C:\Users\Moham\.codeql\packages\codeql\javascript-queries\2.4.3\Security\CWE-295\DisablingCertificateValidation.ql.
[2026-08-14 14:45:01] [SPAMMY] resolve queries> Query Filter: Implicitly including C:\Users\Moham\.codeql\packages\codeql\javascript-queries\2.4.3\Security\CWE-300\InsecureDependencyResolution.ql.
[2026-08-14 14:45:01] [SPAMMY] resolve queries> Query Filter: Implicitly including C:\Users\Moham\.codeql\packages\codeql\javascript-queries\2.4.3\Security\CWE-312\BuildArtifactLeak.ql.
[2026-08-14 14:45:01] [SPAMMY] resolve queries> Query Filter: Implicitly including C:\Users\Moham\.codeql\packages\codeql\javascript-queries\2.4.3\Security\CWE-312\CleartextLogging.ql.
[2026-08-14 14:45:01] [SPAMMY] resolve queries> Query Filter: Implicitly including C:\Users\Moham\.codeql\packages\codeql\javascript-queries\2.4.3\Security\CWE-312\CleartextStorage.ql.
[2026-08-14 14:45:01] [SPAMMY] resolve queries> Query Filter: Implicitly including C:\Users\Moham\.codeql\packages\codeql\javascript-queries\2.4.3\Security\CWE-326\InsufficientKeySize.ql.
[2026-08-14 14:45:01] [SPAMMY] resolve queries> Query Filter: Implicitly including C:\Users\Moham\.codeql\packages\codeql\javascript-queries\2.4.3\Security\CWE-327\BadRandomness.ql.
[2026-08-14 14:45:01] [SPAMMY] resolve queries> Query Filter: Implicitly including C:\Users\Moham\.codeql\packages\codeql\javascript-queries\2.4.3\Security\CWE-327\BrokenCryptoAlgorithm.ql.
[2026-08-14 14:45:01] [SPAMMY] resolve queries> Query Filter: Implicitly including C:\Users\Moham\.codeql\packages\codeql\javascript-queries\2.4.3\Security\CWE-338\InsecureRandomness.ql.
[2026-08-14 14:45:01] [SPAMMY] resolve queries> Query Filter: Implicitly including C:\Users\Moham\.codeql\packages\codeql\javascript-queries\2.4.3\Security\CWE-346\CorsMisconfigurationForCredentials.ql.
[2026-08-14 14:45:01] [SPAMMY] resolve queries> Query Filter: Implicitly including C:\Users\Moham\.codeql\packages\codeql\javascript-queries\2.4.3\Security\CWE-347\MissingJWTKeyVerification.ql.
[2026-08-14 14:45:01] [SPAMMY] resolve queries> Query Filter: Implicitly including C:\Users\Moham\.codeql\packages\codeql\javascript-queries\2.4.3\Security\CWE-352\MissingCsrfMiddleware.ql.
[2026-08-14 14:45:01] [SPAMMY] resolve queries> Query Filter: Implicitly including C:\Users\Moham\.codeql\packages\codeql\javascript-queries\2.4.3\Security\CWE-400\DeepObjectResourceExhaustion.ql.
[2026-08-14 14:45:01] [SPAMMY] resolve queries> Query Filter: Implicitly including C:\Users\Moham\.codeql\packages\codeql\javascript-queries\2.4.3\Security\CWE-502\UnsafeDeserialization.ql.
[2026-08-14 14:45:01] [SPAMMY] resolve queries> Query Filter: Implicitly including C:\Users\Moham\.codeql\packages\codeql\javascript-queries\2.4.3\Security\CWE-598\SensitiveGetQuery.ql.
[2026-08-14 14:45:01] [SPAMMY] resolve queries> Query Filter: Implicitly including C:\Users\Moham\.codeql\packages\codeql\javascript-queries\2.4.3\Security\CWE-601\ClientSideUrlRedirect.ql.
[2026-08-14 14:45:01] [SPAMMY] resolve queries> Query Filter: Implicitly including C:\Users\Moham\.codeql\packages\codeql\javascript-queries\2.4.3\Security\CWE-601\ServerSideUrlRedirect.ql.
[2026-08-14 14:45:01] [SPAMMY] resolve queries> Query Filter: Implicitly including C:\Users\Moham\.codeql\packages\codeql\javascript-queries\2.4.3\Security\CWE-611\Xxe.ql.
[2026-08-14 14:45:01] [SPAMMY] resolve queries> Query Filter: Implicitly including C:\Users\Moham\.codeql\packages\codeql\javascript-queries\2.4.3\Security\CWE-614\ClearTextCookie.ql.
[2026-08-14 14:45:01] [SPAMMY] resolve queries> Query Filter: Implicitly including C:\Users\Moham\.codeql\packages\codeql\javascript-queries\2.4.3\Security\CWE-640\HostHeaderPoisoningInEmailGeneration.ql.
[2026-08-14 14:45:01] [SPAMMY] resolve queries> Query Filter: Implicitly including C:\Users\Moham\.codeql\packages\codeql\javascript-queries\2.4.3\Security\CWE-643\XpathInjection.ql.
[2026-08-14 14:45:01] [SPAMMY] resolve queries> Query Filter: Implicitly including C:\Users\Moham\.codeql\packages\codeql\javascript-queries\2.4.3\Security\CWE-693\InsecureHelmet.ql.
[2026-08-14 14:45:01] [SPAMMY] resolve queries> Query Filter: Implicitly including C:\Users\Moham\.codeql\packages\codeql\javascript-queries\2.4.3\Security\CWE-730\RegExpInjection.ql.
[2026-08-14 14:45:01] [SPAMMY] resolve queries> Query Filter: Implicitly including C:\Users\Moham\.codeql\packages\codeql\javascript-queries\2.4.3\Security\CWE-730\ServerCrash.ql.
[2026-08-14 14:45:01] [SPAMMY] resolve queries> Query Filter: Implicitly including C:\Users\Moham\.codeql\packages\codeql\javascript-queries\2.4.3\Security\CWE-754\UnvalidatedDynamicMethodCall.ql.
[2026-08-14 14:45:01] [SPAMMY] resolve queries> Query Filter: Implicitly including C:\Users\Moham\.codeql\packages\codeql\javascript-queries\2.4.3\Security\CWE-770\MissingRateLimiting.ql.
[2026-08-14 14:45:01] [SPAMMY] resolve queries> Query Filter: Implicitly including C:\Users\Moham\.codeql\packages\codeql\javascript-queries\2.4.3\Security\CWE-770\ResourceExhaustion.ql.
[2026-08-14 14:45:01] [SPAMMY] resolve queries> Query Filter: Implicitly including C:\Users\Moham\.codeql\packages\codeql\javascript-queries\2.4.3\Security\CWE-776\XmlBomb.ql.
[2026-08-14 14:45:01] [SPAMMY] resolve queries> Query Filter: Implicitly including C:\Users\Moham\.codeql\packages\codeql\javascript-queries\2.4.3\Security\CWE-829\InsecureDownload.ql.
[2026-08-14 14:45:01] [SPAMMY] resolve queries> Query Filter: Implicitly including C:\Users\Moham\.codeql\packages\codeql\javascript-queries\2.4.3\Security\CWE-830\FunctionalityFromUntrustedDomain.ql.
[2026-08-14 14:45:01] [SPAMMY] resolve queries> Query Filter: Implicitly including C:\Users\Moham\.codeql\packages\codeql\javascript-queries\2.4.3\Security\CWE-830\FunctionalityFromUntrustedSource.ql.
[2026-08-14 14:45:01] [SPAMMY] resolve queries> Query Filter: Implicitly including C:\Users\Moham\.codeql\packages\codeql\javascript-queries\2.4.3\Security\CWE-834\LoopBoundInjection.ql.
[2026-08-14 14:45:01] [SPAMMY] resolve queries> Query Filter: Implicitly including C:\Users\Moham\.codeql\packages\codeql\javascript-queries\2.4.3\Security\CWE-843\TypeConfusionThroughParameterTampering.ql.
[2026-08-14 14:45:01] [SPAMMY] resolve queries> Query Filter: Implicitly including C:\Users\Moham\.codeql\packages\codeql\javascript-queries\2.4.3\Security\CWE-915\PrototypePollutingAssignment.ql.
[2026-08-14 14:45:01] [SPAMMY] resolve queries> Query Filter: Implicitly including C:\Users\Moham\.codeql\packages\codeql\javascript-queries\2.4.3\Security\CWE-915\PrototypePollutingFunction.ql.
[2026-08-14 14:45:01] [SPAMMY] resolve queries> Query Filter: Implicitly including C:\Users\Moham\.codeql\packages\codeql\javascript-queries\2.4.3\Security\CWE-915\PrototypePollutingMergeCall.ql.
[2026-08-14 14:45:01] [SPAMMY] resolve queries> Query Filter: Implicitly including C:\Users\Moham\.codeql\packages\codeql\javascript-queries\2.4.3\Security\CWE-916\InsufficientPasswordHash.ql.
[2026-08-14 14:45:01] [SPAMMY] resolve queries> Query Filter: Implicitly including C:\Users\Moham\.codeql\packages\codeql\javascript-queries\2.4.3\Security\CWE-918\RequestForgery.ql.
[2026-08-14 14:45:01] [SPAMMY] resolve queries> Query Filter: Implicitly including C:\Users\Moham\.codeql\packages\codeql\javascript-queries\2.4.3\Security\CWE-942\CorsPermissiveConfiguration.ql.
[2026-08-14 14:45:01] [SPAMMY] resolve queries> Query Filter: Implicitly including C:\Users\Moham\.codeql\packages\codeql\javascript-queries\2.4.3\Diagnostics\ExtractedFiles.ql.
[2026-08-14 14:45:01] [SPAMMY] resolve queries> Query Filter: Implicitly including C:\Users\Moham\.codeql\packages\codeql\javascript-queries\2.4.3\Diagnostics\ExtractionErrors.ql.
[2026-08-14 14:45:01] [SPAMMY] resolve queries> Query Filter: Implicitly including C:\Users\Moham\.codeql\packages\codeql\javascript-queries\2.4.3\Summary\LinesOfCode.ql.
[2026-08-14 14:45:01] [SPAMMY] resolve queries> Query Filter: Implicitly including C:\Users\Moham\.codeql\packages\codeql\javascript-queries\2.4.3\Summary\LinesOfUserCode.ql.
[2026-08-14 14:45:01] [DETAILS] resolve queries> Got 89 queries from C:\Users\Moham\Downloads\FINALCLI.
[2026-08-14 14:45:01] Calling plumbing command: codeql resolve library-path --qlconfig-file=C:\Users\Moham\Downloads\FINALCLI\qlconfig.yml --query=C:\Users\Moham\.codeql\packages\codeql\javascript-queries\2.4.3\AngularJS\DisablingSce.ql --find-extractors --full-library-path=none --dbscheme=none --format=json
[2026-08-14 14:45:01] [DETAILS] resolve library-path> Resolving query at normalized path C:\Users\Moham\.codeql\packages\codeql\javascript-queries\2.4.3\AngularJS\DisablingSce.ql.
[2026-08-14 14:45:01] [DETAILS] resolve library-path> Found enclosing pack 'codeql/javascript-queries' at C:\Users\Moham\.codeql\packages\codeql\javascript-queries\2.4.3.
[2026-08-14 14:45:01] [DETAILS] resolve library-path> Adding compilation cache at C:\Users\Moham\.codeql\compile-cache.
[2026-08-14 14:45:01] [DETAILS] resolve library-path> Resolving library dependencies from C:\Users\Moham\.codeql\packages\codeql\javascript-queries\2.4.3\qlpack.yml.
[2026-08-14 14:45:01] [SPAMMY] resolve library-path> [INCOMPATIBILITY] codeql/javascript-queries: not 2.4.3 {root: codeql/javascript-queries@2.4.3}
[2026-08-14 14:45:01] [SPAMMY] resolve library-path> [DERIVATION] codeql/javascript-queries: 2.4.3 {codeql/javascript-queries: not 2.4.3 {root: codeql/javascript-queries@2.4.3}}
[2026-08-14 14:45:01] [SPAMMY] resolve library-path> [INCOMPATIBILITY] codeql/javascript-queries: * [*], codeql/javascript-all: not * [*] {dependency: codeql/javascript-queries@* [*] requires codeql/javascript-all@2.9.0}
[2026-08-14 14:45:01] [SPAMMY] resolve library-path> [INCOMPATIBILITY] codeql/javascript-queries: * [*], codeql/suite-helpers: not * [*] {dependency: codeql/javascript-queries@* [*] requires codeql/suite-helpers@1.0.55}
[2026-08-14 14:45:01] [SPAMMY] resolve library-path> [INCOMPATIBILITY] codeql/javascript-queries: * [*], codeql/typos: not * [*] {dependency: codeql/javascript-queries@* [*] requires codeql/typos@1.0.55}
[2026-08-14 14:45:01] [SPAMMY] resolve library-path> [INCOMPATIBILITY] codeql/javascript-queries: * [*], codeql/util: not * [*] {dependency: codeql/javascript-queries@* [*] requires codeql/util@2.0.42}
[2026-08-14 14:45:01] [SPAMMY] resolve library-path> [DECISION 1] codeql/javascript-queries: 2.4.3
[2026-08-14 14:45:01] [SPAMMY] resolve library-path> [DERIVATION] codeql/util: * [*] {codeql/javascript-queries: * [*], codeql/util: not * [*] {dependency: codeql/javascript-queries@* [*] requires codeql/util@2.0.42}}
[2026-08-14 14:45:01] [SPAMMY] resolve library-path> [DERIVATION] codeql/typos: * [*] {codeql/javascript-queries: * [*], codeql/typos: not * [*] {dependency: codeql/javascript-queries@* [*] requires codeql/typos@1.0.55}}
[2026-08-14 14:45:01] [SPAMMY] resolve library-path> [DERIVATION] codeql/suite-helpers: * [*] {codeql/javascript-queries: * [*], codeql/suite-helpers: not * [*] {dependency: codeql/javascript-queries@* [*] requires codeql/suite-helpers@1.0.55}}
[2026-08-14 14:45:01] [SPAMMY] resolve library-path> [DERIVATION] codeql/javascript-all: * [*] {codeql/javascript-queries: * [*], codeql/javascript-all: not * [*] {dependency: codeql/javascript-queries@* [*] requires codeql/javascript-all@2.9.0}}
[2026-08-14 14:45:01] [SPAMMY] resolve library-path> [INCOMPATIBILITY] codeql/javascript-all: * [*], codeql/concepts: not * [*] {dependency: codeql/javascript-all@* [*] requires codeql/concepts@0.0.29}
[2026-08-14 14:45:01] [SPAMMY] resolve library-path> [INCOMPATIBILITY] codeql/javascript-all: * [*], codeql/dataflow: not * [*] {dependency: codeql/javascript-all@* [*] requires codeql/dataflow@2.1.11}
[2026-08-14 14:45:01] [SPAMMY] resolve library-path> [INCOMPATIBILITY] codeql/javascript-all: * [*], codeql/mad: not * [*] {dependency: codeql/javascript-all@* [*] requires codeql/mad@1.0.55}
[2026-08-14 14:45:01] [SPAMMY] resolve library-path> [INCOMPATIBILITY] codeql/javascript-all: * [*], codeql/regex: not * [*] {dependency: codeql/javascript-all@* [*] requires codeql/regex@1.0.55}
[2026-08-14 14:45:01] [SPAMMY] resolve library-path> [INCOMPATIBILITY] codeql/javascript-all: * [*], codeql/ssa: not * [*] {dependency: codeql/javascript-all@* [*] requires codeql/ssa@2.0.31}
[2026-08-14 14:45:01] [SPAMMY] resolve library-path> [INCOMPATIBILITY] codeql/javascript-all: * [*], codeql/threat-models: not * [*] {dependency: codeql/javascript-all@* [*] requires codeql/threat-models@1.0.55}
[2026-08-14 14:45:01] [SPAMMY] resolve library-path> [INCOMPATIBILITY] codeql/javascript-all: * [*], codeql/tutorial: not * [*] {dependency: codeql/javascript-all@* [*] requires codeql/tutorial@1.0.55}
[2026-08-14 14:45:01] [SPAMMY] resolve library-path> [INCOMPATIBILITY] codeql/javascript-all: * [*], codeql/typetracking: not * [*] {dependency: codeql/javascript-all@* [*] requires codeql/typetracking@2.0.39}
[2026-08-14 14:45:01] [SPAMMY] resolve library-path> [INCOMPATIBILITY] codeql/javascript-all: * [*], codeql/util: not * [*] {dependency: codeql/javascript-all@* [*] requires codeql/util@2.0.42}
[2026-08-14 14:45:01] [SPAMMY] resolve library-path> [INCOMPATIBILITY] codeql/javascript-all: * [*], codeql/xml: not * [*] {dependency: codeql/javascript-all@* [*] requires codeql/xml@1.0.55}
[2026-08-14 14:45:01] [SPAMMY] resolve library-path> [INCOMPATIBILITY] codeql/javascript-all: * [*], codeql/yaml: not * [*] {dependency: codeql/javascript-all@* [*] requires codeql/yaml@1.0.55}
[2026-08-14 14:45:01] [SPAMMY] resolve library-path> [DECISION 2] codeql/javascript-all: 2.9.0
[2026-08-14 14:45:01] [SPAMMY] resolve library-path> [DERIVATION] codeql/yaml: * [*] {codeql/javascript-all: * [*], codeql/yaml: not * [*] {dependency: codeql/javascript-all@* [*] requires codeql/yaml@1.0.55}}
[2026-08-14 14:45:01] [SPAMMY] resolve library-path> [DERIVATION] codeql/xml: * [*] {codeql/javascript-all: * [*], codeql/xml: not * [*] {dependency: codeql/javascript-all@* [*] requires codeql/xml@1.0.55}}
[2026-08-14 14:45:01] [SPAMMY] resolve library-path> [DERIVATION] codeql/typetracking: * [*] {codeql/javascript-all: * [*], codeql/typetracking: not * [*] {dependency: codeql/javascript-all@* [*] requires codeql/typetracking@2.0.39}}
[2026-08-14 14:45:01] [SPAMMY] resolve library-path> [DERIVATION] codeql/tutorial: * [*] {codeql/javascript-all: * [*], codeql/tutorial: not * [*] {dependency: codeql/javascript-all@* [*] requires codeql/tutorial@1.0.55}}
[2026-08-14 14:45:01] [SPAMMY] resolve library-path> [DERIVATION] codeql/threat-models: * [*] {codeql/javascript-all: * [*], codeql/threat-models: not * [*] {dependency: codeql/javascript-all@* [*] requires codeql/threat-models@1.0.55}}
[2026-08-14 14:45:01] [SPAMMY] resolve library-path> [DERIVATION] codeql/ssa: * [*] {codeql/javascript-all: * [*], codeql/ssa: not * [*] {dependency: codeql/javascript-all@* [*] requires codeql/ssa@2.0.31}}
[2026-08-14 14:45:01] [SPAMMY] resolve library-path> [DERIVATION] codeql/regex: * [*] {codeql/javascript-all: * [*], codeql/regex: not * [*] {dependency: codeql/javascript-all@* [*] requires codeql/regex@1.0.55}}
[2026-08-14 14:45:01] [SPAMMY] resolve library-path> [DERIVATION] codeql/mad: * [*] {codeql/javascript-all: * [*], codeql/mad: not * [*] {dependency: codeql/javascript-all@* [*] requires codeql/mad@1.0.55}}
[2026-08-14 14:45:01] [SPAMMY] resolve library-path> [DERIVATION] codeql/dataflow: * [*] {codeql/javascript-all: * [*], codeql/dataflow: not * [*] {dependency: codeql/javascript-all@* [*] requires codeql/dataflow@2.1.11}}
[2026-08-14 14:45:01] [SPAMMY] resolve library-path> [DERIVATION] codeql/concepts: * [*] {codeql/javascript-all: * [*], codeql/concepts: not * [*] {dependency: codeql/javascript-all@* [*] requires codeql/concepts@0.0.29}}
[2026-08-14 14:45:01] [SPAMMY] resolve library-path> [INCOMPATIBILITY] codeql/concepts: * [*], codeql/dataflow: not * [*] {dependency: codeql/concepts@* [*] requires codeql/dataflow@2.1.11}
[2026-08-14 14:45:01] [SPAMMY] resolve library-path> [INCOMPATIBILITY] codeql/concepts: * [*], codeql/util: not * [*] {dependency: codeql/concepts@* [*] requires codeql/util@2.0.42}
[2026-08-14 14:45:01] [SPAMMY] resolve library-path> [DECISION 3] codeql/concepts: 0.0.29
[2026-08-14 14:45:01] [SPAMMY] resolve library-path> [INCOMPATIBILITY] codeql/dataflow: * [*], codeql/controlflow: not * [*] {dependency: codeql/dataflow@* [*] requires codeql/controlflow@2.0.39}
[2026-08-14 14:45:01] [SPAMMY] resolve library-path> [INCOMPATIBILITY] codeql/dataflow: * [*], codeql/ssa: not * [*] {dependency: codeql/dataflow@* [*] requires codeql/ssa@2.0.31}
[2026-08-14 14:45:01] [SPAMMY] resolve library-path> [INCOMPATIBILITY] codeql/dataflow: * [*], codeql/typetracking: not * [*] {dependency: codeql/dataflow@* [*] requires codeql/typetracking@2.0.39}
[2026-08-14 14:45:01] [SPAMMY] resolve library-path> [INCOMPATIBILITY] codeql/dataflow: * [*], codeql/util: not * [*] {dependency: codeql/dataflow@* [*] requires codeql/util@2.0.42}
[2026-08-14 14:45:01] [SPAMMY] resolve library-path> [DECISION 4] codeql/dataflow: 2.1.11
[2026-08-14 14:45:01] [SPAMMY] resolve library-path> [DERIVATION] codeql/controlflow: * [*] {codeql/dataflow: * [*], codeql/controlflow: not * [*] {dependency: codeql/dataflow@* [*] requires codeql/controlflow@2.0.39}}
[2026-08-14 14:45:01] [SPAMMY] resolve library-path> [INCOMPATIBILITY] codeql/controlflow: * [*], codeql/util: not * [*] {dependency: codeql/controlflow@* [*] requires codeql/util@2.0.42}
[2026-08-14 14:45:01] [SPAMMY] resolve library-path> [DECISION 5] codeql/controlflow: 2.0.39
[2026-08-14 14:45:01] [SPAMMY] resolve library-path> [INCOMPATIBILITY] codeql/mad: * [*], codeql/dataflow: not * [*] {dependency: codeql/mad@* [*] requires codeql/dataflow@2.1.11}
[2026-08-14 14:45:01] [SPAMMY] resolve library-path> [INCOMPATIBILITY] codeql/mad: * [*], codeql/util: not * [*] {dependency: codeql/mad@* [*] requires codeql/util@2.0.42}
[2026-08-14 14:45:01] [SPAMMY] resolve library-path> [DECISION 6] codeql/mad: 1.0.55
[2026-08-14 14:45:01] [SPAMMY] resolve library-path> [INCOMPATIBILITY] codeql/regex: * [*], codeql/util: not * [*] {dependency: codeql/regex@* [*] requires codeql/util@2.0.42}
[2026-08-14 14:45:01] [SPAMMY] resolve library-path> [DECISION 7] codeql/regex: 1.0.55
[2026-08-14 14:45:01] [SPAMMY] resolve library-path> [INCOMPATIBILITY] codeql/ssa: * [*], codeql/controlflow: not * [*] {dependency: codeql/ssa@* [*] requires codeql/controlflow@2.0.39}
[2026-08-14 14:45:01] [SPAMMY] resolve library-path> [INCOMPATIBILITY] codeql/ssa: * [*], codeql/util: not * [*] {dependency: codeql/ssa@* [*] requires codeql/util@2.0.42}
[2026-08-14 14:45:01] [SPAMMY] resolve library-path> [DECISION 8] codeql/ssa: 2.0.31
[2026-08-14 14:45:01] [SPAMMY] resolve library-path> [DECISION 9] codeql/suite-helpers: 1.0.55
[2026-08-14 14:45:01] [SPAMMY] resolve library-path> [DECISION 10] codeql/threat-models: 1.0.55
[2026-08-14 14:45:01] [SPAMMY] resolve library-path> [DECISION 11] codeql/tutorial: 1.0.55
[2026-08-14 14:45:01] [SPAMMY] resolve library-path> [INCOMPATIBILITY] codeql/typetracking: * [*], codeql/util: not * [*] {dependency: codeql/typetracking@* [*] requires codeql/util@2.0.42}
[2026-08-14 14:45:01] [SPAMMY] resolve library-path> [DECISION 12] codeql/typetracking: 2.0.39
[2026-08-14 14:45:01] [SPAMMY] resolve library-path> [DECISION 13] codeql/typos: 1.0.55
[2026-08-14 14:45:01] [SPAMMY] resolve library-path> [DECISION 14] codeql/util: 2.0.42
[2026-08-14 14:45:01] [SPAMMY] resolve library-path> [INCOMPATIBILITY] codeql/xml: * [*], codeql/util: not * [*] {dependency: codeql/xml@* [*] requires codeql/util@2.0.42}
[2026-08-14 14:45:01] [SPAMMY] resolve library-path> [DECISION 15] codeql/xml: 1.0.55
[2026-08-14 14:45:01] [SPAMMY] resolve library-path> [DECISION 16] codeql/yaml: 1.0.55
[2026-08-14 14:45:01] [DETAILS] resolve library-path> QL pack dependencies for C:\Users\Moham\.codeql\packages\codeql\javascript-queries\2.4.3 resolved OK.
[2026-08-14 14:45:01] [DETAILS] resolve library-path> Dbscheme was explicitly overridden as C:\Users\Moham\Downloads\FINALCLI\none
[2026-08-14 14:45:01] [DETAILS] resolve library-path> Library path was overridden on command line.
[2026-08-14 14:45:01] Plumbing command codeql resolve library-path completed:
                      {
                        "libraryPath" : [
                          "C:\\Users\\Moham\\Downloads\\FINALCLI\\none"
                        ],
                        "dbscheme" : "C:\\Users\\Moham\\Downloads\\FINALCLI\\none",
                        "compilationCache" : [
                          "C:\\Users\\Moham\\.codeql\\compile-cache"
                        ],
                        "relativeName" : "codeql\\javascript-queries\\AngularJS\\DisablingSce.ql",
                        "extractors" : [
                          "javascript"
                        ],
                        "qlPackName" : "codeql/javascript-queries"
                      }
[2026-08-14 14:45:01] Calling plumbing command: codeql resolve library-path --qlconfig-file=C:\Users\Moham\Downloads\FINALCLI\qlconfig.yml --query=C:\Users\Moham\.codeql\packages\codeql\javascript-queries\2.4.3\AngularJS\DoubleCompilation.ql --find-extractors --full-library-path=none --dbscheme=none --format=json
[2026-08-14 14:45:01] [DETAILS] resolve library-path> Resolving query at normalized path C:\Users\Moham\.codeql\packages\codeql\javascript-queries\2.4.3\AngularJS\DoubleCompilation.ql.
[2026-08-14 14:45:01] [DETAILS] resolve library-path> Found enclosing pack 'codeql/javascript-queries' at C:\Users\Moham\.codeql\packages\codeql\javascript-queries\2.4.3.
[2026-08-14 14:45:01] [DETAILS] resolve library-path> Adding compilation cache at C:\Users\Moham\.codeql\compile-cache.
[2026-08-14 14:45:01] [DETAILS] resolve library-path> QL pack dependencies for C:\Users\Moham\.codeql\packages\codeql\javascript-queries\2.4.3 found in cache.
[2026-08-14 14:45:01] [DETAILS] resolve library-path> Dbscheme was explicitly overridden as C:\Users\Moham\Downloads\FINALCLI\none
[2026-08-14 14:45:01] [DETAILS] resolve library-path> Library path was overridden on command line.
[2026-08-14 14:45:01] Plumbing command codeql resolve library-path completed:
                      {
                        "libraryPath" : [
                          "C:\\Users\\Moham\\Downloads\\FINALCLI\\none"
                        ],
                        "dbscheme" : "C:\\Users\\Moham\\Downloads\\FINALCLI\\none",
                        "compilationCache" : [
                          "C:\\Users\\Moham\\.codeql\\compile-cache"
                        ],
                        "relativeName" : "codeql\\javascript-queries\\AngularJS\\DoubleCompilation.ql",
                        "extractors" : [
                          "javascript"
                        ],
                        "qlPackName" : "codeql/javascript-queries"
                      }
[2026-08-14 14:45:01] Calling plumbing command: codeql resolve library-path --qlconfig-file=C:\Users\Moham\Downloads\FINALCLI\qlconfig.yml --query=C:\Users\Moham\.codeql\packages\codeql\javascript-queries\2.4.3\AngularJS\InsecureUrlWhitelist.ql --find-extractors --full-library-path=none --dbscheme=none --format=json
[2026-08-14 14:45:01] [DETAILS] resolve library-path> Resolving query at normalized path C:\Users\Moham\.codeql\packages\codeql\javascript-queries\2.4.3\AngularJS\InsecureUrlWhitelist.ql.
[2026-08-14 14:45:01] [DETAILS] resolve library-path> Found enclosing pack 'codeql/javascript-queries' at C:\Users\Moham\.codeql\packages\codeql\javascript-queries\2.4.3.
[2026-08-14 14:45:01] [DETAILS] resolve library-path> Adding compilation cache at C:\Users\Moham\.codeql\compile-cache.
[2026-08-14 14:45:01] [DETAILS] resolve library-path> QL pack dependencies for C:\Users\Moham\.codeql\packages\codeql\javascript-queries\2.4.3 found in cache.
[2026-08-14 14:45:01] [DETAILS] resolve library-path> Dbscheme was explicitly overridden as C:\Users\Moham\Downloads\FINALCLI\none
[2026-08-14 14:45:01] [DETAILS] resolve library-path> Library path was overridden on command line.
[2026-08-14 14:45:01] Plumbing command codeql resolve library-path completed:
                      {
                        "libraryPath" : [
                          "C:\\Users\\Moham\\Downloads\\FINALCLI\\none"
                        ],
                        "dbscheme" : "C:\\Users\\Moham\\Downloads\\FINALCLI\\none",
                        "compilationCache" : [
                          "C:\\Users\\Moham\\.codeql\\compile-cache"
                        ],
                        "relativeName" : "codeql\\javascript-queries\\AngularJS\\InsecureUrlWhitelist.ql",
                        "extractors" : [
                          "javascript"
                        ],
                        "qlPackName" : "codeql/javascript-queries"
                      }
[2026-08-14 14:45:01] Calling plumbing command: codeql resolve library-path --qlconfig-file=C:\Users\Moham\Downloads\FINALCLI\qlconfig.yml --query=C:\Users\Moham\.codeql\packages\codeql\javascript-queries\2.4.3\Electron\AllowRunningInsecureContent.ql --find-extractors --full-library-path=none --dbscheme=none --format=json
[2026-08-14 14:45:01] [DETAILS] resolve library-path> Resolving query at normalized path C:\Users\Moham\.codeql\packages\codeql\javascript-queries\2.4.3\Electron\AllowRunningInsecureContent.ql.
[2026-08-14 14:45:01] [DETAILS] resolve library-path> Found enclosing pack 'codeql/javascript-queries' at C:\Users\Moham\.codeql\packages\codeql\javascript-queries\2.4.3.
[2026-08-14 14:45:01] [DETAILS] resolve library-path> Adding compilation cache at C:\Users\Moham\.codeql\compile-cache.
[2026-08-14 14:45:01] [DETAILS] resolve library-path> QL pack dependencies for C:\Users\Moham\.codeql\packages\codeql\javascript-queries\2.4.3 found in cache.
[2026-08-14 14:45:01] [DETAILS] resolve library-path> Dbscheme was explicitly overridden as C:\Users\Moham\Downloads\FINALCLI\none
[2026-08-14 14:45:01] [DETAILS] resolve library-path> Library path was overridden on command line.
[2026-08-14 14:45:01] Plumbing command codeql resolve library-path completed:
                      {
                        "libraryPath" : [
                          "C:\\Users\\Moham\\Downloads\\FINALCLI\\none"
                        ],
                        "dbscheme" : "C:\\Users\\Moham\\Downloads\\FINALCLI\\none",
                        "compilationCache" : [
                          "C:\\Users\\Moham\\.codeql\\compile-cache"
                        ],
                        "relativeName" : "codeql\\javascript-queries\\Electron\\AllowRunningInsecureContent.ql",
                        "extractors" : [
                          "javascript"
                        ],
                        "qlPackName" : "codeql/javascript-queries"
                      }
[2026-08-14 14:45:01] Calling plumbing command: codeql resolve library-path --qlconfig-file=C:\Users\Moham\Downloads\FINALCLI\qlconfig.yml --query=C:\Users\Moham\.codeql\packages\codeql\javascript-queries\2.4.3\Electron\DisablingWebSecurity.ql --find-extractors --full-library-path=none --dbscheme=none --format=json
[2026-08-14 14:45:01] [DETAILS] resolve library-path> Resolving query at normalized path C:\Users\Moham\.codeql\packages\codeql\javascript-queries\2.4.3\Electron\DisablingWebSecurity.ql.
[2026-08-14 14:45:01] [DETAILS] resolve library-path> Found enclosing pack 'codeql/javascript-queries' at C:\Users\Moham\.codeql\packages\codeql\javascript-queries\2.4.3.
[2026-08-14 14:45:01] [DETAILS] resolve library-path> Adding compilation cache at C:\Users\Moham\.codeql\compile-cache.
[2026-08-14 14:45:01] [DETAILS] resolve library-path> QL pack dependencies for C:\Users\Moham\.codeql\packages\codeql\javascript-queries\2.4.3 found in cache.
[2026-08-14 14:45:01] [DETAILS] resolve library-path> Dbscheme was explicitly overridden as C:\Users\Moham\Downloads\FINALCLI\none
[2026-08-14 14:45:01] [DETAILS] resolve library-path> Library path was overridden on command line.
[2026-08-14 14:45:01] Plumbing command codeql resolve library-path completed:
                      {
                        "libraryPath" : [
                          "C:\\Users\\Moham\\Downloads\\FINALCLI\\none"
                        ],
                        "dbscheme" : "C:\\Users\\Moham\\Downloads\\FINALCLI\\none",
                        "compilationCache" : [
                          "C:\\Users\\Moham\\.codeql\\compile-cache"
                        ],
                        "relativeName" : "codeql\\javascript-queries\\Electron\\DisablingWebSecurity.ql",
                        "extractors" : [
                          "javascript"
                        ],
                        "qlPackName" : "codeql/javascript-queries"
                      }
[2026-08-14 14:45:01] Calling plumbing command: codeql resolve library-path --qlconfig-file=C:\Users\Moham\Downloads\FINALCLI\qlconfig.yml --query=C:\Users\Moham\.codeql\packages\codeql\javascript-queries\2.4.3\Performance\PolynomialReDoS.ql --find-extractors --full-library-path=none --dbscheme=none --format=json
[2026-08-14 14:45:01] [DETAILS] resolve library-path> Resolving query at normalized path C:\Users\Moham\.codeql\packages\codeql\javascript-queries\2.4.3\Performance\PolynomialReDoS.ql.
[2026-08-14 14:45:01] [DETAILS] resolve library-path> Found enclosing pack 'codeql/javascript-queries' at C:\Users\Moham\.codeql\packages\codeql\javascript-queries\2.4.3.
[2026-08-14 14:45:01] [DETAILS] resolve library-path> Adding compilation cache at C:\Users\Moham\.codeql\compile-cache.
[2026-08-14 14:45:01] [DETAILS] resolve library-path> QL pack dependencies for C:\Users\Moham\.codeql\packages\codeql\javascript-queries\2.4.3 found in cache.
[2026-08-14 14:45:01] [DETAILS] resolve library-path> Dbscheme was explicitly overridden as C:\Users\Moham\Downloads\FINALCLI\none
[2026-08-14 14:45:01] [DETAILS] resolve library-path> Library path was overridden on command line.
[2026-08-14 14:45:01] Plumbing command codeql resolve library-path completed:
                      {
                        "libraryPath" : [
                          "C:\\Users\\Moham\\Downloads\\FINALCLI\\none"
                        ],
                        "dbscheme" : "C:\\Users\\Moham\\Downloads\\FINALCLI\\none",
                        "compilationCache" : [
                          "C:\\Users\\Moham\\.codeql\\compile-cache"
                        ],
                        "relativeName" : "codeql\\javascript-queries\\Performance\\PolynomialReDoS.ql",
                        "extractors" : [
                          "javascript"
                        ],
                        "qlPackName" : "codeql/javascript-queries"
                      }
[2026-08-14 14:45:01] Calling plumbing command: codeql resolve library-path --qlconfig-file=C:\Users\Moham\Downloads\FINALCLI\qlconfig.yml --query=C:\Users\Moham\.codeql\packages\codeql\javascript-queries\2.4.3\Performance\ReDoS.ql --find-extractors --full-library-path=none --dbscheme=none --format=json
[2026-08-14 14:45:01] [DETAILS] resolve library-path> Resolving query at normalized path C:\Users\Moham\.codeql\packages\codeql\javascript-queries\2.4.3\Performance\ReDoS.ql.
[2026-08-14 14:45:01] [DETAILS] resolve library-path> Found enclosing pack 'codeql/javascript-queries' at C:\Users\Moham\.codeql\packages\codeql\javascript-queries\2.4.3.
[2026-08-14 14:45:01] [DETAILS] resolve library-path> Adding compilation cache at C:\Users\Moham\.codeql\compile-cache.
[2026-08-14 14:45:01] [DETAILS] resolve library-path> QL pack dependencies for C:\Users\Moham\.codeql\packages\codeql\javascript-queries\2.4.3 found in cache.
[2026-08-14 14:45:01] [DETAILS] resolve library-path> Dbscheme was explicitly overridden as C:\Users\Moham\Downloads\FINALCLI\none
[2026-08-14 14:45:01] [DETAILS] resolve library-path> Library path was overridden on command line.
[2026-08-14 14:45:01] Plumbing command codeql resolve library-path completed:
                      {
                        "libraryPath" : [
                          "C:\\Users\\Moham\\Downloads\\FINALCLI\\none"
                        ],
                        "dbscheme" : "C:\\Users\\Moham\\Downloads\\FINALCLI\\none",
                        "compilationCache" : [
                          "C:\\Users\\Moham\\.codeql\\compile-cache"
                        ],
                        "relativeName" : "codeql\\javascript-queries\\Performance\\ReDoS.ql",
                        "extractors" : [
                          "javascript"
                        ],
                        "qlPackName" : "codeql/javascript-queries"
                      }
[2026-08-14 14:45:01] Calling plumbing command: codeql resolve library-path --qlconfig-file=C:\Users\Moham\Downloads\FINALCLI\qlconfig.yml --query=C:\Users\Moham\.codeql\packages\codeql\javascript-queries\2.4.3\RegExp\IdentityReplacement.ql --find-extractors --full-library-path=none --dbscheme=none --format=json
[2026-08-14 14:45:01] [DETAILS] resolve library-path> Resolving query at normalized path C:\Users\Moham\.codeql\packages\codeql\javascript-queries\2.4.3\RegExp\IdentityReplacement.ql.
[2026-08-14 14:45:01] [DETAILS] resolve library-path> Found enclosing pack 'codeql/javascript-queries' at C:\Users\Moham\.codeql\packages\codeql\javascript-queries\2.4.3.
[2026-08-14 14:45:01] [DETAILS] resolve library-path> Adding compilation cache at C:\Users\Moham\.codeql\compile-cache.
[2026-08-14 14:45:01] [DETAILS] resolve library-path> QL pack dependencies for C:\Users\Moham\.codeql\packages\codeql\javascript-queries\2.4.3 found in cache.
[2026-08-14 14:45:01] [DETAILS] resolve library-path> Dbscheme was explicitly overridden as C:\Users\Moham\Downloads\FINALCLI\none
[2026-08-14 14:45:01] [DETAILS] resolve library-path> Library path was overridden on command line.
[2026-08-14 14:45:01] Plumbing command codeql resolve library-path completed:
                      {
                        "libraryPath" : [
                          "C:\\Users\\Moham\\Downloads\\FINALCLI\\none"
                        ],
                        "dbscheme" : "C:\\Users\\Moham\\Downloads\\FINALCLI\\none",
                        "compilationCache" : [
                          "C:\\Users\\Moham\\.codeql\\compile-cache"
                        ],
                        "relativeName" : "codeql\\javascript-queries\\RegExp\\IdentityReplacement.ql",
                        "extractors" : [
                          "javascript"
                        ],
                        "qlPackName" : "codeql/javascript-queries"
                      }
[2026-08-14 14:45:01] Calling plumbing command: codeql resolve library-path --qlconfig-file=C:\Users\Moham\Downloads\FINALCLI\qlconfig.yml --query=C:\Users\Moham\.codeql\packages\codeql\javascript-queries\2.4.3\Security\CWE-020\IncompleteHostnameRegExp.ql --find-extractors --full-library-path=none --dbscheme=none --format=json
[2026-08-14 14:45:01] [DETAILS] resolve library-path> Resolving query at normalized path C:\Users\Moham\.codeql\packages\codeql\javascript-queries\2.4.3\Security\CWE-020\IncompleteHostnameRegExp.ql.
[2026-08-14 14:45:01] [DETAILS] resolve library-path> Found enclosing pack 'codeql/javascript-queries' at C:\Users\Moham\.codeql\packages\codeql\javascript-queries\2.4.3.
[2026-08-14 14:45:01] [DETAILS] resolve library-path> Adding compilation cache at C:\Users\Moham\.codeql\compile-cache.
[2026-08-14 14:45:01] [DETAILS] resolve library-path> QL pack dependencies for C:\Users\Moham\.codeql\packages\codeql\javascript-queries\2.4.3 found in cache.
[2026-08-14 14:45:01] [DETAILS] resolve library-path> Dbscheme was explicitly overridden as C:\Users\Moham\Downloads\FINALCLI\none
[2026-08-14 14:45:01] [DETAILS] resolve library-path> Library path was overridden on command line.
[2026-08-14 14:45:01] Plumbing command codeql resolve library-path completed:
                      {
                        "libraryPath" : [
                          "C:\\Users\\Moham\\Downloads\\FINALCLI\\none"
                        ],
                        "dbscheme" : "C:\\Users\\Moham\\Downloads\\FINALCLI\\none",
                        "compilationCache" : [
                          "C:\\Users\\Moham\\.codeql\\compile-cache"
                        ],
                        "relativeName" : "codeql\\javascript-queries\\Security\\CWE-020\\IncompleteHostnameRegExp.ql",
                        "extractors" : [
                          "javascript"
                        ],
                        "qlPackName" : "codeql/javascript-queries"
                      }
[2026-08-14 14:45:01] Calling plumbing command: codeql resolve library-path --qlconfig-file=C:\Users\Moham\Downloads\FINALCLI\qlconfig.yml --query=C:\Users\Moham\.codeql\packages\codeql\javascript-queries\2.4.3\Security\CWE-020\IncompleteUrlSchemeCheck.ql --find-extractors --full-library-path=none --dbscheme=none --format=json
[2026-08-14 14:45:01] [DETAILS] resolve library-path> Resolving query at normalized path C:\Users\Moham\.codeql\packages\codeql\javascript-queries\2.4.3\Security\CWE-020\IncompleteUrlSchemeCheck.ql.
[2026-08-14 14:45:01] [DETAILS] resolve library-path> Found enclosing pack 'codeql/javascript-queries' at C:\Users\Moham\.codeql\packages\codeql\javascript-queries\2.4.3.
[2026-08-14 14:45:01] [DETAILS] resolve library-path> Adding compilation cache at C:\Users\Moham\.codeql\compile-cache.
[2026-08-14 14:45:01] [DETAILS] resolve library-path> QL pack dependencies for C:\Users\Moham\.codeql\packages\codeql\javascript-queries\2.4.3 found in cache.
[2026-08-14 14:45:01] [DETAILS] resolve library-path> Dbscheme was explicitly overridden as C:\Users\Moham\Downloads\FINALCLI\none
[2026-08-14 14:45:01] [DETAILS] resolve library-path> Library path was overridden on command line.
[2026-08-14 14:45:01] Plumbing command codeql resolve library-path completed:
                      {
                        "libraryPath" : [
                          "C:\\Users\\Moham\\Downloads\\FINALCLI\\none"
                        ],
                        "dbscheme" : "C:\\Users\\Moham\\Downloads\\FINALCLI\\none",
                        "compilationCache" : [
                          "C:\\Users\\Moham\\.codeql\\compile-cache"
                        ],
                        "relativeName" : "codeql\\javascript-queries\\Security\\CWE-020\\IncompleteUrlSchemeCheck.ql",
                        "extractors" : [
                          "javascript"
                        ],
                        "qlPackName" : "codeql/javascript-queries"
                      }
[2026-08-14 14:45:01] Calling plumbing command: codeql resolve library-path --qlconfig-file=C:\Users\Moham\Downloads\FINALCLI\qlconfig.yml --query=C:\Users\Moham\.codeql\packages\codeql\javascript-queries\2.4.3\Security\CWE-020\IncompleteUrlSubstringSanitization.ql --find-extractors --full-library-path=none --dbscheme=none --format=json
[2026-08-14 14:45:01] [DETAILS] resolve library-path> Resolving query at normalized path C:\Users\Moham\.codeql\packages\codeql\javascript-queries\2.4.3\Security\CWE-020\IncompleteUrlSubstringSanitization.ql.
[2026-08-14 14:45:01] [DETAILS] resolve library-path> Found enclosing pack 'codeql/javascript-queries' at C:\Users\Moham\.codeql\packages\codeql\javascript-queries\2.4.3.
[2026-08-14 14:45:01] [DETAILS] resolve library-path> Adding compilation cache at C:\Users\Moham\.codeql\compile-cache.
[2026-08-14 14:45:01] [DETAILS] resolve library-path> QL pack dependencies for C:\Users\Moham\.codeql\packages\codeql\javascript-queries\2.4.3 found in cache.
[2026-08-14 14:45:01] [DETAILS] resolve library-path> Dbscheme was explicitly overridden as C:\Users\Moham\Downloads\FINALCLI\none
[2026-08-14 14:45:01] [DETAILS] resolve library-path> Library path was overridden on command line.
[2026-08-14 14:45:01] Plumbing command codeql resolve library-path completed:
                      {
                        "libraryPath" : [
                          "C:\\Users\\Moham\\Downloads\\FINALCLI\\none"
                        ],
                        "dbscheme" : "C:\\Users\\Moham\\Downloads\\FINALCLI\\none",
                        "compilationCache" : [
                          "C:\\Users\\Moham\\.codeql\\compile-cache"
                        ],
                        "relativeName" : "codeql\\javascript-queries\\Security\\CWE-020\\IncompleteUrlSubstringSanitization.ql",
                        "extractors" : [
                          "javascript"
                        ],
                        "qlPackName" : "codeql/javascript-queries"
                      }
[2026-08-14 14:45:01] Calling plumbing command: codeql resolve library-path --qlconfig-file=C:\Users\Moham\Downloads\FINALCLI\qlconfig.yml --query=C:\Users\Moham\.codeql\packages\codeql\javascript-queries\2.4.3\Security\CWE-020\IncorrectSuffixCheck.ql --find-extractors --full-library-path=none --dbscheme=none --format=json
[2026-08-14 14:45:01] [DETAILS] resolve library-path> Resolving query at normalized path C:\Users\Moham\.codeql\packages\codeql\javascript-queries\2.4.3\Security\CWE-020\IncorrectSuffixCheck.ql.
[2026-08-14 14:45:01] [DETAILS] resolve library-path> Found enclosing pack 'codeql/javascript-queries' at C:\Users\Moham\.codeql\packages\codeql\javascript-queries\2.4.3.
[2026-08-14 14:45:01] [DETAILS] resolve library-path> Adding compilation cache at C:\Users\Moham\.codeql\compile-cache.
[2026-08-14 14:45:01] [DETAILS] resolve library-path> QL pack dependencies for C:\Users\Moham\.codeql\packages\codeql\javascript-queries\2.4.3 found in cache.
[2026-08-14 14:45:01] [DETAILS] resolve library-path> Dbscheme was explicitly overridden as C:\Users\Moham\Downloads\FINALCLI\none
[2026-08-14 14:45:01] [DETAILS] resolve library-path> Library path was overridden on command line.
[2026-08-14 14:45:01] Plumbing command codeql resolve library-path completed:
                      {
                        "libraryPath" : [
                          "C:\\Users\\Moham\\Downloads\\FINALCLI\\none"
                        ],
                        "dbscheme" : "C:\\Users\\Moham\\Downloads\\FINALCLI\\none",
                        "compilationCache" : [
                          "C:\\Users\\Moham\\.codeql\\compile-cache"
                        ],
                        "relativeName" : "codeql\\javascript-queries\\Security\\CWE-020\\IncorrectSuffixCheck.ql",
                        "extractors" : [
                          "javascript"
                        ],
                        "qlPackName" : "codeql/javascript-queries"
                      }
[2026-08-14 14:45:01] Calling plumbing command: codeql resolve library-path --qlconfig-file=C:\Users\Moham\Downloads\FINALCLI\qlconfig.yml --query=C:\Users\Moham\.codeql\packages\codeql\javascript-queries\2.4.3\Security\CWE-020\OverlyLargeRange.ql --find-extractors --full-library-path=none --dbscheme=none --format=json
[2026-08-14 14:45:01] [DETAILS] resolve library-path> Resolving query at normalized path C:\Users\Moham\.codeql\packages\codeql\javascript-queries\2.4.3\Security\CWE-020\OverlyLargeRange.ql.
[2026-08-14 14:45:01] [DETAILS] resolve library-path> Found enclosing pack 'codeql/javascript-queries' at C:\Users\Moham\.codeql\packages\codeql\javascript-queries\2.4.3.
[2026-08-14 14:45:01] [DETAILS] resolve library-path> Adding compilation cache at C:\Users\Moham\.codeql\compile-cache.
[2026-08-14 14:45:01] [DETAILS] resolve library-path> QL pack dependencies for C:\Users\Moham\.codeql\packages\codeql\javascript-queries\2.4.3 found in cache.
[2026-08-14 14:45:01] [DETAILS] resolve library-path> Dbscheme was explicitly overridden as C:\Users\Moham\Downloads\FINALCLI\none
[2026-08-14 14:45:01] [DETAILS] resolve library-path> Library path was overridden on command line.
[2026-08-14 14:45:01] Plumbing command codeql resolve library-path completed:
                      {
                        "libraryPath" : [
                          "C:\\Users\\Moham\\Downloads\\FINALCLI\\none"
                        ],
                        "dbscheme" : "C:\\Users\\Moham\\Downloads\\FINALCLI\\none",
                        "compilationCache" : [
                          "C:\\Users\\Moham\\.codeql\\compile-cache"
                        ],
                        "relativeName" : "codeql\\javascript-queries\\Security\\CWE-020\\OverlyLargeRange.ql",
                        "extractors" : [
                          "javascript"
                        ],
                        "qlPackName" : "codeql/javascript-queries"
                      }
[2026-08-14 14:45:01] Calling plumbing command: codeql resolve library-path --qlconfig-file=C:\Users\Moham\Downloads\FINALCLI\qlconfig.yml --query=C:\Users\Moham\.codeql\packages\codeql\javascript-queries\2.4.3\Security\CWE-020\UselessRegExpCharacterEscape.ql --find-extractors --full-library-path=none --dbscheme=none --format=json
[2026-08-14 14:45:01] [DETAILS] resolve library-path> Resolving query at normalized path C:\Users\Moham\.codeql\packages\codeql\javascript-queries\2.4.3\Security\CWE-020\UselessRegExpCharacterEscape.ql.
[2026-08-14 14:45:01] [DETAILS] resolve library-path> Found enclosing pack 'codeql/javascript-queries' at C:\Users\Moham\.codeql\packages\codeql\javascript-queries\2.4.3.
[2026-08-14 14:45:01] [DETAILS] resolve library-path> Adding compilation cache at C:\Users\Moham\.codeql\compile-cache.
[2026-08-14 14:45:01] [DETAILS] resolve library-path> QL pack dependencies for C:\Users\Moham\.codeql\packages\codeql\javascript-queries\2.4.3 found in cache.
[2026-08-14 14:45:01] [DETAILS] resolve library-path> Dbscheme was explicitly overridden as C:\Users\Moham\Downloads\FINALCLI\none
[2026-08-14 14:45:01] [DETAILS] resolve library-path> Library path was overridden on command line.
[2026-08-14 14:45:01] Plumbing command codeql resolve library-path completed:
                      {
                        "libraryPath" : [
                          "C:\\Users\\Moham\\Downloads\\FINALCLI\\none"
                        ],
                        "dbscheme" : "C:\\Users\\Moham\\Downloads\\FINALCLI\\none",
                        "compilationCache" : [
                          "C:\\Users\\Moham\\.codeql\\compile-cache"
                        ],
                        "relativeName" : "codeql\\javascript-queries\\Security\\CWE-020\\UselessRegExpCharacterEscape.ql",
                        "extractors" : [
                          "javascript"
                        ],
                        "qlPackName" : "codeql/javascript-queries"
                      }
[2026-08-14 14:45:01] Calling plumbing command: codeql resolve library-path --qlconfig-file=C:\Users\Moham\Downloads\FINALCLI\qlconfig.yml --query=C:\Users\Moham\.codeql\packages\codeql\javascript-queries\2.4.3\Security\CWE-022\TaintedPath.ql --find-extractors --full-library-path=none --dbscheme=none --format=json
[2026-08-14 14:45:01] [DETAILS] resolve library-path> Resolving query at normalized path C:\Users\Moham\.codeql\packages\codeql\javascript-queries\2.4.3\Security\CWE-022\TaintedPath.ql.
[2026-08-14 14:45:01] [DETAILS] resolve library-path> Found enclosing pack 'codeql/javascript-queries' at C:\Users\Moham\.codeql\packages\codeql\javascript-queries\2.4.3.
[2026-08-14 14:45:01] [DETAILS] resolve library-path> Adding compilation cache at C:\Users\Moham\.codeql\compile-cache.
[2026-08-14 14:45:01] [DETAILS] resolve library-path> QL pack dependencies for C:\Users\Moham\.codeql\packages\codeql\javascript-queries\2.4.3 found in cache.
[2026-08-14 14:45:01] [DETAILS] resolve library-path> Dbscheme was explicitly overridden as C:\Users\Moham\Downloads\FINALCLI\none
[2026-08-14 14:45:01] [DETAILS] resolve library-path> Library path was overridden on command line.
[2026-08-14 14:45:01] Plumbing command codeql resolve library-path completed:
                      {
                        "libraryPath" : [
                          "C:\\Users\\Moham\\Downloads\\FINALCLI\\none"
                        ],
                        "dbscheme" : "C:\\Users\\Moham\\Downloads\\FINALCLI\\none",
                        "compilationCache" : [
                          "C:\\Users\\Moham\\.codeql\\compile-cache"
                        ],
                        "relativeName" : "codeql\\javascript-queries\\Security\\CWE-022\\TaintedPath.ql",
                        "extractors" : [
                          "javascript"
                        ],
                        "qlPackName" : "codeql/javascript-queries"
                      }
[2026-08-14 14:45:01] Calling plumbing command: codeql resolve library-path --qlconfig-file=C:\Users\Moham\Downloads\FINALCLI\qlconfig.yml --query=C:\Users\Moham\.codeql\packages\codeql\javascript-queries\2.4.3\Security\CWE-022\ZipSlip.ql --find-extractors --full-library-path=none --dbscheme=none --format=json
[2026-08-14 14:45:01] [DETAILS] resolve library-path> Resolving query at normalized path C:\Users\Moham\.codeql\packages\codeql\javascript-queries\2.4.3\Security\CWE-022\ZipSlip.ql.
[2026-08-14 14:45:01] [DETAILS] resolve library-path> Found enclosing pack 'codeql/javascript-queries' at C:\Users\Moham\.codeql\packages\codeql\javascript-queries\2.4.3.
[2026-08-14 14:45:01] [DETAILS] resolve library-path> Adding compilation cache at C:\Users\Moham\.codeql\compile-cache.
[2026-08-14 14:45:01] [DETAILS] resolve library-path> QL pack dependencies for C:\Users\Moham\.codeql\packages\codeql\javascript-queries\2.4.3 found in cache.
[2026-08-14 14:45:01] [DETAILS] resolve library-path> Dbscheme was explicitly overridden as C:\Users\Moham\Downloads\FINALCLI\none
[2026-08-14 14:45:01] [DETAILS] resolve library-path> Library path was overridden on command line.
[2026-08-14 14:45:01] Plumbing command codeql resolve library-path completed:
                      {
                        "libraryPath" : [
                          "C:\\Users\\Moham\\Downloads\\FINALCLI\\none"
                        ],
                        "dbscheme" : "C:\\Users\\Moham\\Downloads\\FINALCLI\\none",
                        "compilationCache" : [
                          "C:\\Users\\Moham\\.codeql\\compile-cache"
                        ],
                        "relativeName" : "codeql\\javascript-queries\\Security\\CWE-022\\ZipSlip.ql",
                        "extractors" : [
                          "javascript"
                        ],
                        "qlPackName" : "codeql/javascript-queries"
                      }
[2026-08-14 14:45:01] Calling plumbing command: codeql resolve library-path --qlconfig-file=C:\Users\Moham\Downloads\FINALCLI\qlconfig.yml --query=C:\Users\Moham\.codeql\packages\codeql\javascript-queries\2.4.3\Security\CWE-073\TemplateObjectInjection.ql --find-extractors --full-library-path=none --dbscheme=none --format=json
[2026-08-14 14:45:01] [DETAILS] resolve library-path> Resolving query at normalized path C:\Users\Moham\.codeql\packages\codeql\javascript-queries\2.4.3\Security\CWE-073\TemplateObjectInjection.ql.
[2026-08-14 14:45:01] [DETAILS] resolve library-path> Found enclosing pack 'codeql/javascript-queries' at C:\Users\Moham\.codeql\packages\codeql\javascript-queries\2.4.3.
[2026-08-14 14:45:01] [DETAILS] resolve library-path> Adding compilation cache at C:\Users\Moham\.codeql\compile-cache.
[2026-08-14 14:45:01] [DETAILS] resolve library-path> QL pack dependencies for C:\Users\Moham\.codeql\packages\codeql\javascript-queries\2.4.3 found in cache.
[2026-08-14 14:45:01] [DETAILS] resolve library-path> Dbscheme was explicitly overridden as C:\Users\Moham\Downloads\FINALCLI\none
[2026-08-14 14:45:01] [DETAILS] resolve library-path> Library path was overridden on command line.
[2026-08-14 14:45:01] Plumbing command codeql resolve library-path completed:
                      {
                        "libraryPath" : [
                          "C:\\Users\\Moham\\Downloads\\FINALCLI\\none"
                        ],
                        "dbscheme" : "C:\\Users\\Moham\\Downloads\\FINALCLI\\none",
                        "compilationCache" : [
                          "C:\\Users\\Moham\\.codeql\\compile-cache"
                        ],
                        "relativeName" : "codeql\\javascript-queries\\Security\\CWE-073\\TemplateObjectInjection.ql",
                        "extractors" : [
                          "javascript"
                        ],
                        "qlPackName" : "codeql/javascript-queries"
                      }
[2026-08-14 14:45:01] Calling plumbing command: codeql resolve library-path --qlconfig-file=C:\Users\Moham\Downloads\FINALCLI\qlconfig.yml --query=C:\Users\Moham\.codeql\packages\codeql\javascript-queries\2.4.3\Security\CWE-078\CommandInjection.ql --find-extractors --full-library-path=none --dbscheme=none --format=json
[2026-08-14 14:45:01] [DETAILS] resolve library-path> Resolving query at normalized path C:\Users\Moham\.codeql\packages\codeql\javascript-queries\2.4.3\Security\CWE-078\CommandInjection.ql.
[2026-08-14 14:45:01] [DETAILS] resolve library-path> Found enclosing pack 'codeql/javascript-queries' at C:\Users\Moham\.codeql\packages\codeql\javascript-queries\2.4.3.
[2026-08-14 14:45:01] [DETAILS] resolve library-path> Adding compilation cache at C:\Users\Moham\.codeql\compile-cache.
[2026-08-14 14:45:01] [DETAILS] resolve library-path> QL pack dependencies for C:\Users\Moham\.codeql\packages\codeql\javascript-queries\2.4.3 found in cache.
[2026-08-14 14:45:01] [DETAILS] resolve library-path> Dbscheme was explicitly overridden as C:\Users\Moham\Downloads\FINALCLI\none
[2026-08-14 14:45:01] [DETAILS] resolve library-path> Library path was overridden on command line.
[2026-08-14 14:45:01] Plumbing command codeql resolve library-path completed:
                      {
                        "libraryPath" : [
                          "C:\\Users\\Moham\\Downloads\\FINALCLI\\none"
                        ],
                        "dbscheme" : "C:\\Users\\Moham\\Downloads\\FINALCLI\\none",
                        "compilationCache" : [
                          "C:\\Users\\Moham\\.codeql\\compile-cache"
                        ],
                        "relativeName" : "codeql\\javascript-queries\\Security\\CWE-078\\CommandInjection.ql",
                        "extractors" : [
                          "javascript"
                        ],
                        "qlPackName" : "codeql/javascript-queries"
                      }
[2026-08-14 14:45:02] Calling plumbing command: codeql resolve library-path --qlconfig-file=C:\Users\Moham\Downloads\FINALCLI\qlconfig.yml --query=C:\Users\Moham\.codeql\packages\codeql\javascript-queries\2.4.3\Security\CWE-078\SecondOrderCommandInjection.ql --find-extractors --full-library-path=none --dbscheme=none --format=json
[2026-08-14 14:45:02] [DETAILS] resolve library-path> Resolving query at normalized path C:\Users\Moham\.codeql\packages\codeql\javascript-queries\2.4.3\Security\CWE-078\SecondOrderCommandInjection.ql.
[2026-08-14 14:45:02] [DETAILS] resolve library-path> Found enclosing pack 'codeql/javascript-queries' at C:\Users\Moham\.codeql\packages\codeql\javascript-queries\2.4.3.
[2026-08-14 14:45:02] [DETAILS] resolve library-path> Adding compilation cache at C:\Users\Moham\.codeql\compile-cache.
[2026-08-14 14:45:02] [DETAILS] resolve library-path> QL pack dependencies for C:\Users\Moham\.codeql\packages\codeql\javascript-queries\2.4.3 found in cache.
[2026-08-14 14:45:02] [DETAILS] resolve library-path> Dbscheme was explicitly overridden as C:\Users\Moham\Downloads\FINALCLI\none
[2026-08-14 14:45:02] [DETAILS] resolve library-path> Library path was overridden on command line.
[2026-08-14 14:45:02] Plumbing command codeql resolve library-path completed:
                      {
                        "libraryPath" : [
                          "C:\\Users\\Moham\\Downloads\\FINALCLI\\none"
                        ],
                        "dbscheme" : "C:\\Users\\Moham\\Downloads\\FINALCLI\\none",
                        "compilationCache" : [
                          "C:\\Users\\Moham\\.codeql\\compile-cache"
                        ],
                        "relativeName" : "codeql\\javascript-queries\\Security\\CWE-078\\SecondOrderCommandInjection.ql",
                        "extractors" : [
                          "javascript"
                        ],
                        "qlPackName" : "codeql/javascript-queries"
                      }
[2026-08-14 14:45:02] Calling plumbing command: codeql resolve library-path --qlconfig-file=C:\Users\Moham\Downloads\FINALCLI\qlconfig.yml --query=C:\Users\Moham\.codeql\packages\codeql\javascript-queries\2.4.3\Security\CWE-078\ShellCommandInjectionFromEnvironment.ql --find-extractors --full-library-path=none --dbscheme=none --format=json
[2026-08-14 14:45:02] [DETAILS] resolve library-path> Resolving query at normalized path C:\Users\Moham\.codeql\packages\codeql\javascript-queries\2.4.3\Security\CWE-078\ShellCommandInjectionFromEnvironment.ql.
[2026-08-14 14:45:02] [DETAILS] resolve library-path> Found enclosing pack 'codeql/javascript-queries' at C:\Users\Moham\.codeql\packages\codeql\javascript-queries\2.4.3.
[2026-08-14 14:45:02] [DETAILS] resolve library-path> Adding compilation cache at C:\Users\Moham\.codeql\compile-cache.
[2026-08-14 14:45:02] [DETAILS] resolve library-path> QL pack dependencies for C:\Users\Moham\.codeql\packages\codeql\javascript-queries\2.4.3 found in cache.
[2026-08-14 14:45:02] [DETAILS] resolve library-path> Dbscheme was explicitly overridden as C:\Users\Moham\Downloads\FINALCLI\none
[2026-08-14 14:45:02] [DETAILS] resolve library-path> Library path was overridden on command line.
[2026-08-14 14:45:02] Plumbing command codeql resolve library-path completed:
                      {
                        "libraryPath" : [
                          "C:\\Users\\Moham\\Downloads\\FINALCLI\\none"
                        ],
                        "dbscheme" : "C:\\Users\\Moham\\Downloads\\FINALCLI\\none",
                        "compilationCache" : [
                          "C:\\Users\\Moham\\.codeql\\compile-cache"
                        ],
                        "relativeName" : "codeql\\javascript-queries\\Security\\CWE-078\\ShellCommandInjectionFromEnvironment.ql",
                        "extractors" : [
                          "javascript"
                        ],
                        "qlPackName" : "codeql/javascript-queries"
                      }
[2026-08-14 14:45:02] Calling plumbing command: codeql resolve library-path --qlconfig-file=C:\Users\Moham\Downloads\FINALCLI\qlconfig.yml --query=C:\Users\Moham\.codeql\packages\codeql\javascript-queries\2.4.3\Security\CWE-078\UnsafeShellCommandConstruction.ql --find-extractors --full-library-path=none --dbscheme=none --format=json
[2026-08-14 14:45:02] [DETAILS] resolve library-path> Resolving query at normalized path C:\Users\Moham\.codeql\packages\codeql\javascript-queries\2.4.3\Security\CWE-078\UnsafeShellCommandConstruction.ql.
[2026-08-14 14:45:02] [DETAILS] resolve library-path> Found enclosing pack 'codeql/javascript-queries' at C:\Users\Moham\.codeql\packages\codeql\javascript-queries\2.4.3.
[2026-08-14 14:45:02] [DETAILS] resolve library-path> Adding compilation cache at C:\Users\Moham\.codeql\compile-cache.
[2026-08-14 14:45:02] [DETAILS] resolve library-path> QL pack dependencies for C:\Users\Moham\.codeql\packages\codeql\javascript-queries\2.4.3 found in cache.
[2026-08-14 14:45:02] [DETAILS] resolve library-path> Dbscheme was explicitly overridden as C:\Users\Moham\Downloads\FINALCLI\none
[2026-08-14 14:45:02] [DETAILS] resolve library-path> Library path was overridden on command line.
[2026-08-14 14:45:02] Plumbing command codeql resolve library-path completed:
                      {
                        "libraryPath" : [
                          "C:\\Users\\Moham\\Downloads\\FINALCLI\\none"
                        ],
                        "dbscheme" : "C:\\Users\\Moham\\Downloads\\FINALCLI\\none",
                        "compilationCache" : [
                          "C:\\Users\\Moham\\.codeql\\compile-cache"
                        ],
                        "relativeName" : "codeql\\javascript-queries\\Security\\CWE-078\\UnsafeShellCommandConstruction.ql",
                        "extractors" : [
                          "javascript"
                        ],
                        "qlPackName" : "codeql/javascript-queries"
                      }
[2026-08-14 14:45:02] Calling plumbing command: codeql resolve library-path --qlconfig-file=C:\Users\Moham\Downloads\FINALCLI\qlconfig.yml --query=C:\Users\Moham\.codeql\packages\codeql\javascript-queries\2.4.3\Security\CWE-078\UselessUseOfCat.ql --find-extractors --full-library-path=none --dbscheme=none --format=json
[2026-08-14 14:45:02] [DETAILS] resolve library-path> Resolving query at normalized path C:\Users\Moham\.codeql\packages\codeql\javascript-queries\2.4.3\Security\CWE-078\UselessUseOfCat.ql.
[2026-08-14 14:45:02] [DETAILS] resolve library-path> Found enclosing pack 'codeql/javascript-queries' at C:\Users\Moham\.codeql\packages\codeql\javascript-queries\2.4.3.
[2026-08-14 14:45:02] [DETAILS] resolve library-path> Adding compilation cache at C:\Users\Moham\.codeql\compile-cache.
[2026-08-14 14:45:02] [DETAILS] resolve library-path> QL pack dependencies for C:\Users\Moham\.codeql\packages\codeql\javascript-queries\2.4.3 found in cache.
[2026-08-14 14:45:02] [DETAILS] resolve library-path> Dbscheme was explicitly overridden as C:\Users\Moham\Downloads\FINALCLI\none
[2026-08-14 14:45:02] [DETAILS] resolve library-path> Library path was overridden on command line.
[2026-08-14 14:45:02] Plumbing command codeql resolve library-path completed:
                      {
                        "libraryPath" : [
                          "C:\\Users\\Moham\\Downloads\\FINALCLI\\none"
                        ],
                        "dbscheme" : "C:\\Users\\Moham\\Downloads\\FINALCLI\\none",
                        "compilationCache" : [
                          "C:\\Users\\Moham\\.codeql\\compile-cache"
                        ],
                        "relativeName" : "codeql\\javascript-queries\\Security\\CWE-078\\UselessUseOfCat.ql",
                        "extractors" : [
                          "javascript"
                        ],
                        "qlPackName" : "codeql/javascript-queries"
                      }
[2026-08-14 14:45:02] Calling plumbing command: codeql resolve library-path --qlconfig-file=C:\Users\Moham\Downloads\FINALCLI\qlconfig.yml --query=C:\Users\Moham\.codeql\packages\codeql\javascript-queries\2.4.3\Security\CWE-079\ExceptionXss.ql --find-extractors --full-library-path=none --dbscheme=none --format=json
[2026-08-14 14:45:02] [DETAILS] resolve library-path> Resolving query at normalized path C:\Users\Moham\.codeql\packages\codeql\javascript-queries\2.4.3\Security\CWE-079\ExceptionXss.ql.
[2026-08-14 14:45:02] [DETAILS] resolve library-path> Found enclosing pack 'codeql/javascript-queries' at C:\Users\Moham\.codeql\packages\codeql\javascript-queries\2.4.3.
[2026-08-14 14:45:02] [DETAILS] resolve library-path> Adding compilation cache at C:\Users\Moham\.codeql\compile-cache.
[2026-08-14 14:45:02] [DETAILS] resolve library-path> QL pack dependencies for C:\Users\Moham\.codeql\packages\codeql\javascript-queries\2.4.3 found in cache.
[2026-08-14 14:45:02] [DETAILS] resolve library-path> Dbscheme was explicitly overridden as C:\Users\Moham\Downloads\FINALCLI\none
[2026-08-14 14:45:02] [DETAILS] resolve library-path> Library path was overridden on command line.
[2026-08-14 14:45:02] Plumbing command codeql resolve library-path completed:
                      {
                        "libraryPath" : [
                          "C:\\Users\\Moham\\Downloads\\FINALCLI\\none"
                        ],
                        "dbscheme" : "C:\\Users\\Moham\\Downloads\\FINALCLI\\none",
                        "compilationCache" : [
                          "C:\\Users\\Moham\\.codeql\\compile-cache"
                        ],
                        "relativeName" : "codeql\\javascript-queries\\Security\\CWE-079\\ExceptionXss.ql",
                        "extractors" : [
                          "javascript"
                        ],
                        "qlPackName" : "codeql/javascript-queries"
                      }
[2026-08-14 14:45:02] Calling plumbing command: codeql resolve library-path --qlconfig-file=C:\Users\Moham\Downloads\FINALCLI\qlconfig.yml --query=C:\Users\Moham\.codeql\packages\codeql\javascript-queries\2.4.3\Security\CWE-079\ReflectedXss.ql --find-extractors --full-library-path=none --dbscheme=none --format=json
[2026-08-14 14:45:02] [DETAILS] resolve library-path> Resolving query at normalized path C:\Users\Moham\.codeql\packages\codeql\javascript-queries\2.4.3\Security\CWE-079\ReflectedXss.ql.
[2026-08-14 14:45:02] [DETAILS] resolve library-path> Found enclosing pack 'codeql/javascript-queries' at C:\Users\Moham\.codeql\packages\codeql\javascript-queries\2.4.3.
[2026-08-14 14:45:02] [DETAILS] resolve library-path> Adding compilation cache at C:\Users\Moham\.codeql\compile-cache.
[2026-08-14 14:45:02] [DETAILS] resolve library-path> QL pack dependencies for C:\Users\Moham\.codeql\packages\codeql\javascript-queries\2.4.3 found in cache.
[2026-08-14 14:45:02] [DETAILS] resolve library-path> Dbscheme was explicitly overridden as C:\Users\Moham\Downloads\FINALCLI\none
[2026-08-14 14:45:02] [DETAILS] resolve library-path> Library path was overridden on command line.
[2026-08-14 14:45:02] Plumbing command codeql resolve library-path completed:
                      {
                        "libraryPath" : [
                          "C:\\Users\\Moham\\Downloads\\FINALCLI\\none"
                        ],
                        "dbscheme" : "C:\\Users\\Moham\\Downloads\\FINALCLI\\none",
                        "compilationCache" : [
                          "C:\\Users\\Moham\\.codeql\\compile-cache"
                        ],
                        "relativeName" : "codeql\\javascript-queries\\Security\\CWE-079\\ReflectedXss.ql",
                        "extractors" : [
                          "javascript"
                        ],
                        "qlPackName" : "codeql/javascript-queries"
                      }
[2026-08-14 14:45:02] Calling plumbing command: codeql resolve library-path --qlconfig-file=C:\Users\Moham\Downloads\FINALCLI\qlconfig.yml --query=C:\Users\Moham\.codeql\packages\codeql\javascript-queries\2.4.3\Security\CWE-079\StoredXss.ql --find-extractors --full-library-path=none --dbscheme=none --format=json
[2026-08-14 14:45:02] [DETAILS] resolve library-path> Resolving query at normalized path C:\Users\Moham\.codeql\packages\codeql\javascript-queries\2.4.3\Security\CWE-079\StoredXss.ql.
[2026-08-14 14:45:02] [DETAILS] resolve library-path> Found enclosing pack 'codeql/javascript-queries' at C:\Users\Moham\.codeql\packages\codeql\javascript-queries\2.4.3.
[2026-08-14 14:45:02] [DETAILS] resolve library-path> Adding compilation cache at C:\Users\Moham\.codeql\compile-cache.
[2026-08-14 14:45:02] [DETAILS] resolve library-path> QL pack dependencies for C:\Users\Moham\.codeql\packages\codeql\javascript-queries\2.4.3 found in cache.
[2026-08-14 14:45:02] [DETAILS] resolve library-path> Dbscheme was explicitly overridden as C:\Users\Moham\Downloads\FINALCLI\none
[2026-08-14 14:45:02] [DETAILS] resolve library-path> Library path was overridden on command line.
[2026-08-14 14:45:02] Plumbing command codeql resolve library-path completed:
                      {
                        "libraryPath" : [
                          "C:\\Users\\Moham\\Downloads\\FINALCLI\\none"
                        ],
                        "dbscheme" : "C:\\Users\\Moham\\Downloads\\FINALCLI\\none",
                        "compilationCache" : [
                          "C:\\Users\\Moham\\.codeql\\compile-cache"
                        ],
                        "relativeName" : "codeql\\javascript-queries\\Security\\CWE-079\\StoredXss.ql",
                        "extractors" : [
                          "javascript"
                        ],
                        "qlPackName" : "codeql/javascript-queries"
                      }
[2026-08-14 14:45:02] Calling plumbing command: codeql resolve library-path --qlconfig-file=C:\Users\Moham\Downloads\FINALCLI\qlconfig.yml --query=C:\Users\Moham\.codeql\packages\codeql\javascript-queries\2.4.3\Security\CWE-079\UnsafeHtmlConstruction.ql --find-extractors --full-library-path=none --dbscheme=none --format=json
[2026-08-14 14:45:02] [DETAILS] resolve library-path> Resolving query at normalized path C:\Users\Moham\.codeql\packages\codeql\javascript-queries\2.4.3\Security\CWE-079\UnsafeHtmlConstruction.ql.
[2026-08-14 14:45:02] [DETAILS] resolve library-path> Found enclosing pack 'codeql/javascript-queries' at C:\Users\Moham\.codeql\packages\codeql\javascript-queries\2.4.3.
[2026-08-14 14:45:02] [DETAILS] resolve library-path> Adding compilation cache at C:\Users\Moham\.codeql\compile-cache.
[2026-08-14 14:45:02] [DETAILS] resolve library-path> QL pack dependencies for C:\Users\Moham\.codeql\packages\codeql\javascript-queries\2.4.3 found in cache.
[2026-08-14 14:45:02] [DETAILS] resolve library-path> Dbscheme was explicitly overridden as C:\Users\Moham\Downloads\FINALCLI\none
[2026-08-14 14:45:02] [DETAILS] resolve library-path> Library path was overridden on command line.
[2026-08-14 14:45:02] Plumbing command codeql resolve library-path completed:
                      {
                        "libraryPath" : [
                          "C:\\Users\\Moham\\Downloads\\FINALCLI\\none"
                        ],
                        "dbscheme" : "C:\\Users\\Moham\\Downloads\\FINALCLI\\none",
                        "compilationCache" : [
                          "C:\\Users\\Moham\\.codeql\\compile-cache"
                        ],
                        "relativeName" : "codeql\\javascript-queries\\Security\\CWE-079\\UnsafeHtmlConstruction.ql",
                        "extractors" : [
                          "javascript"
                        ],
                        "qlPackName" : "codeql/javascript-queries"
                      }
[2026-08-14 14:45:02] Calling plumbing command: codeql resolve library-path --qlconfig-file=C:\Users\Moham\Downloads\FINALCLI\qlconfig.yml --query=C:\Users\Moham\.codeql\packages\codeql\javascript-queries\2.4.3\Security\CWE-079\UnsafeJQueryPlugin.ql --find-extractors --full-library-path=none --dbscheme=none --format=json
[2026-08-14 14:45:02] [DETAILS] resolve library-path> Resolving query at normalized path C:\Users\Moham\.codeql\packages\codeql\javascript-queries\2.4.3\Security\CWE-079\UnsafeJQueryPlugin.ql.
[2026-08-14 14:45:02] [DETAILS] resolve library-path> Found enclosing pack 'codeql/javascript-queries' at C:\Users\Moham\.codeql\packages\codeql\javascript-queries\2.4.3.
[2026-08-14 14:45:02] [DETAILS] resolve library-path> Adding compilation cache at C:\Users\Moham\.codeql\compile-cache.
[2026-08-14 14:45:02] [DETAILS] resolve library-path> QL pack dependencies for C:\Users\Moham\.codeql\packages\codeql\javascript-queries\2.4.3 found in cache.
[2026-08-14 14:45:02] [DETAILS] resolve library-path> Dbscheme was explicitly overridden as C:\Users\Moham\Downloads\FINALCLI\none
[2026-08-14 14:45:02] [DETAILS] resolve library-path> Library path was overridden on command line.
[2026-08-14 14:45:02] Plumbing command codeql resolve library-path completed:
                      {
                        "libraryPath" : [
                          "C:\\Users\\Moham\\Downloads\\FINALCLI\\none"
                        ],
                        "dbscheme" : "C:\\Users\\Moham\\Downloads\\FINALCLI\\none",
                        "compilationCache" : [
                          "C:\\Users\\Moham\\.codeql\\compile-cache"
                        ],
                        "relativeName" : "codeql\\javascript-queries\\Security\\CWE-079\\UnsafeJQueryPlugin.ql",
                        "extractors" : [
                          "javascript"
                        ],
                        "qlPackName" : "codeql/javascript-queries"
                      }
[2026-08-14 14:45:02] Calling plumbing command: codeql resolve library-path --qlconfig-file=C:\Users\Moham\Downloads\FINALCLI\qlconfig.yml --query=C:\Users\Moham\.codeql\packages\codeql\javascript-queries\2.4.3\Security\CWE-079\Xss.ql --find-extractors --full-library-path=none --dbscheme=none --format=json
[2026-08-14 14:45:02] [DETAILS] resolve library-path> Resolving query at normalized path C:\Users\Moham\.codeql\packages\codeql\javascript-queries\2.4.3\Security\CWE-079\Xss.ql.
[2026-08-14 14:45:02] [DETAILS] resolve library-path> Found enclosing pack 'codeql/javascript-queries' at C:\Users\Moham\.codeql\packages\codeql\javascript-queries\2.4.3.
[2026-08-14 14:45:02] [DETAILS] resolve library-path> Adding compilation cache at C:\Users\Moham\.codeql\compile-cache.
[2026-08-14 14:45:02] [DETAILS] resolve library-path> QL pack dependencies for C:\Users\Moham\.codeql\packages\codeql\javascript-queries\2.4.3 found in cache.
[2026-08-14 14:45:02] [DETAILS] resolve library-path> Dbscheme was explicitly overridden as C:\Users\Moham\Downloads\FINALCLI\none
[2026-08-14 14:45:02] [DETAILS] resolve library-path> Library path was overridden on command line.
[2026-08-14 14:45:02] Plumbing command codeql resolve library-path completed:
                      {
                        "libraryPath" : [
                          "C:\\Users\\Moham\\Downloads\\FINALCLI\\none"
                        ],
                        "dbscheme" : "C:\\Users\\Moham\\Downloads\\FINALCLI\\none",
                        "compilationCache" : [
                          "C:\\Users\\Moham\\.codeql\\compile-cache"
                        ],
                        "relativeName" : "codeql\\javascript-queries\\Security\\CWE-079\\Xss.ql",
                        "extractors" : [
                          "javascript"
                        ],
                        "qlPackName" : "codeql/javascript-queries"
                      }
[2026-08-14 14:45:02] Calling plumbing command: codeql resolve library-path --qlconfig-file=C:\Users\Moham\Downloads\FINALCLI\qlconfig.yml --query=C:\Users\Moham\.codeql\packages\codeql\javascript-queries\2.4.3\Security\CWE-079\XssThroughDom.ql --find-extractors --full-library-path=none --dbscheme=none --format=json
[2026-08-14 14:45:02] [DETAILS] resolve library-path> Resolving query at normalized path C:\Users\Moham\.codeql\packages\codeql\javascript-queries\2.4.3\Security\CWE-079\XssThroughDom.ql.
[2026-08-14 14:45:02] [DETAILS] resolve library-path> Found enclosing pack 'codeql/javascript-queries' at C:\Users\Moham\.codeql\packages\codeql\javascript-queries\2.4.3.
[2026-08-14 14:45:02] [DETAILS] resolve library-path> Adding compilation cache at C:\Users\Moham\.codeql\compile-cache.
[2026-08-14 14:45:02] [DETAILS] resolve library-path> QL pack dependencies for C:\Users\Moham\.codeql\packages\codeql\javascript-queries\2.4.3 found in cache.
[2026-08-14 14:45:02] [DETAILS] resolve library-path> Dbscheme was explicitly overridden as C:\Users\Moham\Downloads\FINALCLI\none
[2026-08-14 14:45:02] [DETAILS] resolve library-path> Library path was overridden on command line.
[2026-08-14 14:45:02] Plumbing command codeql resolve library-path completed:
                      {
                        "libraryPath" : [
                          "C:\\Users\\Moham\\Downloads\\FINALCLI\\none"
                        ],
                        "dbscheme" : "C:\\Users\\Moham\\Downloads\\FINALCLI\\none",
                        "compilationCache" : [
                          "C:\\Users\\Moham\\.codeql\\compile-cache"
                        ],
                        "relativeName" : "codeql\\javascript-queries\\Security\\CWE-079\\XssThroughDom.ql",
                        "extractors" : [
                          "javascript"
                        ],
                        "qlPackName" : "codeql/javascript-queries"
                      }
[2026-08-14 14:45:02] Calling plumbing command: codeql resolve library-path --qlconfig-file=C:\Users\Moham\Downloads\FINALCLI\qlconfig.yml --query=C:\Users\Moham\.codeql\packages\codeql\javascript-queries\2.4.3\Security\CWE-089\SqlInjection.ql --find-extractors --full-library-path=none --dbscheme=none --format=json
[2026-08-14 14:45:02] [DETAILS] resolve library-path> Resolving query at normalized path C:\Users\Moham\.codeql\packages\codeql\javascript-queries\2.4.3\Security\CWE-089\SqlInjection.ql.
[2026-08-14 14:45:02] [DETAILS] resolve library-path> Found enclosing pack 'codeql/javascript-queries' at C:\Users\Moham\.codeql\packages\codeql\javascript-queries\2.4.3.
[2026-08-14 14:45:02] [DETAILS] resolve library-path> Adding compilation cache at C:\Users\Moham\.codeql\compile-cache.
[2026-08-14 14:45:02] [DETAILS] resolve library-path> QL pack dependencies for C:\Users\Moham\.codeql\packages\codeql\javascript-queries\2.4.3 found in cache.
[2026-08-14 14:45:02] [DETAILS] resolve library-path> Dbscheme was explicitly overridden as C:\Users\Moham\Downloads\FINALCLI\none
[2026-08-14 14:45:02] [DETAILS] resolve library-path> Library path was overridden on command line.
[2026-08-14 14:45:02] Plumbing command codeql resolve library-path completed:
                      {
                        "libraryPath" : [
                          "C:\\Users\\Moham\\Downloads\\FINALCLI\\none"
                        ],
                        "dbscheme" : "C:\\Users\\Moham\\Downloads\\FINALCLI\\none",
                        "compilationCache" : [
                          "C:\\Users\\Moham\\.codeql\\compile-cache"
                        ],
                        "relativeName" : "codeql\\javascript-queries\\Security\\CWE-089\\SqlInjection.ql",
                        "extractors" : [
                          "javascript"
                        ],
                        "qlPackName" : "codeql/javascript-queries"
                      }
[2026-08-14 14:45:02] Calling plumbing command: codeql resolve library-path --qlconfig-file=C:\Users\Moham\Downloads\FINALCLI\qlconfig.yml --query=C:\Users\Moham\.codeql\packages\codeql\javascript-queries\2.4.3\Security\CWE-094\CodeInjection.ql --find-extractors --full-library-path=none --dbscheme=none --format=json
[2026-08-14 14:45:02] [DETAILS] resolve library-path> Resolving query at normalized path C:\Users\Moham\.codeql\packages\codeql\javascript-queries\2.4.3\Security\CWE-094\CodeInjection.ql.
[2026-08-14 14:45:02] [DETAILS] resolve library-path> Found enclosing pack 'codeql/javascript-queries' at C:\Users\Moham\.codeql\packages\codeql\javascript-queries\2.4.3.
[2026-08-14 14:45:02] [DETAILS] resolve library-path> Adding compilation cache at C:\Users\Moham\.codeql\compile-cache.
[2026-08-14 14:45:02] [DETAILS] resolve library-path> QL pack dependencies for C:\Users\Moham\.codeql\packages\codeql\javascript-queries\2.4.3 found in cache.
[2026-08-14 14:45:02] [DETAILS] resolve library-path> Dbscheme was explicitly overridden as C:\Users\Moham\Downloads\FINALCLI\none
[2026-08-14 14:45:02] [DETAILS] resolve library-path> Library path was overridden on command line.
[2026-08-14 14:45:02] Plumbing command codeql resolve library-path completed:
                      {
                        "libraryPath" : [
                          "C:\\Users\\Moham\\Downloads\\FINALCLI\\none"
                        ],
                        "dbscheme" : "C:\\Users\\Moham\\Downloads\\FINALCLI\\none",
                        "compilationCache" : [
                          "C:\\Users\\Moham\\.codeql\\compile-cache"
                        ],
                        "relativeName" : "codeql\\javascript-queries\\Security\\CWE-094\\CodeInjection.ql",
                        "extractors" : [
                          "javascript"
                        ],
                        "qlPackName" : "codeql/javascript-queries"
                      }
[2026-08-14 14:45:02] Calling plumbing command: codeql resolve library-path --qlconfig-file=C:\Users\Moham\Downloads\FINALCLI\qlconfig.yml --query=C:\Users\Moham\.codeql\packages\codeql\javascript-queries\2.4.3\Security\CWE-094\ImproperCodeSanitization.ql --find-extractors --full-library-path=none --dbscheme=none --format=json
[2026-08-14 14:45:02] [DETAILS] resolve library-path> Resolving query at normalized path C:\Users\Moham\.codeql\packages\codeql\javascript-queries\2.4.3\Security\CWE-094\ImproperCodeSanitization.ql.
[2026-08-14 14:45:02] [DETAILS] resolve library-path> Found enclosing pack 'codeql/javascript-queries' at C:\Users\Moham\.codeql\packages\codeql\javascript-queries\2.4.3.
[2026-08-14 14:45:02] [DETAILS] resolve library-path> Adding compilation cache at C:\Users\Moham\.codeql\compile-cache.
[2026-08-14 14:45:02] [DETAILS] resolve library-path> QL pack dependencies for C:\Users\Moham\.codeql\packages\codeql\javascript-queries\2.4.3 found in cache.
[2026-08-14 14:45:02] [DETAILS] resolve library-path> Dbscheme was explicitly overridden as C:\Users\Moham\Downloads\FINALCLI\none
[2026-08-14 14:45:02] [DETAILS] resolve library-path> Library path was overridden on command line.
[2026-08-14 14:45:02] Plumbing command codeql resolve library-path completed:
                      {
                        "libraryPath" : [
                          "C:\\Users\\Moham\\Downloads\\FINALCLI\\none"
                        ],
                        "dbscheme" : "C:\\Users\\Moham\\Downloads\\FINALCLI\\none",
                        "compilationCache" : [
                          "C:\\Users\\Moham\\.codeql\\compile-cache"
                        ],
                        "relativeName" : "codeql\\javascript-queries\\Security\\CWE-094\\ImproperCodeSanitization.ql",
                        "extractors" : [
                          "javascript"
                        ],
                        "qlPackName" : "codeql/javascript-queries"
                      }
[2026-08-14 14:45:02] Calling plumbing command: codeql resolve library-path --qlconfig-file=C:\Users\Moham\Downloads\FINALCLI\qlconfig.yml --query=C:\Users\Moham\.codeql\packages\codeql\javascript-queries\2.4.3\Security\CWE-094\UnsafeDynamicMethodAccess.ql --find-extractors --full-library-path=none --dbscheme=none --format=json
[2026-08-14 14:45:02] [DETAILS] resolve library-path> Resolving query at normalized path C:\Users\Moham\.codeql\packages\codeql\javascript-queries\2.4.3\Security\CWE-094\UnsafeDynamicMethodAccess.ql.
[2026-08-14 14:45:02] [DETAILS] resolve library-path> Found enclosing pack 'codeql/javascript-queries' at C:\Users\Moham\.codeql\packages\codeql\javascript-queries\2.4.3.
[2026-08-14 14:45:02] [DETAILS] resolve library-path> Adding compilation cache at C:\Users\Moham\.codeql\compile-cache.
[2026-08-14 14:45:02] [DETAILS] resolve library-path> QL pack dependencies for C:\Users\Moham\.codeql\packages\codeql\javascript-queries\2.4.3 found in cache.
[2026-08-14 14:45:02] [DETAILS] resolve library-path> Dbscheme was explicitly overridden as C:\Users\Moham\Downloads\FINALCLI\none
[2026-08-14 14:45:02] [DETAILS] resolve library-path> Library path was overridden on command line.
[2026-08-14 14:45:02] Plumbing command codeql resolve library-path completed:
                      {
                        "libraryPath" : [
                          "C:\\Users\\Moham\\Downloads\\FINALCLI\\none"
                        ],
                        "dbscheme" : "C:\\Users\\Moham\\Downloads\\FINALCLI\\none",
                        "compilationCache" : [
                          "C:\\Users\\Moham\\.codeql\\compile-cache"
                        ],
                        "relativeName" : "codeql\\javascript-queries\\Security\\CWE-094\\UnsafeDynamicMethodAccess.ql",
                        "extractors" : [
                          "javascript"
                        ],
                        "qlPackName" : "codeql/javascript-queries"
                      }
[2026-08-14 14:45:02] Calling plumbing command: codeql resolve library-path --qlconfig-file=C:\Users\Moham\Downloads\FINALCLI\qlconfig.yml --query=C:\Users\Moham\.codeql\packages\codeql\javascript-queries\2.4.3\Security\CWE-1004\ClientExposedCookie.ql --find-extractors --full-library-path=none --dbscheme=none --format=json
[2026-08-14 14:45:02] [DETAILS] resolve library-path> Resolving query at normalized path C:\Users\Moham\.codeql\packages\codeql\javascript-queries\2.4.3\Security\CWE-1004\ClientExposedCookie.ql.
[2026-08-14 14:45:02] [DETAILS] resolve library-path> Found enclosing pack 'codeql/javascript-queries' at C:\Users\Moham\.codeql\packages\codeql\javascript-queries\2.4.3.
[2026-08-14 14:45:02] [DETAILS] resolve library-path> Adding compilation cache at C:\Users\Moham\.codeql\compile-cache.
[2026-08-14 14:45:02] [DETAILS] resolve library-path> QL pack dependencies for C:\Users\Moham\.codeql\packages\codeql\javascript-queries\2.4.3 found in cache.
[2026-08-14 14:45:02] [DETAILS] resolve library-path> Dbscheme was explicitly overridden as C:\Users\Moham\Downloads\FINALCLI\none
[2026-08-14 14:45:02] [DETAILS] resolve library-path> Library path was overridden on command line.
[2026-08-14 14:45:02] Plumbing command codeql resolve library-path completed:
                      {
                        "libraryPath" : [
                          "C:\\Users\\Moham\\Downloads\\FINALCLI\\none"
                        ],
                        "dbscheme" : "C:\\Users\\Moham\\Downloads\\FINALCLI\\none",
                        "compilationCache" : [
                          "C:\\Users\\Moham\\.codeql\\compile-cache"
                        ],
                        "relativeName" : "codeql\\javascript-queries\\Security\\CWE-1004\\ClientExposedCookie.ql",
                        "extractors" : [
                          "javascript"
                        ],
                        "qlPackName" : "codeql/javascript-queries"
                      }
[2026-08-14 14:45:02] Calling plumbing command: codeql resolve library-path --qlconfig-file=C:\Users\Moham\Downloads\FINALCLI\qlconfig.yml --query=C:\Users\Moham\.codeql\packages\codeql\javascript-queries\2.4.3\Security\CWE-116\BadTagFilter.ql --find-extractors --full-library-path=none --dbscheme=none --format=json
[2026-08-14 14:45:02] [DETAILS] resolve library-path> Resolving query at normalized path C:\Users\Moham\.codeql\packages\codeql\javascript-queries\2.4.3\Security\CWE-116\BadTagFilter.ql.
[2026-08-14 14:45:02] [DETAILS] resolve library-path> Found enclosing pack 'codeql/javascript-queries' at C:\Users\Moham\.codeql\packages\codeql\javascript-queries\2.4.3.
[2026-08-14 14:45:02] [DETAILS] resolve library-path> Adding compilation cache at C:\Users\Moham\.codeql\compile-cache.
[2026-08-14 14:45:02] [DETAILS] resolve library-path> QL pack dependencies for C:\Users\Moham\.codeql\packages\codeql\javascript-queries\2.4.3 found in cache.
[2026-08-14 14:45:02] [DETAILS] resolve library-path> Dbscheme was explicitly overridden as C:\Users\Moham\Downloads\FINALCLI\none
[2026-08-14 14:45:02] [DETAILS] resolve library-path> Library path was overridden on command line.
[2026-08-14 14:45:02] Plumbing command codeql resolve library-path completed:
                      {
                        "libraryPath" : [
                          "C:\\Users\\Moham\\Downloads\\FINALCLI\\none"
                        ],
                        "dbscheme" : "C:\\Users\\Moham\\Downloads\\FINALCLI\\none",
                        "compilationCache" : [
                          "C:\\Users\\Moham\\.codeql\\compile-cache"
                        ],
                        "relativeName" : "codeql\\javascript-queries\\Security\\CWE-116\\BadTagFilter.ql",
                        "extractors" : [
                          "javascript"
                        ],
                        "qlPackName" : "codeql/javascript-queries"
                      }
[2026-08-14 14:45:02] Calling plumbing command: codeql resolve library-path --qlconfig-file=C:\Users\Moham\Downloads\FINALCLI\qlconfig.yml --query=C:\Users\Moham\.codeql\packages\codeql\javascript-queries\2.4.3\Security\CWE-116\DoubleEscaping.ql --find-extractors --full-library-path=none --dbscheme=none --format=json
[2026-08-14 14:45:02] [DETAILS] resolve library-path> Resolving query at normalized path C:\Users\Moham\.codeql\packages\codeql\javascript-queries\2.4.3\Security\CWE-116\DoubleEscaping.ql.
[2026-08-14 14:45:02] [DETAILS] resolve library-path> Found enclosing pack 'codeql/javascript-queries' at C:\Users\Moham\.codeql\packages\codeql\javascript-queries\2.4.3.
[2026-08-14 14:45:02] [DETAILS] resolve library-path> Adding compilation cache at C:\Users\Moham\.codeql\compile-cache.
[2026-08-14 14:45:02] [DETAILS] resolve library-path> QL pack dependencies for C:\Users\Moham\.codeql\packages\codeql\javascript-queries\2.4.3 found in cache.
[2026-08-14 14:45:02] [DETAILS] resolve library-path> Dbscheme was explicitly overridden as C:\Users\Moham\Downloads\FINALCLI\none
[2026-08-14 14:45:02] [DETAILS] resolve library-path> Library path was overridden on command line.
[2026-08-14 14:45:02] Plumbing command codeql resolve library-path completed:
                      {
                        "libraryPath" : [
                          "C:\\Users\\Moham\\Downloads\\FINALCLI\\none"
                        ],
                        "dbscheme" : "C:\\Users\\Moham\\Downloads\\FINALCLI\\none",
                        "compilationCache" : [
                          "C:\\Users\\Moham\\.codeql\\compile-cache"
                        ],
                        "relativeName" : "codeql\\javascript-queries\\Security\\CWE-116\\DoubleEscaping.ql",
                        "extractors" : [
                          "javascript"
                        ],
                        "qlPackName" : "codeql/javascript-queries"
                      }
[2026-08-14 14:45:02] Calling plumbing command: codeql resolve library-path --qlconfig-file=C:\Users\Moham\Downloads\FINALCLI\qlconfig.yml --query=C:\Users\Moham\.codeql\packages\codeql\javascript-queries\2.4.3\Security\CWE-116\IncompleteHtmlAttributeSanitization.ql --find-extractors --full-library-path=none --dbscheme=none --format=json
[2026-08-14 14:45:02] [DETAILS] resolve library-path> Resolving query at normalized path C:\Users\Moham\.codeql\packages\codeql\javascript-queries\2.4.3\Security\CWE-116\IncompleteHtmlAttributeSanitization.ql.
[2026-08-14 14:45:02] [DETAILS] resolve library-path> Found enclosing pack 'codeql/javascript-queries' at C:\Users\Moham\.codeql\packages\codeql\javascript-queries\2.4.3.
[2026-08-14 14:45:02] [DETAILS] resolve library-path> Adding compilation cache at C:\Users\Moham\.codeql\compile-cache.
[2026-08-14 14:45:02] [DETAILS] resolve library-path> QL pack dependencies for C:\Users\Moham\.codeql\packages\codeql\javascript-queries\2.4.3 found in cache.
[2026-08-14 14:45:02] [DETAILS] resolve library-path> Dbscheme was explicitly overridden as C:\Users\Moham\Downloads\FINALCLI\none
[2026-08-14 14:45:02] [DETAILS] resolve library-path> Library path was overridden on command line.
[2026-08-14 14:45:02] Plumbing command codeql resolve library-path completed:
                      {
                        "libraryPath" : [
                          "C:\\Users\\Moham\\Downloads\\FINALCLI\\none"
                        ],
                        "dbscheme" : "C:\\Users\\Moham\\Downloads\\FINALCLI\\none",
                        "compilationCache" : [
                          "C:\\Users\\Moham\\.codeql\\compile-cache"
                        ],
                        "relativeName" : "codeql\\javascript-queries\\Security\\CWE-116\\IncompleteHtmlAttributeSanitization.ql",
                        "extractors" : [
                          "javascript"
                        ],
                        "qlPackName" : "codeql/javascript-queries"
                      }
[2026-08-14 14:45:02] Calling plumbing command: codeql resolve library-path --qlconfig-file=C:\Users\Moham\Downloads\FINALCLI\qlconfig.yml --query=C:\Users\Moham\.codeql\packages\codeql\javascript-queries\2.4.3\Security\CWE-116\IncompleteMultiCharacterSanitization.ql --find-extractors --full-library-path=none --dbscheme=none --format=json
[2026-08-14 14:45:02] [DETAILS] resolve library-path> Resolving query at normalized path C:\Users\Moham\.codeql\packages\codeql\javascript-queries\2.4.3\Security\CWE-116\IncompleteMultiCharacterSanitization.ql.
[2026-08-14 14:45:02] [DETAILS] resolve library-path> Found enclosing pack 'codeql/javascript-queries' at C:\Users\Moham\.codeql\packages\codeql\javascript-queries\2.4.3.
[2026-08-14 14:45:02] [DETAILS] resolve library-path> Adding compilation cache at C:\Users\Moham\.codeql\compile-cache.
[2026-08-14 14:45:02] [DETAILS] resolve library-path> QL pack dependencies for C:\Users\Moham\.codeql\packages\codeql\javascript-queries\2.4.3 found in cache.
[2026-08-14 14:45:02] [DETAILS] resolve library-path> Dbscheme was explicitly overridden as C:\Users\Moham\Downloads\FINALCLI\none
[2026-08-14 14:45:02] [DETAILS] resolve library-path> Library path was overridden on command line.
[2026-08-14 14:45:02] Plumbing command codeql resolve library-path completed:
                      {
                        "libraryPath" : [
                          "C:\\Users\\Moham\\Downloads\\FINALCLI\\none"
                        ],
                        "dbscheme" : "C:\\Users\\Moham\\Downloads\\FINALCLI\\none",
                        "compilationCache" : [
                          "C:\\Users\\Moham\\.codeql\\compile-cache"
                        ],
                        "relativeName" : "codeql\\javascript-queries\\Security\\CWE-116\\IncompleteMultiCharacterSanitization.ql",
                        "extractors" : [
                          "javascript"
                        ],
                        "qlPackName" : "codeql/javascript-queries"
                      }
[2026-08-14 14:45:02] Calling plumbing command: codeql resolve library-path --qlconfig-file=C:\Users\Moham\Downloads\FINALCLI\qlconfig.yml --query=C:\Users\Moham\.codeql\packages\codeql\javascript-queries\2.4.3\Security\CWE-116\IncompleteSanitization.ql --find-extractors --full-library-path=none --dbscheme=none --format=json
[2026-08-14 14:45:02] [DETAILS] resolve library-path> Resolving query at normalized path C:\Users\Moham\.codeql\packages\codeql\javascript-queries\2.4.3\Security\CWE-116\IncompleteSanitization.ql.
[2026-08-14 14:45:02] [DETAILS] resolve library-path> Found enclosing pack 'codeql/javascript-queries' at C:\Users\Moham\.codeql\packages\codeql\javascript-queries\2.4.3.
[2026-08-14 14:45:02] [DETAILS] resolve library-path> Adding compilation cache at C:\Users\Moham\.codeql\compile-cache.
[2026-08-14 14:45:02] [DETAILS] resolve library-path> QL pack dependencies for C:\Users\Moham\.codeql\packages\codeql\javascript-queries\2.4.3 found in cache.
[2026-08-14 14:45:02] [DETAILS] resolve library-path> Dbscheme was explicitly overridden as C:\Users\Moham\Downloads\FINALCLI\none
[2026-08-14 14:45:02] [DETAILS] resolve library-path> Library path was overridden on command line.
[2026-08-14 14:45:02] Plumbing command codeql resolve library-path completed:
                      {
                        "libraryPath" : [
                          "C:\\Users\\Moham\\Downloads\\FINALCLI\\none"
                        ],
                        "dbscheme" : "C:\\Users\\Moham\\Downloads\\FINALCLI\\none",
                        "compilationCache" : [
                          "C:\\Users\\Moham\\.codeql\\compile-cache"
                        ],
                        "relativeName" : "codeql\\javascript-queries\\Security\\CWE-116\\IncompleteSanitization.ql",
                        "extractors" : [
                          "javascript"
                        ],
                        "qlPackName" : "codeql/javascript-queries"
                      }
[2026-08-14 14:45:02] Calling plumbing command: codeql resolve library-path --qlconfig-file=C:\Users\Moham\Downloads\FINALCLI\qlconfig.yml --query=C:\Users\Moham\.codeql\packages\codeql\javascript-queries\2.4.3\Security\CWE-116\UnsafeHtmlExpansion.ql --find-extractors --full-library-path=none --dbscheme=none --format=json
[2026-08-14 14:45:02] [DETAILS] resolve library-path> Resolving query at normalized path C:\Users\Moham\.codeql\packages\codeql\javascript-queries\2.4.3\Security\CWE-116\UnsafeHtmlExpansion.ql.
[2026-08-14 14:45:02] [DETAILS] resolve library-path> Found enclosing pack 'codeql/javascript-queries' at C:\Users\Moham\.codeql\packages\codeql\javascript-queries\2.4.3.
[2026-08-14 14:45:02] [DETAILS] resolve library-path> Adding compilation cache at C:\Users\Moham\.codeql\compile-cache.
[2026-08-14 14:45:02] [DETAILS] resolve library-path> QL pack dependencies for C:\Users\Moham\.codeql\packages\codeql\javascript-queries\2.4.3 found in cache.
[2026-08-14 14:45:02] [DETAILS] resolve library-path> Dbscheme was explicitly overridden as C:\Users\Moham\Downloads\FINALCLI\none
[2026-08-14 14:45:02] [DETAILS] resolve library-path> Library path was overridden on command line.
[2026-08-14 14:45:02] Plumbing command codeql resolve library-path completed:
                      {
                        "libraryPath" : [
                          "C:\\Users\\Moham\\Downloads\\FINALCLI\\none"
                        ],
                        "dbscheme" : "C:\\Users\\Moham\\Downloads\\FINALCLI\\none",
                        "compilationCache" : [
                          "C:\\Users\\Moham\\.codeql\\compile-cache"
                        ],
                        "relativeName" : "codeql\\javascript-queries\\Security\\CWE-116\\UnsafeHtmlExpansion.ql",
                        "extractors" : [
                          "javascript"
                        ],
                        "qlPackName" : "codeql/javascript-queries"
                      }
[2026-08-14 14:45:02] Calling plumbing command: codeql resolve library-path --qlconfig-file=C:\Users\Moham\Downloads\FINALCLI\qlconfig.yml --query=C:\Users\Moham\.codeql\packages\codeql\javascript-queries\2.4.3\Security\CWE-134\TaintedFormatString.ql --find-extractors --full-library-path=none --dbscheme=none --format=json
[2026-08-14 14:45:02] [DETAILS] resolve library-path> Resolving query at normalized path C:\Users\Moham\.codeql\packages\codeql\javascript-queries\2.4.3\Security\CWE-134\TaintedFormatString.ql.
[2026-08-14 14:45:02] [DETAILS] resolve library-path> Found enclosing pack 'codeql/javascript-queries' at C:\Users\Moham\.codeql\packages\codeql\javascript-queries\2.4.3.
[2026-08-14 14:45:02] [DETAILS] resolve library-path> Adding compilation cache at C:\Users\Moham\.codeql\compile-cache.
[2026-08-14 14:45:02] [DETAILS] resolve library-path> QL pack dependencies for C:\Users\Moham\.codeql\packages\codeql\javascript-queries\2.4.3 found in cache.
[2026-08-14 14:45:02] [DETAILS] resolve library-path> Dbscheme was explicitly overridden as C:\Users\Moham\Downloads\FINALCLI\none
[2026-08-14 14:45:02] [DETAILS] resolve library-path> Library path was overridden on command line.
[2026-08-14 14:45:02] Plumbing command codeql resolve library-path completed:
                      {
                        "libraryPath" : [
                          "C:\\Users\\Moham\\Downloads\\FINALCLI\\none"
                        ],
                        "dbscheme" : "C:\\Users\\Moham\\Downloads\\FINALCLI\\none",
                        "compilationCache" : [
                          "C:\\Users\\Moham\\.codeql\\compile-cache"
                        ],
                        "relativeName" : "codeql\\javascript-queries\\Security\\CWE-134\\TaintedFormatString.ql",
                        "extractors" : [
                          "javascript"
                        ],
                        "qlPackName" : "codeql/javascript-queries"
                      }
[2026-08-14 14:45:02] Calling plumbing command: codeql resolve library-path --qlconfig-file=C:\Users\Moham\Downloads\FINALCLI\qlconfig.yml --query=C:\Users\Moham\.codeql\packages\codeql\javascript-queries\2.4.3\Security\CWE-1427\SystemPromptInjection.ql --find-extractors --full-library-path=none --dbscheme=none --format=json
[2026-08-14 14:45:02] [DETAILS] resolve library-path> Resolving query at normalized path C:\Users\Moham\.codeql\packages\codeql\javascript-queries\2.4.3\Security\CWE-1427\SystemPromptInjection.ql.
[2026-08-14 14:45:02] [DETAILS] resolve library-path> Found enclosing pack 'codeql/javascript-queries' at C:\Users\Moham\.codeql\packages\codeql\javascript-queries\2.4.3.
[2026-08-14 14:45:02] [DETAILS] resolve library-path> Adding compilation cache at C:\Users\Moham\.codeql\compile-cache.
[2026-08-14 14:45:02] [DETAILS] resolve library-path> QL pack dependencies for C:\Users\Moham\.codeql\packages\codeql\javascript-queries\2.4.3 found in cache.
[2026-08-14 14:45:02] [DETAILS] resolve library-path> Dbscheme was explicitly overridden as C:\Users\Moham\Downloads\FINALCLI\none
[2026-08-14 14:45:02] [DETAILS] resolve library-path> Library path was overridden on command line.
[2026-08-14 14:45:02] Plumbing command codeql resolve library-path completed:
                      {
                        "libraryPath" : [
                          "C:\\Users\\Moham\\Downloads\\FINALCLI\\none"
                        ],
                        "dbscheme" : "C:\\Users\\Moham\\Downloads\\FINALCLI\\none",
                        "compilationCache" : [
                          "C:\\Users\\Moham\\.codeql\\compile-cache"
                        ],
                        "relativeName" : "codeql\\javascript-queries\\Security\\CWE-1427\\SystemPromptInjection.ql",
                        "extractors" : [
                          "javascript"
                        ],
                        "qlPackName" : "codeql/javascript-queries"
                      }
[2026-08-14 14:45:02] Calling plumbing command: codeql resolve library-path --qlconfig-file=C:\Users\Moham\Downloads\FINALCLI\qlconfig.yml --query=C:\Users\Moham\.codeql\packages\codeql\javascript-queries\2.4.3\Security\CWE-178\CaseSensitiveMiddlewarePath.ql --find-extractors --full-library-path=none --dbscheme=none --format=json
[2026-08-14 14:45:02] [DETAILS] resolve library-path> Resolving query at normalized path C:\Users\Moham\.codeql\packages\codeql\javascript-queries\2.4.3\Security\CWE-178\CaseSensitiveMiddlewarePath.ql.
[2026-08-14 14:45:02] [DETAILS] resolve library-path> Found enclosing pack 'codeql/javascript-queries' at C:\Users\Moham\.codeql\packages\codeql\javascript-queries\2.4.3.
[2026-08-14 14:45:02] [DETAILS] resolve library-path> Adding compilation cache at C:\Users\Moham\.codeql\compile-cache.
[2026-08-14 14:45:02] [DETAILS] resolve library-path> QL pack dependencies for C:\Users\Moham\.codeql\packages\codeql\javascript-queries\2.4.3 found in cache.
[2026-08-14 14:45:02] [DETAILS] resolve library-path> Dbscheme was explicitly overridden as C:\Users\Moham\Downloads\FINALCLI\none
[2026-08-14 14:45:02] [DETAILS] resolve library-path> Library path was overridden on command line.
[2026-08-14 14:45:02] Plumbing command codeql resolve library-path completed:
                      {
                        "libraryPath" : [
                          "C:\\Users\\Moham\\Downloads\\FINALCLI\\none"
                        ],
                        "dbscheme" : "C:\\Users\\Moham\\Downloads\\FINALCLI\\none",
                        "compilationCache" : [
                          "C:\\Users\\Moham\\.codeql\\compile-cache"
                        ],
                        "relativeName" : "codeql\\javascript-queries\\Security\\CWE-178\\CaseSensitiveMiddlewarePath.ql",
                        "extractors" : [
                          "javascript"
                        ],
                        "qlPackName" : "codeql/javascript-queries"
                      }
[2026-08-14 14:45:02] Calling plumbing command: codeql resolve library-path --qlconfig-file=C:\Users\Moham\Downloads\FINALCLI\qlconfig.yml --query=C:\Users\Moham\.codeql\packages\codeql\javascript-queries\2.4.3\Security\CWE-200\PrivateFileExposure.ql --find-extractors --full-library-path=none --dbscheme=none --format=json
[2026-08-14 14:45:02] [DETAILS] resolve library-path> Resolving query at normalized path C:\Users\Moham\.codeql\packages\codeql\javascript-queries\2.4.3\Security\CWE-200\PrivateFileExposure.ql.
[2026-08-14 14:45:02] [DETAILS] resolve library-path> Found enclosing pack 'codeql/javascript-queries' at C:\Users\Moham\.codeql\packages\codeql\javascript-queries\2.4.3.
[2026-08-14 14:45:02] [DETAILS] resolve library-path> Adding compilation cache at C:\Users\Moham\.codeql\compile-cache.
[2026-08-14 14:45:02] [DETAILS] resolve library-path> QL pack dependencies for C:\Users\Moham\.codeql\packages\codeql\javascript-queries\2.4.3 found in cache.
[2026-08-14 14:45:02] [DETAILS] resolve library-path> Dbscheme was explicitly overridden as C:\Users\Moham\Downloads\FINALCLI\none
[2026-08-14 14:45:02] [DETAILS] resolve library-path> Library path was overridden on command line.
[2026-08-14 14:45:02] Plumbing command codeql resolve library-path completed:
                      {
                        "libraryPath" : [
                          "C:\\Users\\Moham\\Downloads\\FINALCLI\\none"
                        ],
                        "dbscheme" : "C:\\Users\\Moham\\Downloads\\FINALCLI\\none",
                        "compilationCache" : [
                          "C:\\Users\\Moham\\.codeql\\compile-cache"
                        ],
                        "relativeName" : "codeql\\javascript-queries\\Security\\CWE-200\\PrivateFileExposure.ql",
                        "extractors" : [
                          "javascript"
                        ],
                        "qlPackName" : "codeql/javascript-queries"
                      }
[2026-08-14 14:45:02] Calling plumbing command: codeql resolve library-path --qlconfig-file=C:\Users\Moham\Downloads\FINALCLI\qlconfig.yml --query=C:\Users\Moham\.codeql\packages\codeql\javascript-queries\2.4.3\Security\CWE-201\PostMessageStar.ql --find-extractors --full-library-path=none --dbscheme=none --format=json
[2026-08-14 14:45:02] [DETAILS] resolve library-path> Resolving query at normalized path C:\Users\Moham\.codeql\packages\codeql\javascript-queries\2.4.3\Security\CWE-201\PostMessageStar.ql.
[2026-08-14 14:45:02] [DETAILS] resolve library-path> Found enclosing pack 'codeql/javascript-queries' at C:\Users\Moham\.codeql\packages\codeql\javascript-queries\2.4.3.
[2026-08-14 14:45:02] [DETAILS] resolve library-path> Adding compilation cache at C:\Users\Moham\.codeql\compile-cache.
[2026-08-14 14:45:02] [DETAILS] resolve library-path> QL pack dependencies for C:\Users\Moham\.codeql\packages\codeql\javascript-queries\2.4.3 found in cache.
[2026-08-14 14:45:02] [DETAILS] resolve library-path> Dbscheme was explicitly overridden as C:\Users\Moham\Downloads\FINALCLI\none
[2026-08-14 14:45:02] [DETAILS] resolve library-path> Library path was overridden on command line.
[2026-08-14 14:45:02] Plumbing command codeql resolve library-path completed:
                      {
                        "libraryPath" : [
                          "C:\\Users\\Moham\\Downloads\\FINALCLI\\none"
                        ],
                        "dbscheme" : "C:\\Users\\Moham\\Downloads\\FINALCLI\\none",
                        "compilationCache" : [
                          "C:\\Users\\Moham\\.codeql\\compile-cache"
                        ],
                        "relativeName" : "codeql\\javascript-queries\\Security\\CWE-201\\PostMessageStar.ql",
                        "extractors" : [
                          "javascript"
                        ],
                        "qlPackName" : "codeql/javascript-queries"
                      }
[2026-08-14 14:45:02] Calling plumbing command: codeql resolve library-path --qlconfig-file=C:\Users\Moham\Downloads\FINALCLI\qlconfig.yml --query=C:\Users\Moham\.codeql\packages\codeql\javascript-queries\2.4.3\Security\CWE-209\StackTraceExposure.ql --find-extractors --full-library-path=none --dbscheme=none --format=json
[2026-08-14 14:45:02] [DETAILS] resolve library-path> Resolving query at normalized path C:\Users\Moham\.codeql\packages\codeql\javascript-queries\2.4.3\Security\CWE-209\StackTraceExposure.ql.
[2026-08-14 14:45:02] [DETAILS] resolve library-path> Found enclosing pack 'codeql/javascript-queries' at C:\Users\Moham\.codeql\packages\codeql\javascript-queries\2.4.3.
[2026-08-14 14:45:02] [DETAILS] resolve library-path> Adding compilation cache at C:\Users\Moham\.codeql\compile-cache.
[2026-08-14 14:45:02] [DETAILS] resolve library-path> QL pack dependencies for C:\Users\Moham\.codeql\packages\codeql\javascript-queries\2.4.3 found in cache.
[2026-08-14 14:45:02] [DETAILS] resolve library-path> Dbscheme was explicitly overridden as C:\Users\Moham\Downloads\FINALCLI\none
[2026-08-14 14:45:02] [DETAILS] resolve library-path> Library path was overridden on command line.
[2026-08-14 14:45:02] Plumbing command codeql resolve library-path completed:
                      {
                        "libraryPath" : [
                          "C:\\Users\\Moham\\Downloads\\FINALCLI\\none"
                        ],
                        "dbscheme" : "C:\\Users\\Moham\\Downloads\\FINALCLI\\none",
                        "compilationCache" : [
                          "C:\\Users\\Moham\\.codeql\\compile-cache"
                        ],
                        "relativeName" : "codeql\\javascript-queries\\Security\\CWE-209\\StackTraceExposure.ql",
                        "extractors" : [
                          "javascript"
                        ],
                        "qlPackName" : "codeql/javascript-queries"
                      }
[2026-08-14 14:45:02] Calling plumbing command: codeql resolve library-path --qlconfig-file=C:\Users\Moham\Downloads\FINALCLI\qlconfig.yml --query=C:\Users\Moham\.codeql\packages\codeql\javascript-queries\2.4.3\Security\CWE-295\DisablingCertificateValidation.ql --find-extractors --full-library-path=none --dbscheme=none --format=json
[2026-08-14 14:45:02] [DETAILS] resolve library-path> Resolving query at normalized path C:\Users\Moham\.codeql\packages\codeql\javascript-queries\2.4.3\Security\CWE-295\DisablingCertificateValidation.ql.
[2026-08-14 14:45:02] [DETAILS] resolve library-path> Found enclosing pack 'codeql/javascript-queries' at C:\Users\Moham\.codeql\packages\codeql\javascript-queries\2.4.3.
[2026-08-14 14:45:02] [DETAILS] resolve library-path> Adding compilation cache at C:\Users\Moham\.codeql\compile-cache.
[2026-08-14 14:45:02] [DETAILS] resolve library-path> QL pack dependencies for C:\Users\Moham\.codeql\packages\codeql\javascript-queries\2.4.3 found in cache.
[2026-08-14 14:45:02] [DETAILS] resolve library-path> Dbscheme was explicitly overridden as C:\Users\Moham\Downloads\FINALCLI\none
[2026-08-14 14:45:02] [DETAILS] resolve library-path> Library path was overridden on command line.
[2026-08-14 14:45:02] Plumbing command codeql resolve library-path completed:
                      {
                        "libraryPath" : [
                          "C:\\Users\\Moham\\Downloads\\FINALCLI\\none"
                        ],
                        "dbscheme" : "C:\\Users\\Moham\\Downloads\\FINALCLI\\none",
                        "compilationCache" : [
                          "C:\\Users\\Moham\\.codeql\\compile-cache"
                        ],
                        "relativeName" : "codeql\\javascript-queries\\Security\\CWE-295\\DisablingCertificateValidation.ql",
                        "extractors" : [
                          "javascript"
                        ],
                        "qlPackName" : "codeql/javascript-queries"
                      }
[2026-08-14 14:45:02] Calling plumbing command: codeql resolve library-path --qlconfig-file=C:\Users\Moham\Downloads\FINALCLI\qlconfig.yml --query=C:\Users\Moham\.codeql\packages\codeql\javascript-queries\2.4.3\Security\CWE-300\InsecureDependencyResolution.ql --find-extractors --full-library-path=none --dbscheme=none --format=json
[2026-08-14 14:45:02] [DETAILS] resolve library-path> Resolving query at normalized path C:\Users\Moham\.codeql\packages\codeql\javascript-queries\2.4.3\Security\CWE-300\InsecureDependencyResolution.ql.
[2026-08-14 14:45:02] [DETAILS] resolve library-path> Found enclosing pack 'codeql/javascript-queries' at C:\Users\Moham\.codeql\packages\codeql\javascript-queries\2.4.3.
[2026-08-14 14:45:02] [DETAILS] resolve library-path> Adding compilation cache at C:\Users\Moham\.codeql\compile-cache.
[2026-08-14 14:45:02] [DETAILS] resolve library-path> QL pack dependencies for C:\Users\Moham\.codeql\packages\codeql\javascript-queries\2.4.3 found in cache.
[2026-08-14 14:45:02] [DETAILS] resolve library-path> Dbscheme was explicitly overridden as C:\Users\Moham\Downloads\FINALCLI\none
[2026-08-14 14:45:02] [DETAILS] resolve library-path> Library path was overridden on command line.
[2026-08-14 14:45:02] Plumbing command codeql resolve library-path completed:
                      {
                        "libraryPath" : [
                          "C:\\Users\\Moham\\Downloads\\FINALCLI\\none"
                        ],
                        "dbscheme" : "C:\\Users\\Moham\\Downloads\\FINALCLI\\none",
                        "compilationCache" : [
                          "C:\\Users\\Moham\\.codeql\\compile-cache"
                        ],
                        "relativeName" : "codeql\\javascript-queries\\Security\\CWE-300\\InsecureDependencyResolution.ql",
                        "extractors" : [
                          "javascript"
                        ],
                        "qlPackName" : "codeql/javascript-queries"
                      }
[2026-08-14 14:45:02] Calling plumbing command: codeql resolve library-path --qlconfig-file=C:\Users\Moham\Downloads\FINALCLI\qlconfig.yml --query=C:\Users\Moham\.codeql\packages\codeql\javascript-queries\2.4.3\Security\CWE-312\BuildArtifactLeak.ql --find-extractors --full-library-path=none --dbscheme=none --format=json
[2026-08-14 14:45:02] [DETAILS] resolve library-path> Resolving query at normalized path C:\Users\Moham\.codeql\packages\codeql\javascript-queries\2.4.3\Security\CWE-312\BuildArtifactLeak.ql.
[2026-08-14 14:45:02] [DETAILS] resolve library-path> Found enclosing pack 'codeql/javascript-queries' at C:\Users\Moham\.codeql\packages\codeql\javascript-queries\2.4.3.
[2026-08-14 14:45:02] [DETAILS] resolve library-path> Adding compilation cache at C:\Users\Moham\.codeql\compile-cache.
[2026-08-14 14:45:02] [DETAILS] resolve library-path> QL pack dependencies for C:\Users\Moham\.codeql\packages\codeql\javascript-queries\2.4.3 found in cache.
[2026-08-14 14:45:02] [DETAILS] resolve library-path> Dbscheme was explicitly overridden as C:\Users\Moham\Downloads\FINALCLI\none
[2026-08-14 14:45:02] [DETAILS] resolve library-path> Library path was overridden on command line.
[2026-08-14 14:45:02] Plumbing command codeql resolve library-path completed:
                      {
                        "libraryPath" : [
                          "C:\\Users\\Moham\\Downloads\\FINALCLI\\none"
                        ],
                        "dbscheme" : "C:\\Users\\Moham\\Downloads\\FINALCLI\\none",
                        "compilationCache" : [
                          "C:\\Users\\Moham\\.codeql\\compile-cache"
                        ],
                        "relativeName" : "codeql\\javascript-queries\\Security\\CWE-312\\BuildArtifactLeak.ql",
                        "extractors" : [
                          "javascript"
                        ],
                        "qlPackName" : "codeql/javascript-queries"
                      }
[2026-08-14 14:45:02] Calling plumbing command: codeql resolve library-path --qlconfig-file=C:\Users\Moham\Downloads\FINALCLI\qlconfig.yml --query=C:\Users\Moham\.codeql\packages\codeql\javascript-queries\2.4.3\Security\CWE-312\CleartextLogging.ql --find-extractors --full-library-path=none --dbscheme=none --format=json
[2026-08-14 14:45:02] [DETAILS] resolve library-path> Resolving query at normalized path C:\Users\Moham\.codeql\packages\codeql\javascript-queries\2.4.3\Security\CWE-312\CleartextLogging.ql.
[2026-08-14 14:45:02] [DETAILS] resolve library-path> Found enclosing pack 'codeql/javascript-queries' at C:\Users\Moham\.codeql\packages\codeql\javascript-queries\2.4.3.
[2026-08-14 14:45:02] [DETAILS] resolve library-path> Adding compilation cache at C:\Users\Moham\.codeql\compile-cache.
[2026-08-14 14:45:02] [DETAILS] resolve library-path> QL pack dependencies for C:\Users\Moham\.codeql\packages\codeql\javascript-queries\2.4.3 found in cache.
[2026-08-14 14:45:02] [DETAILS] resolve library-path> Dbscheme was explicitly overridden as C:\Users\Moham\Downloads\FINALCLI\none
[2026-08-14 14:45:02] [DETAILS] resolve library-path> Library path was overridden on command line.
[2026-08-14 14:45:02] Plumbing command codeql resolve library-path completed:
                      {
                        "libraryPath" : [
                          "C:\\Users\\Moham\\Downloads\\FINALCLI\\none"
                        ],
                        "dbscheme" : "C:\\Users\\Moham\\Downloads\\FINALCLI\\none",
                        "compilationCache" : [
                          "C:\\Users\\Moham\\.codeql\\compile-cache"
                        ],
                        "relativeName" : "codeql\\javascript-queries\\Security\\CWE-312\\CleartextLogging.ql",
                        "extractors" : [
                          "javascript"
                        ],
                        "qlPackName" : "codeql/javascript-queries"
                      }
[2026-08-14 14:45:02] Calling plumbing command: codeql resolve library-path --qlconfig-file=C:\Users\Moham\Downloads\FINALCLI\qlconfig.yml --query=C:\Users\Moham\.codeql\packages\codeql\javascript-queries\2.4.3\Security\CWE-312\CleartextStorage.ql --find-extractors --full-library-path=none --dbscheme=none --format=json
[2026-08-14 14:45:02] [DETAILS] resolve library-path> Resolving query at normalized path C:\Users\Moham\.codeql\packages\codeql\javascript-queries\2.4.3\Security\CWE-312\CleartextStorage.ql.
[2026-08-14 14:45:02] [DETAILS] resolve library-path> Found enclosing pack 'codeql/javascript-queries' at C:\Users\Moham\.codeql\packages\codeql\javascript-queries\2.4.3.
[2026-08-14 14:45:02] [DETAILS] resolve library-path> Adding compilation cache at C:\Users\Moham\.codeql\compile-cache.
[2026-08-14 14:45:02] [DETAILS] resolve library-path> QL pack dependencies for C:\Users\Moham\.codeql\packages\codeql\javascript-queries\2.4.3 found in cache.
[2026-08-14 14:45:02] [DETAILS] resolve library-path> Dbscheme was explicitly overridden as C:\Users\Moham\Downloads\FINALCLI\none
[2026-08-14 14:45:02] [DETAILS] resolve library-path> Library path was overridden on command line.
[2026-08-14 14:45:02] Plumbing command codeql resolve library-path completed:
                      {
                        "libraryPath" : [
                          "C:\\Users\\Moham\\Downloads\\FINALCLI\\none"
                        ],
                        "dbscheme" : "C:\\Users\\Moham\\Downloads\\FINALCLI\\none",
                        "compilationCache" : [
                          "C:\\Users\\Moham\\.codeql\\compile-cache"
                        ],
                        "relativeName" : "codeql\\javascript-queries\\Security\\CWE-312\\CleartextStorage.ql",
                        "extractors" : [
                          "javascript"
                        ],
                        "qlPackName" : "codeql/javascript-queries"
                      }
[2026-08-14 14:45:02] Calling plumbing command: codeql resolve library-path --qlconfig-file=C:\Users\Moham\Downloads\FINALCLI\qlconfig.yml --query=C:\Users\Moham\.codeql\packages\codeql\javascript-queries\2.4.3\Security\CWE-326\InsufficientKeySize.ql --find-extractors --full-library-path=none --dbscheme=none --format=json
[2026-08-14 14:45:02] [DETAILS] resolve library-path> Resolving query at normalized path C:\Users\Moham\.codeql\packages\codeql\javascript-queries\2.4.3\Security\CWE-326\InsufficientKeySize.ql.
[2026-08-14 14:45:02] [DETAILS] resolve library-path> Found enclosing pack 'codeql/javascript-queries' at C:\Users\Moham\.codeql\packages\codeql\javascript-queries\2.4.3.
[2026-08-14 14:45:02] [DETAILS] resolve library-path> Adding compilation cache at C:\Users\Moham\.codeql\compile-cache.
[2026-08-14 14:45:02] [DETAILS] resolve library-path> QL pack dependencies for C:\Users\Moham\.codeql\packages\codeql\javascript-queries\2.4.3 found in cache.
[2026-08-14 14:45:02] [DETAILS] resolve library-path> Dbscheme was explicitly overridden as C:\Users\Moham\Downloads\FINALCLI\none
[2026-08-14 14:45:02] [DETAILS] resolve library-path> Library path was overridden on command line.
[2026-08-14 14:45:02] Plumbing command codeql resolve library-path completed:
                      {
                        "libraryPath" : [
                          "C:\\Users\\Moham\\Downloads\\FINALCLI\\none"
                        ],
                        "dbscheme" : "C:\\Users\\Moham\\Downloads\\FINALCLI\\none",
                        "compilationCache" : [
                          "C:\\Users\\Moham\\.codeql\\compile-cache"
                        ],
                        "relativeName" : "codeql\\javascript-queries\\Security\\CWE-326\\InsufficientKeySize.ql",
                        "extractors" : [
                          "javascript"
                        ],
                        "qlPackName" : "codeql/javascript-queries"
                      }
[2026-08-14 14:45:02] Calling plumbing command: codeql resolve library-path --qlconfig-file=C:\Users\Moham\Downloads\FINALCLI\qlconfig.yml --query=C:\Users\Moham\.codeql\packages\codeql\javascript-queries\2.4.3\Security\CWE-327\BadRandomness.ql --find-extractors --full-library-path=none --dbscheme=none --format=json
[2026-08-14 14:45:02] [DETAILS] resolve library-path> Resolving query at normalized path C:\Users\Moham\.codeql\packages\codeql\javascript-queries\2.4.3\Security\CWE-327\BadRandomness.ql.
[2026-08-14 14:45:02] [DETAILS] resolve library-path> Found enclosing pack 'codeql/javascript-queries' at C:\Users\Moham\.codeql\packages\codeql\javascript-queries\2.4.3.
[2026-08-14 14:45:02] [DETAILS] resolve library-path> Adding compilation cache at C:\Users\Moham\.codeql\compile-cache.
[2026-08-14 14:45:02] [DETAILS] resolve library-path> QL pack dependencies for C:\Users\Moham\.codeql\packages\codeql\javascript-queries\2.4.3 found in cache.
[2026-08-14 14:45:02] [DETAILS] resolve library-path> Dbscheme was explicitly overridden as C:\Users\Moham\Downloads\FINALCLI\none
[2026-08-14 14:45:02] [DETAILS] resolve library-path> Library path was overridden on command line.
[2026-08-14 14:45:02] Plumbing command codeql resolve library-path completed:
                      {
                        "libraryPath" : [
                          "C:\\Users\\Moham\\Downloads\\FINALCLI\\none"
                        ],
                        "dbscheme" : "C:\\Users\\Moham\\Downloads\\FINALCLI\\none",
                        "compilationCache" : [
                          "C:\\Users\\Moham\\.codeql\\compile-cache"
                        ],
                        "relativeName" : "codeql\\javascript-queries\\Security\\CWE-327\\BadRandomness.ql",
                        "extractors" : [
                          "javascript"
                        ],
                        "qlPackName" : "codeql/javascript-queries"
                      }
[2026-08-14 14:45:02] Calling plumbing command: codeql resolve library-path --qlconfig-file=C:\Users\Moham\Downloads\FINALCLI\qlconfig.yml --query=C:\Users\Moham\.codeql\packages\codeql\javascript-queries\2.4.3\Security\CWE-327\BrokenCryptoAlgorithm.ql --find-extractors --full-library-path=none --dbscheme=none --format=json
[2026-08-14 14:45:02] [DETAILS] resolve library-path> Resolving query at normalized path C:\Users\Moham\.codeql\packages\codeql\javascript-queries\2.4.3\Security\CWE-327\BrokenCryptoAlgorithm.ql.
[2026-08-14 14:45:02] [DETAILS] resolve library-path> Found enclosing pack 'codeql/javascript-queries' at C:\Users\Moham\.codeql\packages\codeql\javascript-queries\2.4.3.
[2026-08-14 14:45:02] [DETAILS] resolve library-path> Adding compilation cache at C:\Users\Moham\.codeql\compile-cache.
[2026-08-14 14:45:02] [DETAILS] resolve library-path> QL pack dependencies for C:\Users\Moham\.codeql\packages\codeql\javascript-queries\2.4.3 found in cache.
[2026-08-14 14:45:02] [DETAILS] resolve library-path> Dbscheme was explicitly overridden as C:\Users\Moham\Downloads\FINALCLI\none
[2026-08-14 14:45:02] [DETAILS] resolve library-path> Library path was overridden on command line.
[2026-08-14 14:45:02] Plumbing command codeql resolve library-path completed:
                      {
                        "libraryPath" : [
                          "C:\\Users\\Moham\\Downloads\\FINALCLI\\none"
                        ],
                        "dbscheme" : "C:\\Users\\Moham\\Downloads\\FINALCLI\\none",
                        "compilationCache" : [
                          "C:\\Users\\Moham\\.codeql\\compile-cache"
                        ],
                        "relativeName" : "codeql\\javascript-queries\\Security\\CWE-327\\BrokenCryptoAlgorithm.ql",
                        "extractors" : [
                          "javascript"
                        ],
                        "qlPackName" : "codeql/javascript-queries"
                      }
[2026-08-14 14:45:02] Calling plumbing command: codeql resolve library-path --qlconfig-file=C:\Users\Moham\Downloads\FINALCLI\qlconfig.yml --query=C:\Users\Moham\.codeql\packages\codeql\javascript-queries\2.4.3\Security\CWE-338\InsecureRandomness.ql --find-extractors --full-library-path=none --dbscheme=none --format=json
[2026-08-14 14:45:02] [DETAILS] resolve library-path> Resolving query at normalized path C:\Users\Moham\.codeql\packages\codeql\javascript-queries\2.4.3\Security\CWE-338\InsecureRandomness.ql.
[2026-08-14 14:45:02] [DETAILS] resolve library-path> Found enclosing pack 'codeql/javascript-queries' at C:\Users\Moham\.codeql\packages\codeql\javascript-queries\2.4.3.
[2026-08-14 14:45:02] [DETAILS] resolve library-path> Adding compilation cache at C:\Users\Moham\.codeql\compile-cache.
[2026-08-14 14:45:02] [DETAILS] resolve library-path> QL pack dependencies for C:\Users\Moham\.codeql\packages\codeql\javascript-queries\2.4.3 found in cache.
[2026-08-14 14:45:02] [DETAILS] resolve library-path> Dbscheme was explicitly overridden as C:\Users\Moham\Downloads\FINALCLI\none
[2026-08-14 14:45:02] [DETAILS] resolve library-path> Library path was overridden on command line.
[2026-08-14 14:45:02] Plumbing command codeql resolve library-path completed:
                      {
                        "libraryPath" : [
                          "C:\\Users\\Moham\\Downloads\\FINALCLI\\none"
                        ],
                        "dbscheme" : "C:\\Users\\Moham\\Downloads\\FINALCLI\\none",
                        "compilationCache" : [
                          "C:\\Users\\Moham\\.codeql\\compile-cache"
                        ],
                        "relativeName" : "codeql\\javascript-queries\\Security\\CWE-338\\InsecureRandomness.ql",
                        "extractors" : [
                          "javascript"
                        ],
                        "qlPackName" : "codeql/javascript-queries"
                      }
[2026-08-14 14:45:02] Calling plumbing command: codeql resolve library-path --qlconfig-file=C:\Users\Moham\Downloads\FINALCLI\qlconfig.yml --query=C:\Users\Moham\.codeql\packages\codeql\javascript-queries\2.4.3\Security\CWE-346\CorsMisconfigurationForCredentials.ql --find-extractors --full-library-path=none --dbscheme=none --format=json
[2026-08-14 14:45:02] [DETAILS] resolve library-path> Resolving query at normalized path C:\Users\Moham\.codeql\packages\codeql\javascript-queries\2.4.3\Security\CWE-346\CorsMisconfigurationForCredentials.ql.
[2026-08-14 14:45:02] [DETAILS] resolve library-path> Found enclosing pack 'codeql/javascript-queries' at C:\Users\Moham\.codeql\packages\codeql\javascript-queries\2.4.3.
[2026-08-14 14:45:02] [DETAILS] resolve library-path> Adding compilation cache at C:\Users\Moham\.codeql\compile-cache.
[2026-08-14 14:45:02] [DETAILS] resolve library-path> QL pack dependencies for C:\Users\Moham\.codeql\packages\codeql\javascript-queries\2.4.3 found in cache.
[2026-08-14 14:45:02] [DETAILS] resolve library-path> Dbscheme was explicitly overridden as C:\Users\Moham\Downloads\FINALCLI\none
[2026-08-14 14:45:02] [DETAILS] resolve library-path> Library path was overridden on command line.
[2026-08-14 14:45:02] Plumbing command codeql resolve library-path completed:
                      {
                        "libraryPath" : [
                          "C:\\Users\\Moham\\Downloads\\FINALCLI\\none"
                        ],
                        "dbscheme" : "C:\\Users\\Moham\\Downloads\\FINALCLI\\none",
                        "compilationCache" : [
                          "C:\\Users\\Moham\\.codeql\\compile-cache"
                        ],
                        "relativeName" : "codeql\\javascript-queries\\Security\\CWE-346\\CorsMisconfigurationForCredentials.ql",
                        "extractors" : [
                          "javascript"
                        ],
                        "qlPackName" : "codeql/javascript-queries"
                      }
[2026-08-14 14:45:02] Calling plumbing command: codeql resolve library-path --qlconfig-file=C:\Users\Moham\Downloads\FINALCLI\qlconfig.yml --query=C:\Users\Moham\.codeql\packages\codeql\javascript-queries\2.4.3\Security\CWE-347\MissingJWTKeyVerification.ql --find-extractors --full-library-path=none --dbscheme=none --format=json
[2026-08-14 14:45:02] [DETAILS] resolve library-path> Resolving query at normalized path C:\Users\Moham\.codeql\packages\codeql\javascript-queries\2.4.3\Security\CWE-347\MissingJWTKeyVerification.ql.
[2026-08-14 14:45:02] [DETAILS] resolve library-path> Found enclosing pack 'codeql/javascript-queries' at C:\Users\Moham\.codeql\packages\codeql\javascript-queries\2.4.3.
[2026-08-14 14:45:02] [DETAILS] resolve library-path> Adding compilation cache at C:\Users\Moham\.codeql\compile-cache.
[2026-08-14 14:45:02] [DETAILS] resolve library-path> QL pack dependencies for C:\Users\Moham\.codeql\packages\codeql\javascript-queries\2.4.3 found in cache.
[2026-08-14 14:45:02] [DETAILS] resolve library-path> Dbscheme was explicitly overridden as C:\Users\Moham\Downloads\FINALCLI\none
[2026-08-14 14:45:02] [DETAILS] resolve library-path> Library path was overridden on command line.
[2026-08-14 14:45:02] Plumbing command codeql resolve library-path completed:
                      {
                        "libraryPath" : [
                          "C:\\Users\\Moham\\Downloads\\FINALCLI\\none"
                        ],
                        "dbscheme" : "C:\\Users\\Moham\\Downloads\\FINALCLI\\none",
                        "compilationCache" : [
                          "C:\\Users\\Moham\\.codeql\\compile-cache"
                        ],
                        "relativeName" : "codeql\\javascript-queries\\Security\\CWE-347\\MissingJWTKeyVerification.ql",
                        "extractors" : [
                          "javascript"
                        ],
                        "qlPackName" : "codeql/javascript-queries"
                      }
[2026-08-14 14:45:02] Calling plumbing command: codeql resolve library-path --qlconfig-file=C:\Users\Moham\Downloads\FINALCLI\qlconfig.yml --query=C:\Users\Moham\.codeql\packages\codeql\javascript-queries\2.4.3\Security\CWE-352\MissingCsrfMiddleware.ql --find-extractors --full-library-path=none --dbscheme=none --format=json
[2026-08-14 14:45:02] [DETAILS] resolve library-path> Resolving query at normalized path C:\Users\Moham\.codeql\packages\codeql\javascript-queries\2.4.3\Security\CWE-352\MissingCsrfMiddleware.ql.
[2026-08-14 14:45:02] [DETAILS] resolve library-path> Found enclosing pack 'codeql/javascript-queries' at C:\Users\Moham\.codeql\packages\codeql\javascript-queries\2.4.3.
[2026-08-14 14:45:02] [DETAILS] resolve library-path> Adding compilation cache at C:\Users\Moham\.codeql\compile-cache.
[2026-08-14 14:45:02] [DETAILS] resolve library-path> QL pack dependencies for C:\Users\Moham\.codeql\packages\codeql\javascript-queries\2.4.3 found in cache.
[2026-08-14 14:45:02] [DETAILS] resolve library-path> Dbscheme was explicitly overridden as C:\Users\Moham\Downloads\FINALCLI\none
[2026-08-14 14:45:02] [DETAILS] resolve library-path> Library path was overridden on command line.
[2026-08-14 14:45:02] Plumbing command codeql resolve library-path completed:
                      {
                        "libraryPath" : [
                          "C:\\Users\\Moham\\Downloads\\FINALCLI\\none"
                        ],
                        "dbscheme" : "C:\\Users\\Moham\\Downloads\\FINALCLI\\none",
                        "compilationCache" : [
                          "C:\\Users\\Moham\\.codeql\\compile-cache"
                        ],
                        "relativeName" : "codeql\\javascript-queries\\Security\\CWE-352\\MissingCsrfMiddleware.ql",
                        "extractors" : [
                          "javascript"
                        ],
                        "qlPackName" : "codeql/javascript-queries"
                      }
[2026-08-14 14:45:02] Calling plumbing command: codeql resolve library-path --qlconfig-file=C:\Users\Moham\Downloads\FINALCLI\qlconfig.yml --query=C:\Users\Moham\.codeql\packages\codeql\javascript-queries\2.4.3\Security\CWE-400\DeepObjectResourceExhaustion.ql --find-extractors --full-library-path=none --dbscheme=none --format=json
[2026-08-14 14:45:02] [DETAILS] resolve library-path> Resolving query at normalized path C:\Users\Moham\.codeql\packages\codeql\javascript-queries\2.4.3\Security\CWE-400\DeepObjectResourceExhaustion.ql.
[2026-08-14 14:45:02] [DETAILS] resolve library-path> Found enclosing pack 'codeql/javascript-queries' at C:\Users\Moham\.codeql\packages\codeql\javascript-queries\2.4.3.
[2026-08-14 14:45:02] [DETAILS] resolve library-path> Adding compilation cache at C:\Users\Moham\.codeql\compile-cache.
[2026-08-14 14:45:02] [DETAILS] resolve library-path> QL pack dependencies for C:\Users\Moham\.codeql\packages\codeql\javascript-queries\2.4.3 found in cache.
[2026-08-14 14:45:02] [DETAILS] resolve library-path> Dbscheme was explicitly overridden as C:\Users\Moham\Downloads\FINALCLI\none
[2026-08-14 14:45:02] [DETAILS] resolve library-path> Library path was overridden on command line.
[2026-08-14 14:45:02] Plumbing command codeql resolve library-path completed:
                      {
                        "libraryPath" : [
                          "C:\\Users\\Moham\\Downloads\\FINALCLI\\none"
                        ],
                        "dbscheme" : "C:\\Users\\Moham\\Downloads\\FINALCLI\\none",
                        "compilationCache" : [
                          "C:\\Users\\Moham\\.codeql\\compile-cache"
                        ],
                        "relativeName" : "codeql\\javascript-queries\\Security\\CWE-400\\DeepObjectResourceExhaustion.ql",
                        "extractors" : [
                          "javascript"
                        ],
                        "qlPackName" : "codeql/javascript-queries"
                      }
[2026-08-14 14:45:02] Calling plumbing command: codeql resolve library-path --qlconfig-file=C:\Users\Moham\Downloads\FINALCLI\qlconfig.yml --query=C:\Users\Moham\.codeql\packages\codeql\javascript-queries\2.4.3\Security\CWE-502\UnsafeDeserialization.ql --find-extractors --full-library-path=none --dbscheme=none --format=json
[2026-08-14 14:45:02] [DETAILS] resolve library-path> Resolving query at normalized path C:\Users\Moham\.codeql\packages\codeql\javascript-queries\2.4.3\Security\CWE-502\UnsafeDeserialization.ql.
[2026-08-14 14:45:02] [DETAILS] resolve library-path> Found enclosing pack 'codeql/javascript-queries' at C:\Users\Moham\.codeql\packages\codeql\javascript-queries\2.4.3.
[2026-08-14 14:45:02] [DETAILS] resolve library-path> Adding compilation cache at C:\Users\Moham\.codeql\compile-cache.
[2026-08-14 14:45:02] [DETAILS] resolve library-path> QL pack dependencies for C:\Users\Moham\.codeql\packages\codeql\javascript-queries\2.4.3 found in cache.
[2026-08-14 14:45:02] [DETAILS] resolve library-path> Dbscheme was explicitly overridden as C:\Users\Moham\Downloads\FINALCLI\none
[2026-08-14 14:45:02] [DETAILS] resolve library-path> Library path was overridden on command line.
[2026-08-14 14:45:02] Plumbing command codeql resolve library-path completed:
                      {
                        "libraryPath" : [
                          "C:\\Users\\Moham\\Downloads\\FINALCLI\\none"
                        ],
                        "dbscheme" : "C:\\Users\\Moham\\Downloads\\FINALCLI\\none",
                        "compilationCache" : [
                          "C:\\Users\\Moham\\.codeql\\compile-cache"
                        ],
                        "relativeName" : "codeql\\javascript-queries\\Security\\CWE-502\\UnsafeDeserialization.ql",
                        "extractors" : [
                          "javascript"
                        ],
                        "qlPackName" : "codeql/javascript-queries"
                      }
[2026-08-14 14:45:02] Calling plumbing command: codeql resolve library-path --qlconfig-file=C:\Users\Moham\Downloads\FINALCLI\qlconfig.yml --query=C:\Users\Moham\.codeql\packages\codeql\javascript-queries\2.4.3\Security\CWE-598\SensitiveGetQuery.ql --find-extractors --full-library-path=none --dbscheme=none --format=json
[2026-08-14 14:45:02] [DETAILS] resolve library-path> Resolving query at normalized path C:\Users\Moham\.codeql\packages\codeql\javascript-queries\2.4.3\Security\CWE-598\SensitiveGetQuery.ql.
[2026-08-14 14:45:02] [DETAILS] resolve library-path> Found enclosing pack 'codeql/javascript-queries' at C:\Users\Moham\.codeql\packages\codeql\javascript-queries\2.4.3.
[2026-08-14 14:45:02] [DETAILS] resolve library-path> Adding compilation cache at C:\Users\Moham\.codeql\compile-cache.
[2026-08-14 14:45:02] [DETAILS] resolve library-path> QL pack dependencies for C:\Users\Moham\.codeql\packages\codeql\javascript-queries\2.4.3 found in cache.
[2026-08-14 14:45:02] [DETAILS] resolve library-path> Dbscheme was explicitly overridden as C:\Users\Moham\Downloads\FINALCLI\none
[2026-08-14 14:45:02] [DETAILS] resolve library-path> Library path was overridden on command line.
[2026-08-14 14:45:02] Plumbing command codeql resolve library-path completed:
                      {
                        "libraryPath" : [
                          "C:\\Users\\Moham\\Downloads\\FINALCLI\\none"
                        ],
                        "dbscheme" : "C:\\Users\\Moham\\Downloads\\FINALCLI\\none",
                        "compilationCache" : [
                          "C:\\Users\\Moham\\.codeql\\compile-cache"
                        ],
                        "relativeName" : "codeql\\javascript-queries\\Security\\CWE-598\\SensitiveGetQuery.ql",
                        "extractors" : [
                          "javascript"
                        ],
                        "qlPackName" : "codeql/javascript-queries"
                      }
[2026-08-14 14:45:02] Calling plumbing command: codeql resolve library-path --qlconfig-file=C:\Users\Moham\Downloads\FINALCLI\qlconfig.yml --query=C:\Users\Moham\.codeql\packages\codeql\javascript-queries\2.4.3\Security\CWE-601\ClientSideUrlRedirect.ql --find-extractors --full-library-path=none --dbscheme=none --format=json
[2026-08-14 14:45:02] [DETAILS] resolve library-path> Resolving query at normalized path C:\Users\Moham\.codeql\packages\codeql\javascript-queries\2.4.3\Security\CWE-601\ClientSideUrlRedirect.ql.
[2026-08-14 14:45:02] [DETAILS] resolve library-path> Found enclosing pack 'codeql/javascript-queries' at C:\Users\Moham\.codeql\packages\codeql\javascript-queries\2.4.3.
[2026-08-14 14:45:02] [DETAILS] resolve library-path> Adding compilation cache at C:\Users\Moham\.codeql\compile-cache.
[2026-08-14 14:45:02] [DETAILS] resolve library-path> QL pack dependencies for C:\Users\Moham\.codeql\packages\codeql\javascript-queries\2.4.3 found in cache.
[2026-08-14 14:45:02] [DETAILS] resolve library-path> Dbscheme was explicitly overridden as C:\Users\Moham\Downloads\FINALCLI\none
[2026-08-14 14:45:02] [DETAILS] resolve library-path> Library path was overridden on command line.
[2026-08-14 14:45:02] Plumbing command codeql resolve library-path completed:
                      {
                        "libraryPath" : [
                          "C:\\Users\\Moham\\Downloads\\FINALCLI\\none"
                        ],
                        "dbscheme" : "C:\\Users\\Moham\\Downloads\\FINALCLI\\none",
                        "compilationCache" : [
                          "C:\\Users\\Moham\\.codeql\\compile-cache"
                        ],
                        "relativeName" : "codeql\\javascript-queries\\Security\\CWE-601\\ClientSideUrlRedirect.ql",
                        "extractors" : [
                          "javascript"
                        ],
                        "qlPackName" : "codeql/javascript-queries"
                      }
[2026-08-14 14:45:02] Calling plumbing command: codeql resolve library-path --qlconfig-file=C:\Users\Moham\Downloads\FINALCLI\qlconfig.yml --query=C:\Users\Moham\.codeql\packages\codeql\javascript-queries\2.4.3\Security\CWE-601\ServerSideUrlRedirect.ql --find-extractors --full-library-path=none --dbscheme=none --format=json
[2026-08-14 14:45:02] [DETAILS] resolve library-path> Resolving query at normalized path C:\Users\Moham\.codeql\packages\codeql\javascript-queries\2.4.3\Security\CWE-601\ServerSideUrlRedirect.ql.
[2026-08-14 14:45:02] [DETAILS] resolve library-path> Found enclosing pack 'codeql/javascript-queries' at C:\Users\Moham\.codeql\packages\codeql\javascript-queries\2.4.3.
[2026-08-14 14:45:02] [DETAILS] resolve library-path> Adding compilation cache at C:\Users\Moham\.codeql\compile-cache.
[2026-08-14 14:45:02] [DETAILS] resolve library-path> QL pack dependencies for C:\Users\Moham\.codeql\packages\codeql\javascript-queries\2.4.3 found in cache.
[2026-08-14 14:45:02] [DETAILS] resolve library-path> Dbscheme was explicitly overridden as C:\Users\Moham\Downloads\FINALCLI\none
[2026-08-14 14:45:02] [DETAILS] resolve library-path> Library path was overridden on command line.
[2026-08-14 14:45:02] Plumbing command codeql resolve library-path completed:
                      {
                        "libraryPath" : [
                          "C:\\Users\\Moham\\Downloads\\FINALCLI\\none"
                        ],
                        "dbscheme" : "C:\\Users\\Moham\\Downloads\\FINALCLI\\none",
                        "compilationCache" : [
                          "C:\\Users\\Moham\\.codeql\\compile-cache"
                        ],
                        "relativeName" : "codeql\\javascript-queries\\Security\\CWE-601\\ServerSideUrlRedirect.ql",
                        "extractors" : [
                          "javascript"
                        ],
                        "qlPackName" : "codeql/javascript-queries"
                      }
[2026-08-14 14:45:02] Calling plumbing command: codeql resolve library-path --qlconfig-file=C:\Users\Moham\Downloads\FINALCLI\qlconfig.yml --query=C:\Users\Moham\.codeql\packages\codeql\javascript-queries\2.4.3\Security\CWE-611\Xxe.ql --find-extractors --full-library-path=none --dbscheme=none --format=json
[2026-08-14 14:45:02] [DETAILS] resolve library-path> Resolving query at normalized path C:\Users\Moham\.codeql\packages\codeql\javascript-queries\2.4.3\Security\CWE-611\Xxe.ql.
[2026-08-14 14:45:02] [DETAILS] resolve library-path> Found enclosing pack 'codeql/javascript-queries' at C:\Users\Moham\.codeql\packages\codeql\javascript-queries\2.4.3.
[2026-08-14 14:45:02] [DETAILS] resolve library-path> Adding compilation cache at C:\Users\Moham\.codeql\compile-cache.
[2026-08-14 14:45:02] [DETAILS] resolve library-path> QL pack dependencies for C:\Users\Moham\.codeql\packages\codeql\javascript-queries\2.4.3 found in cache.
[2026-08-14 14:45:02] [DETAILS] resolve library-path> Dbscheme was explicitly overridden as C:\Users\Moham\Downloads\FINALCLI\none
[2026-08-14 14:45:02] [DETAILS] resolve library-path> Library path was overridden on command line.
[2026-08-14 14:45:02] Plumbing command codeql resolve library-path completed:
                      {
                        "libraryPath" : [
                          "C:\\Users\\Moham\\Downloads\\FINALCLI\\none"
                        ],
                        "dbscheme" : "C:\\Users\\Moham\\Downloads\\FINALCLI\\none",
                        "compilationCache" : [
                          "C:\\Users\\Moham\\.codeql\\compile-cache"
                        ],
                        "relativeName" : "codeql\\javascript-queries\\Security\\CWE-611\\Xxe.ql",
                        "extractors" : [
                          "javascript"
                        ],
                        "qlPackName" : "codeql/javascript-queries"
                      }
[2026-08-14 14:45:02] Calling plumbing command: codeql resolve library-path --qlconfig-file=C:\Users\Moham\Downloads\FINALCLI\qlconfig.yml --query=C:\Users\Moham\.codeql\packages\codeql\javascript-queries\2.4.3\Security\CWE-614\ClearTextCookie.ql --find-extractors --full-library-path=none --dbscheme=none --format=json
[2026-08-14 14:45:02] [DETAILS] resolve library-path> Resolving query at normalized path C:\Users\Moham\.codeql\packages\codeql\javascript-queries\2.4.3\Security\CWE-614\ClearTextCookie.ql.
[2026-08-14 14:45:02] [DETAILS] resolve library-path> Found enclosing pack 'codeql/javascript-queries' at C:\Users\Moham\.codeql\packages\codeql\javascript-queries\2.4.3.
[2026-08-14 14:45:02] [DETAILS] resolve library-path> Adding compilation cache at C:\Users\Moham\.codeql\compile-cache.
[2026-08-14 14:45:02] [DETAILS] resolve library-path> QL pack dependencies for C:\Users\Moham\.codeql\packages\codeql\javascript-queries\2.4.3 found in cache.
[2026-08-14 14:45:02] [DETAILS] resolve library-path> Dbscheme was explicitly overridden as C:\Users\Moham\Downloads\FINALCLI\none
[2026-08-14 14:45:02] [DETAILS] resolve library-path> Library path was overridden on command line.
[2026-08-14 14:45:02] Plumbing command codeql resolve library-path completed:
                      {
                        "libraryPath" : [
                          "C:\\Users\\Moham\\Downloads\\FINALCLI\\none"
                        ],
                        "dbscheme" : "C:\\Users\\Moham\\Downloads\\FINALCLI\\none",
                        "compilationCache" : [
                          "C:\\Users\\Moham\\.codeql\\compile-cache"
                        ],
                        "relativeName" : "codeql\\javascript-queries\\Security\\CWE-614\\ClearTextCookie.ql",
                        "extractors" : [
                          "javascript"
                        ],
                        "qlPackName" : "codeql/javascript-queries"
                      }
[2026-08-14 14:45:02] Calling plumbing command: codeql resolve library-path --qlconfig-file=C:\Users\Moham\Downloads\FINALCLI\qlconfig.yml --query=C:\Users\Moham\.codeql\packages\codeql\javascript-queries\2.4.3\Security\CWE-640\HostHeaderPoisoningInEmailGeneration.ql --find-extractors --full-library-path=none --dbscheme=none --format=json
[2026-08-14 14:45:02] [DETAILS] resolve library-path> Resolving query at normalized path C:\Users\Moham\.codeql\packages\codeql\javascript-queries\2.4.3\Security\CWE-640\HostHeaderPoisoningInEmailGeneration.ql.
[2026-08-14 14:45:02] [DETAILS] resolve library-path> Found enclosing pack 'codeql/javascript-queries' at C:\Users\Moham\.codeql\packages\codeql\javascript-queries\2.4.3.
[2026-08-14 14:45:02] [DETAILS] resolve library-path> Adding compilation cache at C:\Users\Moham\.codeql\compile-cache.
[2026-08-14 14:45:02] [DETAILS] resolve library-path> QL pack dependencies for C:\Users\Moham\.codeql\packages\codeql\javascript-queries\2.4.3 found in cache.
[2026-08-14 14:45:02] [DETAILS] resolve library-path> Dbscheme was explicitly overridden as C:\Users\Moham\Downloads\FINALCLI\none
[2026-08-14 14:45:02] [DETAILS] resolve library-path> Library path was overridden on command line.
[2026-08-14 14:45:02] Plumbing command codeql resolve library-path completed:
                      {
                        "libraryPath" : [
                          "C:\\Users\\Moham\\Downloads\\FINALCLI\\none"
                        ],
                        "dbscheme" : "C:\\Users\\Moham\\Downloads\\FINALCLI\\none",
                        "compilationCache" : [
                          "C:\\Users\\Moham\\.codeql\\compile-cache"
                        ],
                        "relativeName" : "codeql\\javascript-queries\\Security\\CWE-640\\HostHeaderPoisoningInEmailGeneration.ql",
                        "extractors" : [
                          "javascript"
                        ],
                        "qlPackName" : "codeql/javascript-queries"
                      }
[2026-08-14 14:45:02] Calling plumbing command: codeql resolve library-path --qlconfig-file=C:\Users\Moham\Downloads\FINALCLI\qlconfig.yml --query=C:\Users\Moham\.codeql\packages\codeql\javascript-queries\2.4.3\Security\CWE-643\XpathInjection.ql --find-extractors --full-library-path=none --dbscheme=none --format=json
[2026-08-14 14:45:02] [DETAILS] resolve library-path> Resolving query at normalized path C:\Users\Moham\.codeql\packages\codeql\javascript-queries\2.4.3\Security\CWE-643\XpathInjection.ql.
[2026-08-14 14:45:02] [DETAILS] resolve library-path> Found enclosing pack 'codeql/javascript-queries' at C:\Users\Moham\.codeql\packages\codeql\javascript-queries\2.4.3.
[2026-08-14 14:45:02] [DETAILS] resolve library-path> Adding compilation cache at C:\Users\Moham\.codeql\compile-cache.
[2026-08-14 14:45:02] [DETAILS] resolve library-path> QL pack dependencies for C:\Users\Moham\.codeql\packages\codeql\javascript-queries\2.4.3 found in cache.
[2026-08-14 14:45:02] [DETAILS] resolve library-path> Dbscheme was explicitly overridden as C:\Users\Moham\Downloads\FINALCLI\none
[2026-08-14 14:45:02] [DETAILS] resolve library-path> Library path was overridden on command line.
[2026-08-14 14:45:02] Plumbing command codeql resolve library-path completed:
                      {
                        "libraryPath" : [
                          "C:\\Users\\Moham\\Downloads\\FINALCLI\\none"
                        ],
                        "dbscheme" : "C:\\Users\\Moham\\Downloads\\FINALCLI\\none",
                        "compilationCache" : [
                          "C:\\Users\\Moham\\.codeql\\compile-cache"
                        ],
                        "relativeName" : "codeql\\javascript-queries\\Security\\CWE-643\\XpathInjection.ql",
                        "extractors" : [
                          "javascript"
                        ],
                        "qlPackName" : "codeql/javascript-queries"
                      }
[2026-08-14 14:45:02] Calling plumbing command: codeql resolve library-path --qlconfig-file=C:\Users\Moham\Downloads\FINALCLI\qlconfig.yml --query=C:\Users\Moham\.codeql\packages\codeql\javascript-queries\2.4.3\Security\CWE-693\InsecureHelmet.ql --find-extractors --full-library-path=none --dbscheme=none --format=json
[2026-08-14 14:45:02] [DETAILS] resolve library-path> Resolving query at normalized path C:\Users\Moham\.codeql\packages\codeql\javascript-queries\2.4.3\Security\CWE-693\InsecureHelmet.ql.
[2026-08-14 14:45:02] [DETAILS] resolve library-path> Found enclosing pack 'codeql/javascript-queries' at C:\Users\Moham\.codeql\packages\codeql\javascript-queries\2.4.3.
[2026-08-14 14:45:02] [DETAILS] resolve library-path> Adding compilation cache at C:\Users\Moham\.codeql\compile-cache.
[2026-08-14 14:45:02] [DETAILS] resolve library-path> QL pack dependencies for C:\Users\Moham\.codeql\packages\codeql\javascript-queries\2.4.3 found in cache.
[2026-08-14 14:45:02] [DETAILS] resolve library-path> Dbscheme was explicitly overridden as C:\Users\Moham\Downloads\FINALCLI\none
[2026-08-14 14:45:02] [DETAILS] resolve library-path> Library path was overridden on command line.
[2026-08-14 14:45:02] Plumbing command codeql resolve library-path completed:
                      {
                        "libraryPath" : [
                          "C:\\Users\\Moham\\Downloads\\FINALCLI\\none"
                        ],
                        "dbscheme" : "C:\\Users\\Moham\\Downloads\\FINALCLI\\none",
                        "compilationCache" : [
                          "C:\\Users\\Moham\\.codeql\\compile-cache"
                        ],
                        "relativeName" : "codeql\\javascript-queries\\Security\\CWE-693\\InsecureHelmet.ql",
                        "extractors" : [
                          "javascript"
                        ],
                        "qlPackName" : "codeql/javascript-queries"
                      }
[2026-08-14 14:45:02] Calling plumbing command: codeql resolve library-path --qlconfig-file=C:\Users\Moham\Downloads\FINALCLI\qlconfig.yml --query=C:\Users\Moham\.codeql\packages\codeql\javascript-queries\2.4.3\Security\CWE-730\RegExpInjection.ql --find-extractors --full-library-path=none --dbscheme=none --format=json
[2026-08-14 14:45:02] [DETAILS] resolve library-path> Resolving query at normalized path C:\Users\Moham\.codeql\packages\codeql\javascript-queries\2.4.3\Security\CWE-730\RegExpInjection.ql.
[2026-08-14 14:45:02] [DETAILS] resolve library-path> Found enclosing pack 'codeql/javascript-queries' at C:\Users\Moham\.codeql\packages\codeql\javascript-queries\2.4.3.
[2026-08-14 14:45:02] [DETAILS] resolve library-path> Adding compilation cache at C:\Users\Moham\.codeql\compile-cache.
[2026-08-14 14:45:02] [DETAILS] resolve library-path> QL pack dependencies for C:\Users\Moham\.codeql\packages\codeql\javascript-queries\2.4.3 found in cache.
[2026-08-14 14:45:02] [DETAILS] resolve library-path> Dbscheme was explicitly overridden as C:\Users\Moham\Downloads\FINALCLI\none
[2026-08-14 14:45:02] [DETAILS] resolve library-path> Library path was overridden on command line.
[2026-08-14 14:45:02] Plumbing command codeql resolve library-path completed:
                      {
                        "libraryPath" : [
                          "C:\\Users\\Moham\\Downloads\\FINALCLI\\none"
                        ],
                        "dbscheme" : "C:\\Users\\Moham\\Downloads\\FINALCLI\\none",
                        "compilationCache" : [
                          "C:\\Users\\Moham\\.codeql\\compile-cache"
                        ],
                        "relativeName" : "codeql\\javascript-queries\\Security\\CWE-730\\RegExpInjection.ql",
                        "extractors" : [
                          "javascript"
                        ],
                        "qlPackName" : "codeql/javascript-queries"
                      }
[2026-08-14 14:45:02] Calling plumbing command: codeql resolve library-path --qlconfig-file=C:\Users\Moham\Downloads\FINALCLI\qlconfig.yml --query=C:\Users\Moham\.codeql\packages\codeql\javascript-queries\2.4.3\Security\CWE-730\ServerCrash.ql --find-extractors --full-library-path=none --dbscheme=none --format=json
[2026-08-14 14:45:02] [DETAILS] resolve library-path> Resolving query at normalized path C:\Users\Moham\.codeql\packages\codeql\javascript-queries\2.4.3\Security\CWE-730\ServerCrash.ql.
[2026-08-14 14:45:02] [DETAILS] resolve library-path> Found enclosing pack 'codeql/javascript-queries' at C:\Users\Moham\.codeql\packages\codeql\javascript-queries\2.4.3.
[2026-08-14 14:45:02] [DETAILS] resolve library-path> Adding compilation cache at C:\Users\Moham\.codeql\compile-cache.
[2026-08-14 14:45:02] [DETAILS] resolve library-path> QL pack dependencies for C:\Users\Moham\.codeql\packages\codeql\javascript-queries\2.4.3 found in cache.
[2026-08-14 14:45:02] [DETAILS] resolve library-path> Dbscheme was explicitly overridden as C:\Users\Moham\Downloads\FINALCLI\none
[2026-08-14 14:45:02] [DETAILS] resolve library-path> Library path was overridden on command line.
[2026-08-14 14:45:02] Plumbing command codeql resolve library-path completed:
                      {
                        "libraryPath" : [
                          "C:\\Users\\Moham\\Downloads\\FINALCLI\\none"
                        ],
                        "dbscheme" : "C:\\Users\\Moham\\Downloads\\FINALCLI\\none",
                        "compilationCache" : [
                          "C:\\Users\\Moham\\.codeql\\compile-cache"
                        ],
                        "relativeName" : "codeql\\javascript-queries\\Security\\CWE-730\\ServerCrash.ql",
                        "extractors" : [
                          "javascript"
                        ],
                        "qlPackName" : "codeql/javascript-queries"
                      }
[2026-08-14 14:45:02] Calling plumbing command: codeql resolve library-path --qlconfig-file=C:\Users\Moham\Downloads\FINALCLI\qlconfig.yml --query=C:\Users\Moham\.codeql\packages\codeql\javascript-queries\2.4.3\Security\CWE-754\UnvalidatedDynamicMethodCall.ql --find-extractors --full-library-path=none --dbscheme=none --format=json
[2026-08-14 14:45:02] [DETAILS] resolve library-path> Resolving query at normalized path C:\Users\Moham\.codeql\packages\codeql\javascript-queries\2.4.3\Security\CWE-754\UnvalidatedDynamicMethodCall.ql.
[2026-08-14 14:45:02] [DETAILS] resolve library-path> Found enclosing pack 'codeql/javascript-queries' at C:\Users\Moham\.codeql\packages\codeql\javascript-queries\2.4.3.
[2026-08-14 14:45:02] [DETAILS] resolve library-path> Adding compilation cache at C:\Users\Moham\.codeql\compile-cache.
[2026-08-14 14:45:02] [DETAILS] resolve library-path> QL pack dependencies for C:\Users\Moham\.codeql\packages\codeql\javascript-queries\2.4.3 found in cache.
[2026-08-14 14:45:02] [DETAILS] resolve library-path> Dbscheme was explicitly overridden as C:\Users\Moham\Downloads\FINALCLI\none
[2026-08-14 14:45:02] [DETAILS] resolve library-path> Library path was overridden on command line.
[2026-08-14 14:45:02] Plumbing command codeql resolve library-path completed:
                      {
                        "libraryPath" : [
                          "C:\\Users\\Moham\\Downloads\\FINALCLI\\none"
                        ],
                        "dbscheme" : "C:\\Users\\Moham\\Downloads\\FINALCLI\\none",
                        "compilationCache" : [
                          "C:\\Users\\Moham\\.codeql\\compile-cache"
                        ],
                        "relativeName" : "codeql\\javascript-queries\\Security\\CWE-754\\UnvalidatedDynamicMethodCall.ql",
                        "extractors" : [
                          "javascript"
                        ],
                        "qlPackName" : "codeql/javascript-queries"
                      }
[2026-08-14 14:45:02] Calling plumbing command: codeql resolve library-path --qlconfig-file=C:\Users\Moham\Downloads\FINALCLI\qlconfig.yml --query=C:\Users\Moham\.codeql\packages\codeql\javascript-queries\2.4.3\Security\CWE-770\MissingRateLimiting.ql --find-extractors --full-library-path=none --dbscheme=none --format=json
[2026-08-14 14:45:02] [DETAILS] resolve library-path> Resolving query at normalized path C:\Users\Moham\.codeql\packages\codeql\javascript-queries\2.4.3\Security\CWE-770\MissingRateLimiting.ql.
[2026-08-14 14:45:02] [DETAILS] resolve library-path> Found enclosing pack 'codeql/javascript-queries' at C:\Users\Moham\.codeql\packages\codeql\javascript-queries\2.4.3.
[2026-08-14 14:45:02] [DETAILS] resolve library-path> Adding compilation cache at C:\Users\Moham\.codeql\compile-cache.
[2026-08-14 14:45:02] [DETAILS] resolve library-path> QL pack dependencies for C:\Users\Moham\.codeql\packages\codeql\javascript-queries\2.4.3 found in cache.
[2026-08-14 14:45:02] [DETAILS] resolve library-path> Dbscheme was explicitly overridden as C:\Users\Moham\Downloads\FINALCLI\none
[2026-08-14 14:45:02] [DETAILS] resolve library-path> Library path was overridden on command line.
[2026-08-14 14:45:02] Plumbing command codeql resolve library-path completed:
                      {
                        "libraryPath" : [
                          "C:\\Users\\Moham\\Downloads\\FINALCLI\\none"
                        ],
                        "dbscheme" : "C:\\Users\\Moham\\Downloads\\FINALCLI\\none",
                        "compilationCache" : [
                          "C:\\Users\\Moham\\.codeql\\compile-cache"
                        ],
                        "relativeName" : "codeql\\javascript-queries\\Security\\CWE-770\\MissingRateLimiting.ql",
                        "extractors" : [
                          "javascript"
                        ],
                        "qlPackName" : "codeql/javascript-queries"
                      }
[2026-08-14 14:45:02] Calling plumbing command: codeql resolve library-path --qlconfig-file=C:\Users\Moham\Downloads\FINALCLI\qlconfig.yml --query=C:\Users\Moham\.codeql\packages\codeql\javascript-queries\2.4.3\Security\CWE-770\ResourceExhaustion.ql --find-extractors --full-library-path=none --dbscheme=none --format=json
[2026-08-14 14:45:02] [DETAILS] resolve library-path> Resolving query at normalized path C:\Users\Moham\.codeql\packages\codeql\javascript-queries\2.4.3\Security\CWE-770\ResourceExhaustion.ql.
[2026-08-14 14:45:02] [DETAILS] resolve library-path> Found enclosing pack 'codeql/javascript-queries' at C:\Users\Moham\.codeql\packages\codeql\javascript-queries\2.4.3.
[2026-08-14 14:45:02] [DETAILS] resolve library-path> Adding compilation cache at C:\Users\Moham\.codeql\compile-cache.
[2026-08-14 14:45:02] [DETAILS] resolve library-path> QL pack dependencies for C:\Users\Moham\.codeql\packages\codeql\javascript-queries\2.4.3 found in cache.
[2026-08-14 14:45:02] [DETAILS] resolve library-path> Dbscheme was explicitly overridden as C:\Users\Moham\Downloads\FINALCLI\none
[2026-08-14 14:45:02] [DETAILS] resolve library-path> Library path was overridden on command line.
[2026-08-14 14:45:02] Plumbing command codeql resolve library-path completed:
                      {
                        "libraryPath" : [
                          "C:\\Users\\Moham\\Downloads\\FINALCLI\\none"
                        ],
                        "dbscheme" : "C:\\Users\\Moham\\Downloads\\FINALCLI\\none",
                        "compilationCache" : [
                          "C:\\Users\\Moham\\.codeql\\compile-cache"
                        ],
                        "relativeName" : "codeql\\javascript-queries\\Security\\CWE-770\\ResourceExhaustion.ql",
                        "extractors" : [
                          "javascript"
                        ],
                        "qlPackName" : "codeql/javascript-queries"
                      }
[2026-08-14 14:45:02] Calling plumbing command: codeql resolve library-path --qlconfig-file=C:\Users\Moham\Downloads\FINALCLI\qlconfig.yml --query=C:\Users\Moham\.codeql\packages\codeql\javascript-queries\2.4.3\Security\CWE-776\XmlBomb.ql --find-extractors --full-library-path=none --dbscheme=none --format=json
[2026-08-14 14:45:02] [DETAILS] resolve library-path> Resolving query at normalized path C:\Users\Moham\.codeql\packages\codeql\javascript-queries\2.4.3\Security\CWE-776\XmlBomb.ql.
[2026-08-14 14:45:02] [DETAILS] resolve library-path> Found enclosing pack 'codeql/javascript-queries' at C:\Users\Moham\.codeql\packages\codeql\javascript-queries\2.4.3.
[2026-08-14 14:45:02] [DETAILS] resolve library-path> Adding compilation cache at C:\Users\Moham\.codeql\compile-cache.
[2026-08-14 14:45:02] [DETAILS] resolve library-path> QL pack dependencies for C:\Users\Moham\.codeql\packages\codeql\javascript-queries\2.4.3 found in cache.
[2026-08-14 14:45:02] [DETAILS] resolve library-path> Dbscheme was explicitly overridden as C:\Users\Moham\Downloads\FINALCLI\none
[2026-08-14 14:45:02] [DETAILS] resolve library-path> Library path was overridden on command line.
[2026-08-14 14:45:02] Plumbing command codeql resolve library-path completed:
                      {
                        "libraryPath" : [
                          "C:\\Users\\Moham\\Downloads\\FINALCLI\\none"
                        ],
                        "dbscheme" : "C:\\Users\\Moham\\Downloads\\FINALCLI\\none",
                        "compilationCache" : [
                          "C:\\Users\\Moham\\.codeql\\compile-cache"
                        ],
                        "relativeName" : "codeql\\javascript-queries\\Security\\CWE-776\\XmlBomb.ql",
                        "extractors" : [
                          "javascript"
                        ],
                        "qlPackName" : "codeql/javascript-queries"
                      }
[2026-08-14 14:45:02] Calling plumbing command: codeql resolve library-path --qlconfig-file=C:\Users\Moham\Downloads\FINALCLI\qlconfig.yml --query=C:\Users\Moham\.codeql\packages\codeql\javascript-queries\2.4.3\Security\CWE-829\InsecureDownload.ql --find-extractors --full-library-path=none --dbscheme=none --format=json
[2026-08-14 14:45:02] [DETAILS] resolve library-path> Resolving query at normalized path C:\Users\Moham\.codeql\packages\codeql\javascript-queries\2.4.3\Security\CWE-829\InsecureDownload.ql.
[2026-08-14 14:45:02] [DETAILS] resolve library-path> Found enclosing pack 'codeql/javascript-queries' at C:\Users\Moham\.codeql\packages\codeql\javascript-queries\2.4.3.
[2026-08-14 14:45:02] [DETAILS] resolve library-path> Adding compilation cache at C:\Users\Moham\.codeql\compile-cache.
[2026-08-14 14:45:02] [DETAILS] resolve library-path> QL pack dependencies for C:\Users\Moham\.codeql\packages\codeql\javascript-queries\2.4.3 found in cache.
[2026-08-14 14:45:02] [DETAILS] resolve library-path> Dbscheme was explicitly overridden as C:\Users\Moham\Downloads\FINALCLI\none
[2026-08-14 14:45:02] [DETAILS] resolve library-path> Library path was overridden on command line.
[2026-08-14 14:45:02] Plumbing command codeql resolve library-path completed:
                      {
                        "libraryPath" : [
                          "C:\\Users\\Moham\\Downloads\\FINALCLI\\none"
                        ],
                        "dbscheme" : "C:\\Users\\Moham\\Downloads\\FINALCLI\\none",
                        "compilationCache" : [
                          "C:\\Users\\Moham\\.codeql\\compile-cache"
                        ],
                        "relativeName" : "codeql\\javascript-queries\\Security\\CWE-829\\InsecureDownload.ql",
                        "extractors" : [
                          "javascript"
                        ],
                        "qlPackName" : "codeql/javascript-queries"
                      }
[2026-08-14 14:45:02] Calling plumbing command: codeql resolve library-path --qlconfig-file=C:\Users\Moham\Downloads\FINALCLI\qlconfig.yml --query=C:\Users\Moham\.codeql\packages\codeql\javascript-queries\2.4.3\Security\CWE-830\FunctionalityFromUntrustedDomain.ql --find-extractors --full-library-path=none --dbscheme=none --format=json
[2026-08-14 14:45:02] [DETAILS] resolve library-path> Resolving query at normalized path C:\Users\Moham\.codeql\packages\codeql\javascript-queries\2.4.3\Security\CWE-830\FunctionalityFromUntrustedDomain.ql.
[2026-08-14 14:45:02] [DETAILS] resolve library-path> Found enclosing pack 'codeql/javascript-queries' at C:\Users\Moham\.codeql\packages\codeql\javascript-queries\2.4.3.
[2026-08-14 14:45:02] [DETAILS] resolve library-path> Adding compilation cache at C:\Users\Moham\.codeql\compile-cache.
[2026-08-14 14:45:02] [DETAILS] resolve library-path> QL pack dependencies for C:\Users\Moham\.codeql\packages\codeql\javascript-queries\2.4.3 found in cache.
[2026-08-14 14:45:02] [DETAILS] resolve library-path> Dbscheme was explicitly overridden as C:\Users\Moham\Downloads\FINALCLI\none
[2026-08-14 14:45:02] [DETAILS] resolve library-path> Library path was overridden on command line.
[2026-08-14 14:45:02] Plumbing command codeql resolve library-path completed:
                      {
                        "libraryPath" : [
                          "C:\\Users\\Moham\\Downloads\\FINALCLI\\none"
                        ],
                        "dbscheme" : "C:\\Users\\Moham\\Downloads\\FINALCLI\\none",
                        "compilationCache" : [
                          "C:\\Users\\Moham\\.codeql\\compile-cache"
                        ],
                        "relativeName" : "codeql\\javascript-queries\\Security\\CWE-830\\FunctionalityFromUntrustedDomain.ql",
                        "extractors" : [
                          "javascript"
                        ],
                        "qlPackName" : "codeql/javascript-queries"
                      }
[2026-08-14 14:45:02] Calling plumbing command: codeql resolve library-path --qlconfig-file=C:\Users\Moham\Downloads\FINALCLI\qlconfig.yml --query=C:\Users\Moham\.codeql\packages\codeql\javascript-queries\2.4.3\Security\CWE-830\FunctionalityFromUntrustedSource.ql --find-extractors --full-library-path=none --dbscheme=none --format=json
[2026-08-14 14:45:02] [DETAILS] resolve library-path> Resolving query at normalized path C:\Users\Moham\.codeql\packages\codeql\javascript-queries\2.4.3\Security\CWE-830\FunctionalityFromUntrustedSource.ql.
[2026-08-14 14:45:02] [DETAILS] resolve library-path> Found enclosing pack 'codeql/javascript-queries' at C:\Users\Moham\.codeql\packages\codeql\javascript-queries\2.4.3.
[2026-08-14 14:45:02] [DETAILS] resolve library-path> Adding compilation cache at C:\Users\Moham\.codeql\compile-cache.
[2026-08-14 14:45:02] [DETAILS] resolve library-path> QL pack dependencies for C:\Users\Moham\.codeql\packages\codeql\javascript-queries\2.4.3 found in cache.
[2026-08-14 14:45:02] [DETAILS] resolve library-path> Dbscheme was explicitly overridden as C:\Users\Moham\Downloads\FINALCLI\none
[2026-08-14 14:45:02] [DETAILS] resolve library-path> Library path was overridden on command line.
[2026-08-14 14:45:02] Plumbing command codeql resolve library-path completed:
                      {
                        "libraryPath" : [
                          "C:\\Users\\Moham\\Downloads\\FINALCLI\\none"
                        ],
                        "dbscheme" : "C:\\Users\\Moham\\Downloads\\FINALCLI\\none",
                        "compilationCache" : [
                          "C:\\Users\\Moham\\.codeql\\compile-cache"
                        ],
                        "relativeName" : "codeql\\javascript-queries\\Security\\CWE-830\\FunctionalityFromUntrustedSource.ql",
                        "extractors" : [
                          "javascript"
                        ],
                        "qlPackName" : "codeql/javascript-queries"
                      }
[2026-08-14 14:45:02] Calling plumbing command: codeql resolve library-path --qlconfig-file=C:\Users\Moham\Downloads\FINALCLI\qlconfig.yml --query=C:\Users\Moham\.codeql\packages\codeql\javascript-queries\2.4.3\Security\CWE-834\LoopBoundInjection.ql --find-extractors --full-library-path=none --dbscheme=none --format=json
[2026-08-14 14:45:02] [DETAILS] resolve library-path> Resolving query at normalized path C:\Users\Moham\.codeql\packages\codeql\javascript-queries\2.4.3\Security\CWE-834\LoopBoundInjection.ql.
[2026-08-14 14:45:02] [DETAILS] resolve library-path> Found enclosing pack 'codeql/javascript-queries' at C:\Users\Moham\.codeql\packages\codeql\javascript-queries\2.4.3.
[2026-08-14 14:45:02] [DETAILS] resolve library-path> Adding compilation cache at C:\Users\Moham\.codeql\compile-cache.
[2026-08-14 14:45:02] [DETAILS] resolve library-path> QL pack dependencies for C:\Users\Moham\.codeql\packages\codeql\javascript-queries\2.4.3 found in cache.
[2026-08-14 14:45:02] [DETAILS] resolve library-path> Dbscheme was explicitly overridden as C:\Users\Moham\Downloads\FINALCLI\none
[2026-08-14 14:45:02] [DETAILS] resolve library-path> Library path was overridden on command line.
[2026-08-14 14:45:02] Plumbing command codeql resolve library-path completed:
                      {
                        "libraryPath" : [
                          "C:\\Users\\Moham\\Downloads\\FINALCLI\\none"
                        ],
                        "dbscheme" : "C:\\Users\\Moham\\Downloads\\FINALCLI\\none",
                        "compilationCache" : [
                          "C:\\Users\\Moham\\.codeql\\compile-cache"
                        ],
                        "relativeName" : "codeql\\javascript-queries\\Security\\CWE-834\\LoopBoundInjection.ql",
                        "extractors" : [
                          "javascript"
                        ],
                        "qlPackName" : "codeql/javascript-queries"
                      }
[2026-08-14 14:45:02] Calling plumbing command: codeql resolve library-path --qlconfig-file=C:\Users\Moham\Downloads\FINALCLI\qlconfig.yml --query=C:\Users\Moham\.codeql\packages\codeql\javascript-queries\2.4.3\Security\CWE-843\TypeConfusionThroughParameterTampering.ql --find-extractors --full-library-path=none --dbscheme=none --format=json
[2026-08-14 14:45:02] [DETAILS] resolve library-path> Resolving query at normalized path C:\Users\Moham\.codeql\packages\codeql\javascript-queries\2.4.3\Security\CWE-843\TypeConfusionThroughParameterTampering.ql.
[2026-08-14 14:45:02] [DETAILS] resolve library-path> Found enclosing pack 'codeql/javascript-queries' at C:\Users\Moham\.codeql\packages\codeql\javascript-queries\2.4.3.
[2026-08-14 14:45:02] [DETAILS] resolve library-path> Adding compilation cache at C:\Users\Moham\.codeql\compile-cache.
[2026-08-14 14:45:02] [DETAILS] resolve library-path> QL pack dependencies for C:\Users\Moham\.codeql\packages\codeql\javascript-queries\2.4.3 found in cache.
[2026-08-14 14:45:02] [DETAILS] resolve library-path> Dbscheme was explicitly overridden as C:\Users\Moham\Downloads\FINALCLI\none
[2026-08-14 14:45:02] [DETAILS] resolve library-path> Library path was overridden on command line.
[2026-08-14 14:45:02] Plumbing command codeql resolve library-path completed:
                      {
                        "libraryPath" : [
                          "C:\\Users\\Moham\\Downloads\\FINALCLI\\none"
                        ],
                        "dbscheme" : "C:\\Users\\Moham\\Downloads\\FINALCLI\\none",
                        "compilationCache" : [
                          "C:\\Users\\Moham\\.codeql\\compile-cache"
                        ],
                        "relativeName" : "codeql\\javascript-queries\\Security\\CWE-843\\TypeConfusionThroughParameterTampering.ql",
                        "extractors" : [
                          "javascript"
                        ],
                        "qlPackName" : "codeql/javascript-queries"
                      }
[2026-08-14 14:45:02] Calling plumbing command: codeql resolve library-path --qlconfig-file=C:\Users\Moham\Downloads\FINALCLI\qlconfig.yml --query=C:\Users\Moham\.codeql\packages\codeql\javascript-queries\2.4.3\Security\CWE-915\PrototypePollutingAssignment.ql --find-extractors --full-library-path=none --dbscheme=none --format=json
[2026-08-14 14:45:02] [DETAILS] resolve library-path> Resolving query at normalized path C:\Users\Moham\.codeql\packages\codeql\javascript-queries\2.4.3\Security\CWE-915\PrototypePollutingAssignment.ql.
[2026-08-14 14:45:02] [DETAILS] resolve library-path> Found enclosing pack 'codeql/javascript-queries' at C:\Users\Moham\.codeql\packages\codeql\javascript-queries\2.4.3.
[2026-08-14 14:45:02] [DETAILS] resolve library-path> Adding compilation cache at C:\Users\Moham\.codeql\compile-cache.
[2026-08-14 14:45:02] [DETAILS] resolve library-path> QL pack dependencies for C:\Users\Moham\.codeql\packages\codeql\javascript-queries\2.4.3 found in cache.
[2026-08-14 14:45:02] [DETAILS] resolve library-path> Dbscheme was explicitly overridden as C:\Users\Moham\Downloads\FINALCLI\none
[2026-08-14 14:45:02] [DETAILS] resolve library-path> Library path was overridden on command line.
[2026-08-14 14:45:02] Plumbing command codeql resolve library-path completed:
                      {
                        "libraryPath" : [
                          "C:\\Users\\Moham\\Downloads\\FINALCLI\\none"
                        ],
                        "dbscheme" : "C:\\Users\\Moham\\Downloads\\FINALCLI\\none",
                        "compilationCache" : [
                          "C:\\Users\\Moham\\.codeql\\compile-cache"
                        ],
                        "relativeName" : "codeql\\javascript-queries\\Security\\CWE-915\\PrototypePollutingAssignment.ql",
                        "extractors" : [
                          "javascript"
                        ],
                        "qlPackName" : "codeql/javascript-queries"
                      }
[2026-08-14 14:45:02] Calling plumbing command: codeql resolve library-path --qlconfig-file=C:\Users\Moham\Downloads\FINALCLI\qlconfig.yml --query=C:\Users\Moham\.codeql\packages\codeql\javascript-queries\2.4.3\Security\CWE-915\PrototypePollutingFunction.ql --find-extractors --full-library-path=none --dbscheme=none --format=json
[2026-08-14 14:45:02] [DETAILS] resolve library-path> Resolving query at normalized path C:\Users\Moham\.codeql\packages\codeql\javascript-queries\2.4.3\Security\CWE-915\PrototypePollutingFunction.ql.
[2026-08-14 14:45:02] [DETAILS] resolve library-path> Found enclosing pack 'codeql/javascript-queries' at C:\Users\Moham\.codeql\packages\codeql\javascript-queries\2.4.3.
[2026-08-14 14:45:02] [DETAILS] resolve library-path> Adding compilation cache at C:\Users\Moham\.codeql\compile-cache.
[2026-08-14 14:45:02] [DETAILS] resolve library-path> QL pack dependencies for C:\Users\Moham\.codeql\packages\codeql\javascript-queries\2.4.3 found in cache.
[2026-08-14 14:45:02] [DETAILS] resolve library-path> Dbscheme was explicitly overridden as C:\Users\Moham\Downloads\FINALCLI\none
[2026-08-14 14:45:02] [DETAILS] resolve library-path> Library path was overridden on command line.
[2026-08-14 14:45:02] Plumbing command codeql resolve library-path completed:
                      {
                        "libraryPath" : [
                          "C:\\Users\\Moham\\Downloads\\FINALCLI\\none"
                        ],
                        "dbscheme" : "C:\\Users\\Moham\\Downloads\\FINALCLI\\none",
                        "compilationCache" : [
                          "C:\\Users\\Moham\\.codeql\\compile-cache"
                        ],
                        "relativeName" : "codeql\\javascript-queries\\Security\\CWE-915\\PrototypePollutingFunction.ql",
                        "extractors" : [
                          "javascript"
                        ],
                        "qlPackName" : "codeql/javascript-queries"
                      }
[2026-08-14 14:45:02] Calling plumbing command: codeql resolve library-path --qlconfig-file=C:\Users\Moham\Downloads\FINALCLI\qlconfig.yml --query=C:\Users\Moham\.codeql\packages\codeql\javascript-queries\2.4.3\Security\CWE-915\PrototypePollutingMergeCall.ql --find-extractors --full-library-path=none --dbscheme=none --format=json
[2026-08-14 14:45:02] [DETAILS] resolve library-path> Resolving query at normalized path C:\Users\Moham\.codeql\packages\codeql\javascript-queries\2.4.3\Security\CWE-915\PrototypePollutingMergeCall.ql.
[2026-08-14 14:45:02] [DETAILS] resolve library-path> Found enclosing pack 'codeql/javascript-queries' at C:\Users\Moham\.codeql\packages\codeql\javascript-queries\2.4.3.
[2026-08-14 14:45:02] [DETAILS] resolve library-path> Adding compilation cache at C:\Users\Moham\.codeql\compile-cache.
[2026-08-14 14:45:02] [DETAILS] resolve library-path> QL pack dependencies for C:\Users\Moham\.codeql\packages\codeql\javascript-queries\2.4.3 found in cache.
[2026-08-14 14:45:02] [DETAILS] resolve library-path> Dbscheme was explicitly overridden as C:\Users\Moham\Downloads\FINALCLI\none
[2026-08-14 14:45:02] [DETAILS] resolve library-path> Library path was overridden on command line.
[2026-08-14 14:45:02] Plumbing command codeql resolve library-path completed:
                      {
                        "libraryPath" : [
                          "C:\\Users\\Moham\\Downloads\\FINALCLI\\none"
                        ],
                        "dbscheme" : "C:\\Users\\Moham\\Downloads\\FINALCLI\\none",
                        "compilationCache" : [
                          "C:\\Users\\Moham\\.codeql\\compile-cache"
                        ],
                        "relativeName" : "codeql\\javascript-queries\\Security\\CWE-915\\PrototypePollutingMergeCall.ql",
                        "extractors" : [
                          "javascript"
                        ],
                        "qlPackName" : "codeql/javascript-queries"
                      }
[2026-08-14 14:45:02] Calling plumbing command: codeql resolve library-path --qlconfig-file=C:\Users\Moham\Downloads\FINALCLI\qlconfig.yml --query=C:\Users\Moham\.codeql\packages\codeql\javascript-queries\2.4.3\Security\CWE-916\InsufficientPasswordHash.ql --find-extractors --full-library-path=none --dbscheme=none --format=json
[2026-08-14 14:45:02] [DETAILS] resolve library-path> Resolving query at normalized path C:\Users\Moham\.codeql\packages\codeql\javascript-queries\2.4.3\Security\CWE-916\InsufficientPasswordHash.ql.
[2026-08-14 14:45:02] [DETAILS] resolve library-path> Found enclosing pack 'codeql/javascript-queries' at C:\Users\Moham\.codeql\packages\codeql\javascript-queries\2.4.3.
[2026-08-14 14:45:02] [DETAILS] resolve library-path> Adding compilation cache at C:\Users\Moham\.codeql\compile-cache.
[2026-08-14 14:45:02] [DETAILS] resolve library-path> QL pack dependencies for C:\Users\Moham\.codeql\packages\codeql\javascript-queries\2.4.3 found in cache.
[2026-08-14 14:45:02] [DETAILS] resolve library-path> Dbscheme was explicitly overridden as C:\Users\Moham\Downloads\FINALCLI\none
[2026-08-14 14:45:02] [DETAILS] resolve library-path> Library path was overridden on command line.
[2026-08-14 14:45:02] Plumbing command codeql resolve library-path completed:
                      {
                        "libraryPath" : [
                          "C:\\Users\\Moham\\Downloads\\FINALCLI\\none"
                        ],
                        "dbscheme" : "C:\\Users\\Moham\\Downloads\\FINALCLI\\none",
                        "compilationCache" : [
                          "C:\\Users\\Moham\\.codeql\\compile-cache"
                        ],
                        "relativeName" : "codeql\\javascript-queries\\Security\\CWE-916\\InsufficientPasswordHash.ql",
                        "extractors" : [
                          "javascript"
                        ],
                        "qlPackName" : "codeql/javascript-queries"
                      }
[2026-08-14 14:45:02] Calling plumbing command: codeql resolve library-path --qlconfig-file=C:\Users\Moham\Downloads\FINALCLI\qlconfig.yml --query=C:\Users\Moham\.codeql\packages\codeql\javascript-queries\2.4.3\Security\CWE-918\RequestForgery.ql --find-extractors --full-library-path=none --dbscheme=none --format=json
[2026-08-14 14:45:02] [DETAILS] resolve library-path> Resolving query at normalized path C:\Users\Moham\.codeql\packages\codeql\javascript-queries\2.4.3\Security\CWE-918\RequestForgery.ql.
[2026-08-14 14:45:02] [DETAILS] resolve library-path> Found enclosing pack 'codeql/javascript-queries' at C:\Users\Moham\.codeql\packages\codeql\javascript-queries\2.4.3.
[2026-08-14 14:45:02] [DETAILS] resolve library-path> Adding compilation cache at C:\Users\Moham\.codeql\compile-cache.
[2026-08-14 14:45:02] [DETAILS] resolve library-path> QL pack dependencies for C:\Users\Moham\.codeql\packages\codeql\javascript-queries\2.4.3 found in cache.
[2026-08-14 14:45:02] [DETAILS] resolve library-path> Dbscheme was explicitly overridden as C:\Users\Moham\Downloads\FINALCLI\none
[2026-08-14 14:45:02] [DETAILS] resolve library-path> Library path was overridden on command line.
[2026-08-14 14:45:02] Plumbing command codeql resolve library-path completed:
                      {
                        "libraryPath" : [
                          "C:\\Users\\Moham\\Downloads\\FINALCLI\\none"
                        ],
                        "dbscheme" : "C:\\Users\\Moham\\Downloads\\FINALCLI\\none",
                        "compilationCache" : [
                          "C:\\Users\\Moham\\.codeql\\compile-cache"
                        ],
                        "relativeName" : "codeql\\javascript-queries\\Security\\CWE-918\\RequestForgery.ql",
                        "extractors" : [
                          "javascript"
                        ],
                        "qlPackName" : "codeql/javascript-queries"
                      }
[2026-08-14 14:45:02] Calling plumbing command: codeql resolve library-path --qlconfig-file=C:\Users\Moham\Downloads\FINALCLI\qlconfig.yml --query=C:\Users\Moham\.codeql\packages\codeql\javascript-queries\2.4.3\Security\CWE-942\CorsPermissiveConfiguration.ql --find-extractors --full-library-path=none --dbscheme=none --format=json
[2026-08-14 14:45:02] [DETAILS] resolve library-path> Resolving query at normalized path C:\Users\Moham\.codeql\packages\codeql\javascript-queries\2.4.3\Security\CWE-942\CorsPermissiveConfiguration.ql.
[2026-08-14 14:45:02] [DETAILS] resolve library-path> Found enclosing pack 'codeql/javascript-queries' at C:\Users\Moham\.codeql\packages\codeql\javascript-queries\2.4.3.
[2026-08-14 14:45:02] [DETAILS] resolve library-path> Adding compilation cache at C:\Users\Moham\.codeql\compile-cache.
[2026-08-14 14:45:02] [DETAILS] resolve library-path> QL pack dependencies for C:\Users\Moham\.codeql\packages\codeql\javascript-queries\2.4.3 found in cache.
[2026-08-14 14:45:02] [DETAILS] resolve library-path> Dbscheme was explicitly overridden as C:\Users\Moham\Downloads\FINALCLI\none
[2026-08-14 14:45:02] [DETAILS] resolve library-path> Library path was overridden on command line.
[2026-08-14 14:45:02] Plumbing command codeql resolve library-path completed:
                      {
                        "libraryPath" : [
                          "C:\\Users\\Moham\\Downloads\\FINALCLI\\none"
                        ],
                        "dbscheme" : "C:\\Users\\Moham\\Downloads\\FINALCLI\\none",
                        "compilationCache" : [
                          "C:\\Users\\Moham\\.codeql\\compile-cache"
                        ],
                        "relativeName" : "codeql\\javascript-queries\\Security\\CWE-942\\CorsPermissiveConfiguration.ql",
                        "extractors" : [
                          "javascript"
                        ],
                        "qlPackName" : "codeql/javascript-queries"
                      }
[2026-08-14 14:45:02] Calling plumbing command: codeql resolve library-path --qlconfig-file=C:\Users\Moham\Downloads\FINALCLI\qlconfig.yml --query=C:\Users\Moham\.codeql\packages\codeql\javascript-queries\2.4.3\Diagnostics\ExtractedFiles.ql --find-extractors --full-library-path=none --dbscheme=none --format=json
[2026-08-14 14:45:02] [DETAILS] resolve library-path> Resolving query at normalized path C:\Users\Moham\.codeql\packages\codeql\javascript-queries\2.4.3\Diagnostics\ExtractedFiles.ql.
[2026-08-14 14:45:02] [DETAILS] resolve library-path> Found enclosing pack 'codeql/javascript-queries' at C:\Users\Moham\.codeql\packages\codeql\javascript-queries\2.4.3.
[2026-08-14 14:45:02] [DETAILS] resolve library-path> Adding compilation cache at C:\Users\Moham\.codeql\compile-cache.
[2026-08-14 14:45:02] [DETAILS] resolve library-path> QL pack dependencies for C:\Users\Moham\.codeql\packages\codeql\javascript-queries\2.4.3 found in cache.
[2026-08-14 14:45:02] [DETAILS] resolve library-path> Dbscheme was explicitly overridden as C:\Users\Moham\Downloads\FINALCLI\none
[2026-08-14 14:45:02] [DETAILS] resolve library-path> Library path was overridden on command line.
[2026-08-14 14:45:02] Plumbing command codeql resolve library-path completed:
                      {
                        "libraryPath" : [
                          "C:\\Users\\Moham\\Downloads\\FINALCLI\\none"
                        ],
                        "dbscheme" : "C:\\Users\\Moham\\Downloads\\FINALCLI\\none",
                        "compilationCache" : [
                          "C:\\Users\\Moham\\.codeql\\compile-cache"
                        ],
                        "relativeName" : "codeql\\javascript-queries\\Diagnostics\\ExtractedFiles.ql",
                        "extractors" : [
                          "javascript"
                        ],
                        "qlPackName" : "codeql/javascript-queries"
                      }
[2026-08-14 14:45:02] Calling plumbing command: codeql resolve library-path --qlconfig-file=C:\Users\Moham\Downloads\FINALCLI\qlconfig.yml --query=C:\Users\Moham\.codeql\packages\codeql\javascript-queries\2.4.3\Diagnostics\ExtractionErrors.ql --find-extractors --full-library-path=none --dbscheme=none --format=json
[2026-08-14 14:45:02] [DETAILS] resolve library-path> Resolving query at normalized path C:\Users\Moham\.codeql\packages\codeql\javascript-queries\2.4.3\Diagnostics\ExtractionErrors.ql.
[2026-08-14 14:45:02] [DETAILS] resolve library-path> Found enclosing pack 'codeql/javascript-queries' at C:\Users\Moham\.codeql\packages\codeql\javascript-queries\2.4.3.
[2026-08-14 14:45:02] [DETAILS] resolve library-path> Adding compilation cache at C:\Users\Moham\.codeql\compile-cache.
[2026-08-14 14:45:02] [DETAILS] resolve library-path> QL pack dependencies for C:\Users\Moham\.codeql\packages\codeql\javascript-queries\2.4.3 found in cache.
[2026-08-14 14:45:02] [DETAILS] resolve library-path> Dbscheme was explicitly overridden as C:\Users\Moham\Downloads\FINALCLI\none
[2026-08-14 14:45:02] [DETAILS] resolve library-path> Library path was overridden on command line.
[2026-08-14 14:45:02] Plumbing command codeql resolve library-path completed:
                      {
                        "libraryPath" : [
                          "C:\\Users\\Moham\\Downloads\\FINALCLI\\none"
                        ],
                        "dbscheme" : "C:\\Users\\Moham\\Downloads\\FINALCLI\\none",
                        "compilationCache" : [
                          "C:\\Users\\Moham\\.codeql\\compile-cache"
                        ],
                        "relativeName" : "codeql\\javascript-queries\\Diagnostics\\ExtractionErrors.ql",
                        "extractors" : [
                          "javascript"
                        ],
                        "qlPackName" : "codeql/javascript-queries"
                      }
[2026-08-14 14:45:02] Calling plumbing command: codeql resolve library-path --qlconfig-file=C:\Users\Moham\Downloads\FINALCLI\qlconfig.yml --query=C:\Users\Moham\.codeql\packages\codeql\javascript-queries\2.4.3\Summary\LinesOfCode.ql --find-extractors --full-library-path=none --dbscheme=none --format=json
[2026-08-14 14:45:02] [DETAILS] resolve library-path> Resolving query at normalized path C:\Users\Moham\.codeql\packages\codeql\javascript-queries\2.4.3\Summary\LinesOfCode.ql.
[2026-08-14 14:45:02] [DETAILS] resolve library-path> Found enclosing pack 'codeql/javascript-queries' at C:\Users\Moham\.codeql\packages\codeql\javascript-queries\2.4.3.
[2026-08-14 14:45:02] [DETAILS] resolve library-path> Adding compilation cache at C:\Users\Moham\.codeql\compile-cache.
[2026-08-14 14:45:02] [DETAILS] resolve library-path> QL pack dependencies for C:\Users\Moham\.codeql\packages\codeql\javascript-queries\2.4.3 found in cache.
[2026-08-14 14:45:02] [DETAILS] resolve library-path> Dbscheme was explicitly overridden as C:\Users\Moham\Downloads\FINALCLI\none
[2026-08-14 14:45:02] [DETAILS] resolve library-path> Library path was overridden on command line.
[2026-08-14 14:45:02] Plumbing command codeql resolve library-path completed:
                      {
                        "libraryPath" : [
                          "C:\\Users\\Moham\\Downloads\\FINALCLI\\none"
                        ],
                        "dbscheme" : "C:\\Users\\Moham\\Downloads\\FINALCLI\\none",
                        "compilationCache" : [
                          "C:\\Users\\Moham\\.codeql\\compile-cache"
                        ],
                        "relativeName" : "codeql\\javascript-queries\\Summary\\LinesOfCode.ql",
                        "extractors" : [
                          "javascript"
                        ],
                        "qlPackName" : "codeql/javascript-queries"
                      }
[2026-08-14 14:45:02] Calling plumbing command: codeql resolve library-path --qlconfig-file=C:\Users\Moham\Downloads\FINALCLI\qlconfig.yml --query=C:\Users\Moham\.codeql\packages\codeql\javascript-queries\2.4.3\Summary\LinesOfUserCode.ql --find-extractors --full-library-path=none --dbscheme=none --format=json
[2026-08-14 14:45:02] [DETAILS] resolve library-path> Resolving query at normalized path C:\Users\Moham\.codeql\packages\codeql\javascript-queries\2.4.3\Summary\LinesOfUserCode.ql.
[2026-08-14 14:45:02] [DETAILS] resolve library-path> Found enclosing pack 'codeql/javascript-queries' at C:\Users\Moham\.codeql\packages\codeql\javascript-queries\2.4.3.
[2026-08-14 14:45:02] [DETAILS] resolve library-path> Adding compilation cache at C:\Users\Moham\.codeql\compile-cache.
[2026-08-14 14:45:02] [DETAILS] resolve library-path> QL pack dependencies for C:\Users\Moham\.codeql\packages\codeql\javascript-queries\2.4.3 found in cache.
[2026-08-14 14:45:02] [DETAILS] resolve library-path> Dbscheme was explicitly overridden as C:\Users\Moham\Downloads\FINALCLI\none
[2026-08-14 14:45:02] [DETAILS] resolve library-path> Library path was overridden on command line.
[2026-08-14 14:45:02] Plumbing command codeql resolve library-path completed:
                      {
                        "libraryPath" : [
                          "C:\\Users\\Moham\\Downloads\\FINALCLI\\none"
                        ],
                        "dbscheme" : "C:\\Users\\Moham\\Downloads\\FINALCLI\\none",
                        "compilationCache" : [
                          "C:\\Users\\Moham\\.codeql\\compile-cache"
                        ],
                        "relativeName" : "codeql\\javascript-queries\\Summary\\LinesOfUserCode.ql",
                        "extractors" : [
                          "javascript"
                        ],
                        "qlPackName" : "codeql/javascript-queries"
                      }
[2026-08-14 14:45:02] Plumbing command codeql resolve queries completed:
                      {
                        "byLanguage" : {
                          "javascript" : {
                            "C:\\Users\\Moham\\.codeql\\packages\\codeql\\javascript-queries\\2.4.3\\AngularJS\\DisablingSce.ql" : { },
                            "C:\\Users\\Moham\\.codeql\\packages\\codeql\\javascript-queries\\2.4.3\\AngularJS\\DoubleCompilation.ql" : { },
                            "C:\\Users\\Moham\\.codeql\\packages\\codeql\\javascript-queries\\2.4.3\\AngularJS\\InsecureUrlWhitelist.ql" : { },
                            "C:\\Users\\Moham\\.codeql\\packages\\codeql\\javascript-queries\\2.4.3\\Electron\\AllowRunningInsecureContent.ql" : { },
                            "C:\\Users\\Moham\\.codeql\\packages\\codeql\\javascript-queries\\2.4.3\\Electron\\DisablingWebSecurity.ql" : { },
                            "C:\\Users\\Moham\\.codeql\\packages\\codeql\\javascript-queries\\2.4.3\\Performance\\PolynomialReDoS.ql" : { },
                            "C:\\Users\\Moham\\.codeql\\packages\\codeql\\javascript-queries\\2.4.3\\Performance\\ReDoS.ql" : { },
                            "C:\\Users\\Moham\\.codeql\\packages\\codeql\\javascript-queries\\2.4.3\\RegExp\\IdentityReplacement.ql" : { },
                            "C:\\Users\\Moham\\.codeql\\packages\\codeql\\javascript-queries\\2.4.3\\Security\\CWE-020\\IncompleteHostnameRegExp.ql" : { },
                            "C:\\Users\\Moham\\.codeql\\packages\\codeql\\javascript-queries\\2.4.3\\Security\\CWE-020\\IncompleteUrlSchemeCheck.ql" : { },
                            "C:\\Users\\Moham\\.codeql\\packages\\codeql\\javascript-queries\\2.4.3\\Security\\CWE-020\\IncompleteUrlSubstringSanitization.ql" : { },
                            "C:\\Users\\Moham\\.codeql\\packages\\codeql\\javascript-queries\\2.4.3\\Security\\CWE-020\\IncorrectSuffixCheck.ql" : { },
                            "C:\\Users\\Moham\\.codeql\\packages\\codeql\\javascript-queries\\2.4.3\\Security\\CWE-020\\OverlyLargeRange.ql" : { },
                            "C:\\Users\\Moham\\.codeql\\packages\\codeql\\javascript-queries\\2.4.3\\Security\\CWE-020\\UselessRegExpCharacterEscape.ql" : { },
                            "C:\\Users\\Moham\\.codeql\\packages\\codeql\\javascript-queries\\2.4.3\\Security\\CWE-022\\TaintedPath.ql" : { },
                            "C:\\Users\\Moham\\.codeql\\packages\\codeql\\javascript-queries\\2.4.3\\Security\\CWE-022\\ZipSlip.ql" : { },
                            "C:\\Users\\Moham\\.codeql\\packages\\codeql\\javascript-queries\\2.4.3\\Security\\CWE-073\\TemplateObjectInjection.ql" : { },
                            "C:\\Users\\Moham\\.codeql\\packages\\codeql\\javascript-queries\\2.4.3\\Security\\CWE-078\\CommandInjection.ql" : { },
                            "C:\\Users\\Moham\\.codeql\\packages\\codeql\\javascript-queries\\2.4.3\\Security\\CWE-078\\SecondOrderCommandInjection.ql" : { },
                            "C:\\Users\\Moham\\.codeql\\packages\\codeql\\javascript-queries\\2.4.3\\Security\\CWE-078\\ShellCommandInjectionFromEnvironment.ql" : { },
                            "C:\\Users\\Moham\\.codeql\\packages\\codeql\\javascript-queries\\2.4.3\\Security\\CWE-078\\UnsafeShellCommandConstruction.ql" : { },
                            "C:\\Users\\Moham\\.codeql\\packages\\codeql\\javascript-queries\\2.4.3\\Security\\CWE-078\\UselessUseOfCat.ql" : { },
                            "C:\\Users\\Moham\\.codeql\\packages\\codeql\\javascript-queries\\2.4.3\\Security\\CWE-079\\ExceptionXss.ql" : { },
                            "C:\\Users\\Moham\\.codeql\\packages\\codeql\\javascript-queries\\2.4.3\\Security\\CWE-079\\ReflectedXss.ql" : { },
                            "C:\\Users\\Moham\\.codeql\\packages\\codeql\\javascript-queries\\2.4.3\\Security\\CWE-079\\StoredXss.ql" : { },
                            "C:\\Users\\Moham\\.codeql\\packages\\codeql\\javascript-queries\\2.4.3\\Security\\CWE-079\\UnsafeHtmlConstruction.ql" : { },
                            "C:\\Users\\Moham\\.codeql\\packages\\codeql\\javascript-queries\\2.4.3\\Security\\CWE-079\\UnsafeJQueryPlugin.ql" : { },
                            "C:\\Users\\Moham\\.codeql\\packages\\codeql\\javascript-queries\\2.4.3\\Security\\CWE-079\\Xss.ql" : { },
                            "C:\\Users\\Moham\\.codeql\\packages\\codeql\\javascript-queries\\2.4.3\\Security\\CWE-079\\XssThroughDom.ql" : { },
                            "C:\\Users\\Moham\\.codeql\\packages\\codeql\\javascript-queries\\2.4.3\\Security\\CWE-089\\SqlInjection.ql" : { },
                            "C:\\Users\\Moham\\.codeql\\packages\\codeql\\javascript-queries\\2.4.3\\Security\\CWE-094\\CodeInjection.ql" : { },
                            "C:\\Users\\Moham\\.codeql\\packages\\codeql\\javascript-queries\\2.4.3\\Security\\CWE-094\\ImproperCodeSanitization.ql" : { },
                            "C:\\Users\\Moham\\.codeql\\packages\\codeql\\javascript-queries\\2.4.3\\Security\\CWE-094\\UnsafeDynamicMethodAccess.ql" : { },
                            "C:\\Users\\Moham\\.codeql\\packages\\codeql\\javascript-queries\\2.4.3\\Security\\CWE-1004\\ClientExposedCookie.ql" : { },
                            "C:\\Users\\Moham\\.codeql\\packages\\codeql\\javascript-queries\\2.4.3\\Security\\CWE-116\\BadTagFilter.ql" : { },
                            "C:\\Users\\Moham\\.codeql\\packages\\codeql\\javascript-queries\\2.4.3\\Security\\CWE-116\\DoubleEscaping.ql" : { },
                            "C:\\Users\\Moham\\.codeql\\packages\\codeql\\javascript-queries\\2.4.3\\Security\\CWE-116\\IncompleteHtmlAttributeSanitization.ql" : { },
                            "C:\\Users\\Moham\\.codeql\\packages\\codeql\\javascript-queries\\2.4.3\\Security\\CWE-116\\IncompleteMultiCharacterSanitization.ql" : { },
                            "C:\\Users\\Moham\\.codeql\\packages\\codeql\\javascript-queries\\2.4.3\\Security\\CWE-116\\IncompleteSanitization.ql" : { },
                            "C:\\Users\\Moham\\.codeql\\packages\\codeql\\javascript-queries\\2.4.3\\Security\\CWE-116\\UnsafeHtmlExpansion.ql" : { },
                            "C:\\Users\\Moham\\.codeql\\packages\\codeql\\javascript-queries\\2.4.3\\Security\\CWE-134\\TaintedFormatString.ql" : { },
                            "C:\\Users\\Moham\\.codeql\\packages\\codeql\\javascript-queries\\2.4.3\\Security\\CWE-1427\\SystemPromptInjection.ql" : { },
                            "C:\\Users\\Moham\\.codeql\\packages\\codeql\\javascript-queries\\2.4.3\\Security\\CWE-178\\CaseSensitiveMiddlewarePath.ql" : { },
                            "C:\\Users\\Moham\\.codeql\\packages\\codeql\\javascript-queries\\2.4.3\\Security\\CWE-200\\PrivateFileExposure.ql" : { },
                            "C:\\Users\\Moham\\.codeql\\packages\\codeql\\javascript-queries\\2.4.3\\Security\\CWE-201\\PostMessageStar.ql" : { },
                            "C:\\Users\\Moham\\.codeql\\packages\\codeql\\javascript-queries\\2.4.3\\Security\\CWE-209\\StackTraceExposure.ql" : { },
                            "C:\\Users\\Moham\\.codeql\\packages\\codeql\\javascript-queries\\2.4.3\\Security\\CWE-295\\DisablingCertificateValidation.ql" : { },
                            "C:\\Users\\Moham\\.codeql\\packages\\codeql\\javascript-queries\\2.4.3\\Security\\CWE-300\\InsecureDependencyResolution.ql" : { },
                            "C:\\Users\\Moham\\.codeql\\packages\\codeql\\javascript-queries\\2.4.3\\Security\\CWE-312\\BuildArtifactLeak.ql" : { },
                            "C:\\Users\\Moham\\.codeql\\packages\\codeql\\javascript-queries\\2.4.3\\Security\\CWE-312\\CleartextLogging.ql" : { },
                            "C:\\Users\\Moham\\.codeql\\packages\\codeql\\javascript-queries\\2.4.3\\Security\\CWE-312\\CleartextStorage.ql" : { },
                            "C:\\Users\\Moham\\.codeql\\packages\\codeql\\javascript-queries\\2.4.3\\Security\\CWE-326\\InsufficientKeySize.ql" : { },
                            "C:\\Users\\Moham\\.codeql\\packages\\codeql\\javascript-queries\\2.4.3\\Security\\CWE-327\\BadRandomness.ql" : { },
                            "C:\\Users\\Moham\\.codeql\\packages\\codeql\\javascript-queries\\2.4.3\\Security\\CWE-327\\BrokenCryptoAlgorithm.ql" : { },
                            "C:\\Users\\Moham\\.codeql\\packages\\codeql\\javascript-queries\\2.4.3\\Security\\CWE-338\\InsecureRandomness.ql" : { },
                            "C:\\Users\\Moham\\.codeql\\packages\\codeql\\javascript-queries\\2.4.3\\Security\\CWE-346\\CorsMisconfigurationForCredentials.ql" : { },
                            "C:\\Users\\Moham\\.codeql\\packages\\codeql\\javascript-queries\\2.4.3\\Security\\CWE-347\\MissingJWTKeyVerification.ql" : { },
                            "C:\\Users\\Moham\\.codeql\\packages\\codeql\\javascript-queries\\2.4.3\\Security\\CWE-352\\MissingCsrfMiddleware.ql" : { },
                            "C:\\Users\\Moham\\.codeql\\packages\\codeql\\javascript-queries\\2.4.3\\Security\\CWE-400\\DeepObjectResourceExhaustion.ql" : { },
                            "C:\\Users\\Moham\\.codeql\\packages\\codeql\\javascript-queries\\2.4.3\\Security\\CWE-502\\UnsafeDeserialization.ql" : { },
                            "C:\\Users\\Moham\\.codeql\\packages\\codeql\\javascript-queries\\2.4.3\\Security\\CWE-598\\SensitiveGetQuery.ql" : { },
                            "C:\\Users\\Moham\\.codeql\\packages\\codeql\\javascript-queries\\2.4.3\\Security\\CWE-601\\ClientSideUrlRedirect.ql" : { },
                            "C:\\Users\\Moham\\.codeql\\packages\\codeql\\javascript-queries\\2.4.3\\Security\\CWE-601\\ServerSideUrlRedirect.ql" : { },
                            "C:\\Users\\Moham\\.codeql\\packages\\codeql\\javascript-queries\\2.4.3\\Security\\CWE-611\\Xxe.ql" : { },
                            "C:\\Users\\Moham\\.codeql\\packages\\codeql\\javascript-queries\\2.4.3\\Security\\CWE-614\\ClearTextCookie.ql" : { },
                            "C:\\Users\\Moham\\.codeql\\packages\\codeql\\javascript-queries\\2.4.3\\Security\\CWE-640\\HostHeaderPoisoningInEmailGeneration.ql" : { },
                            "C:\\Users\\Moham\\.codeql\\packages\\codeql\\javascript-queries\\2.4.3\\Security\\CWE-643\\XpathInjection.ql" : { },
                            "C:\\Users\\Moham\\.codeql\\packages\\codeql\\javascript-queries\\2.4.3\\Security\\CWE-693\\InsecureHelmet.ql" : { },
                            "C:\\Users\\Moham\\.codeql\\packages\\codeql\\javascript-queries\\2.4.3\\Security\\CWE-730\\RegExpInjection.ql" : { },
                            "C:\\Users\\Moham\\.codeql\\packages\\codeql\\javascript-queries\\2.4.3\\Security\\CWE-730\\ServerCrash.ql" : { },
                            "C:\\Users\\Moham\\.codeql\\packages\\codeql\\javascript-queries\\2.4.3\\Security\\CWE-754\\UnvalidatedDynamicMethodCall.ql" : { },
                            "C:\\Users\\Moham\\.codeql\\packages\\codeql\\javascript-queries\\2.4.3\\Security\\CWE-770\\MissingRateLimiting.ql" : { },
                            "C:\\Users\\Moham\\.codeql\\packages\\codeql\\javascript-queries\\2.4.3\\Security\\CWE-770\\ResourceExhaustion.ql" : { },
                            "C:\\Users\\Moham\\.codeql\\packages\\codeql\\javascript-queries\\2.4.3\\Security\\CWE-776\\XmlBomb.ql" : { },
                            "C:\\Users\\Moham\\.codeql\\packages\\codeql\\javascript-queries\\2.4.3\\Security\\CWE-829\\InsecureDownload.ql" : { },
                            "C:\\Users\\Moham\\.codeql\\packages\\codeql\\javascript-queries\\2.4.3\\Security\\CWE-830\\FunctionalityFromUntrustedDomain.ql" : { },
                            "C:\\Users\\Moham\\.codeql\\packages\\codeql\\javascript-queries\\2.4.3\\Security\\CWE-830\\FunctionalityFromUntrustedSource.ql" : { },
                            "C:\\Users\\Moham\\.codeql\\packages\\codeql\\javascript-queries\\2.4.3\\Security\\CWE-834\\LoopBoundInjection.ql" : { },
                            "C:\\Users\\Moham\\.codeql\\packages\\codeql\\javascript-queries\\2.4.3\\Security\\CWE-843\\TypeConfusionThroughParameterTampering.ql" : { },
                            "C:\\Users\\Moham\\.codeql\\packages\\codeql\\javascript-queries\\2.4.3\\Security\\CWE-915\\PrototypePollutingAssignment.ql" : { },
                            "C:\\Users\\Moham\\.codeql\\packages\\codeql\\javascript-queries\\2.4.3\\Security\\CWE-915\\PrototypePollutingFunction.ql" : { },
                            "C:\\Users\\Moham\\.codeql\\packages\\codeql\\javascript-queries\\2.4.3\\Security\\CWE-915\\PrototypePollutingMergeCall.ql" : { },
                            "C:\\Users\\Moham\\.codeql\\packages\\codeql\\javascript-queries\\2.4.3\\Security\\CWE-916\\InsufficientPasswordHash.ql" : { },
                            "C:\\Users\\Moham\\.codeql\\packages\\codeql\\javascript-queries\\2.4.3\\Security\\CWE-918\\RequestForgery.ql" : { },
                            "C:\\Users\\Moham\\.codeql\\packages\\codeql\\javascript-queries\\2.4.3\\Security\\CWE-942\\CorsPermissiveConfiguration.ql" : { },
                            "C:\\Users\\Moham\\.codeql\\packages\\codeql\\javascript-queries\\2.4.3\\Diagnostics\\ExtractedFiles.ql" : { },
                            "C:\\Users\\Moham\\.codeql\\packages\\codeql\\javascript-queries\\2.4.3\\Diagnostics\\ExtractionErrors.ql" : { },
                            "C:\\Users\\Moham\\.codeql\\packages\\codeql\\javascript-queries\\2.4.3\\Summary\\LinesOfCode.ql" : { },
                            "C:\\Users\\Moham\\.codeql\\packages\\codeql\\javascript-queries\\2.4.3\\Summary\\LinesOfUserCode.ql" : { }
                          }
                        },
                        "noDeclaredLanguage" : { },
                        "multipleDeclaredLanguages" : { }
                      }
[2026-08-14 14:45:02] [PROGRESS] database process-config> Not creating an internal extension pack because there are no internal extensions.
[2026-08-14 14:45:02] Plumbing command codeql database process-config completed:
                      {
                        "paths" : [ ],
                        "pathsIgnore" : [
                          "**/.git/**",
                          "**/.hg/**",
                          "**/.idea/**",
                          "**/.mypy_cache/**",
                          "**/.pytest_cache/**",
                          "**/.ruff_cache/**",
                          "**/.svn/**",
                          "**/.venv/**",
                          "**/.vscode/**",
                          "**/__pycache__/**",
                          "**/build/**",
                          "**/dist/**",
                          "**/node_modules/**",
                          "**/vendor/**",
                          "**/venv/**",
                          "**/reports/**",
                          ".secaudit",
                          ".secaudit/**",
                          ".secaudit_cache.json",
                          ".secaudit_cache.json/**",
                          "out",
                          "out/**",
                          "stitch_modern_syndic_management_saas",
                          "stitch_modern_syndic_management_saas/**"
                        ],
                        "originalLocation" : "C:\\Users\\Moham\\Downloads\\FINALCLI\\reports\\codeql_config.yml"
                      }
[2026-08-14 14:45:02] [PROGRESS] database init> Calculating baseline information in C:\Users\Moham\Downloads\syndique
[2026-08-14 14:45:02] [SPAMMY] database init> Ignoring the following directories when processing baseline information: .secaudit, .secaudit_cache.json, out, stitch_modern_syndic_management_saas, .git, .hg, .svn.
[2026-08-14 14:45:02] [DETAILS] database init> Running command in C:\Users\Moham\Downloads\syndique: C:\Users\Moham\Tools\codeql-cli\codeql\tools\win64\scc.exe --by-file --exclude-dir .secaudit,.secaudit_cache.json,out,stitch_modern_syndic_management_saas,.git,.hg,.svn --format json --no-large --no-min .
[2026-08-14 14:45:04] Using configure-baseline script C:\Users\Moham\Tools\codeql-cli\codeql\javascript\tools\configure-baseline.cmd.
[2026-08-14 14:45:04] [PROGRESS] database init> Running command in C:\Users\Moham\Downloads\syndique: [C:\Users\Moham\Tools\codeql-cli\codeql\javascript\tools\configure-baseline.cmd]
[2026-08-14 14:45:04] [SPAMMY] database init> Found 79 baseline files for javascript.
[2026-08-14 14:45:04] [PROGRESS] database init> Calculated baseline information for languages: javascript (1.6s).
[2026-08-14 14:45:04] [SPAMMY] database init> Selected JGit Git client for C:\Users\Moham\Downloads\syndique because the repository uses SHA-1 object format.
[2026-08-14 14:45:04] [PROGRESS] database init> Resolving extractor javascript.
[2026-08-14 14:45:04] [DETAILS] database init> Found candidate extractor root for javascript: C:\Users\Moham\Tools\codeql-cli\codeql\javascript.
[2026-08-14 14:45:04] [PROGRESS] database init> Successfully loaded extractor JavaScript/TypeScript (javascript) from C:\Users\Moham\Tools\codeql-cli\codeql\javascript.
[2026-08-14 14:45:05] [PROGRESS] database init> Created skeleton CodeQL database at C:\Users\Moham\Downloads\FINALCLI\reports\codeql-db-javascript. This in-progress database is ready to be populated by an extractor.
[2026-08-14 14:45:05] Plumbing command codeql database init completed.
[2026-08-14 14:45:05] [PROGRESS] database create> Running build command: []
[2026-08-14 14:45:05] Running plumbing command: codeql database trace-command --working-dir=C:\Users\Moham\Downloads\syndique --index-traceless-dbs --no-db-cluster -- C:\Users\Moham\Downloads\FINALCLI\reports\codeql-db-javascript
[2026-08-14 14:45:05] Using autobuild script C:\Users\Moham\Tools\codeql-cli\codeql\javascript\tools\autobuild.cmd.
[2026-08-14 14:45:05] [PROGRESS] database trace-command> Running command in C:\Users\Moham\Downloads\syndique: [C:\Users\Moham\Tools\codeql-cli\codeql\javascript\tools\autobuild.cmd]
[2026-08-14 14:45:05] [build-stdout] Single-threaded extraction.
[2026-08-14 14:45:17] [build-stdout] #
[2026-08-14 14:45:17] [build-stdout] # There is insufficient memory for the Java Runtime Environment to continue.
[2026-08-14 14:45:17] [build-stdout] # Native memory allocation (malloc) failed to allocate 360176 bytes. Error detail: Chunk::new
[2026-08-14 14:45:17] [build-stdout] # An error report file with more information is saved as:
[2026-08-14 14:45:17] [build-stdout] # C:\Users\Moham\Downloads\syndique\hs_err_pid9804.log
[2026-08-14 14:45:17] [build-stdout] #
[2026-08-14 14:45:17] [build-stdout] # Compiler replay data is saved as:
[2026-08-14 14:45:17] [build-stdout] # C:\Users\Moham\Downloads\syndique\replay_pid9804.log
[2026-08-14 14:45:17] [ERROR] Spawned process exited abnormally (code 1; tried to run: [C:\Users\Moham\Tools\codeql-cli\codeql\tools\win64\runner.exe, cmd.exe, /C, type, NUL, &&, C:\Users\Moham\Tools\codeql-cli\codeql\javascript\tools\autobuild.cmd])
[2026-08-14 14:45:17] Exception caught at top level: Exit status 1 from command: [C:\Users\Moham\Tools\codeql-cli\codeql\tools\win64\runner.exe, cmd.exe, /C, type, NUL, &&, C:\Users\Moham\Tools\codeql-cli\codeql\javascript\tools\autobuild.cmd]
                      com.semmle.cli2.Commandline.executeAndCheckResult(Commandline.java:170)
                      com.semmle.cli2.Commandline.runWithoutReturn(Commandline.java:123)
                      com.semmle.cli2.database.DatabaseProcessCommandCommon.executeSubcommand(DatabaseProcessCommandCommon.java:228)
                      com.semmle.cli2.database.TraceCommandCommand.executeSubcommand(TraceCommandCommand.java:126)
                      com.semmle.cli2.picocli.SubcommandCommon.lambda$executeSubcommandWithMessages$5(SubcommandCommon.java:886)
                      com.semmle.cli2.picocli.SubcommandCommon.withCompilationMessages(SubcommandCommon.java:444)
                      com.semmle.cli2.picocli.SubcommandCommon.executeSubcommandWithMessages(SubcommandCommon.java:884)
                      com.semmle.cli2.picocli.PlumbingRunner.run(PlumbingRunner.java:123)
                      com.semmle.cli2.picocli.SubcommandCommon.runPlumbingInProcess(SubcommandCommon.java:201)
                      com.semmle.cli2.database.CreateCommand.executeSubcommand(CreateCommand.java:189)
                      com.semmle.cli2.picocli.SubcommandCommon.lambda$executeSubcommandWithMessages$5(SubcommandCommon.java:886)
                      com.semmle.cli2.picocli.SubcommandCommon.withCompilationMessages(SubcommandCommon.java:444)
                      com.semmle.cli2.picocli.SubcommandCommon.executeSubcommandWithMessages(SubcommandCommon.java:884)
                      com.semmle.cli2.picocli.SubcommandCommon.toplevelMain(SubcommandCommon.java:777)
                      com.semmle.cli2.picocli.SubcommandCommon.call(SubcommandCommon.java:757)
                      com.semmle.cli2.picocli.SubcommandMaker.runMain(SubcommandMaker.java:238)
                      com.semmle.cli2.picocli.SubcommandMaker.runMain(SubcommandMaker.java:259)
                      com.semmle.cli2.CodeQL.main(CodeQL.java:113)
